DATAFLOW,Q,F,UNIT,FREQ,TIME_PERIOD,OBS_VALUE,MULT,OBS_STATUS,DECIMALS
CH1.COU:DF_COU_HEALTH_FINANCING(1.0.0),Q_5,_T,CHF,A,1995,2200.364,6,A,3
CH1.COU:DF_COU_HEALTH_FINANCING(1.0.0),Q_5,_T,CHF,A,1996,2218.208,6,A,3
CH1.COU:DF_COU_HEALTH_FINANCING(1.0.0),Q_5,_T,CHF,A,1997,2322.902,6,A,3
CH1.COU:DF_COU_HEALTH_FINANCING(1.0.0),Q_5,_T,CHF,A,1998,2479.7,6,A,3
CH1.COU:DF_COU_HEALTH_FINANCING(1.0.0),Q_5,_T,CHF,A,1999,2622.84,6,A,3
CH1.COU:DF_COU_HEALTH_FINANCING(1.0.0),Q_5,_T,CHF,A,2000,2704.647,6,A,3
CH1.COU:DF_COU_HEALTH_FINANCING(1.0.0),Q_5,_T,CHF,A,2001,2827.97,6,A,3
CH1.COU:DF_COU_HEALTH_FINANCING(1.0.0),Q_5,_T,CHF,A,2002,2829.96,6,A,3
CH1.COU:DF_COU_HEALTH_FINANCING(1.0.0),Q_5,_T,CHF,A,2003,2975.398,6,A,3
CH1.COU:DF_COU_HEALTH_FINANCING(1.0.0),Q_5,_T,CHF,A,2004,3088.722,6,A,3
CH1.COU:DF_COU_HEALTH_FINANCING(1.0.0),Q_5,_T,CHF,A,2005,3157.679,6,A,3
CH1.COU:DF_COU_HEALTH_FINANCING(1.0.0),Q_5,_T,CHF,A,2006,3130.597,6,A,3
CH1.COU:DF_COU_HEALTH_FINANCING(1.0.0),Q_5,_T,CHF,A,2007,3152.97,6,A,3
CH1.COU:DF_COU_HEALTH_FINANCING(1.0.0),Q_5,_T,CHF,A,2008,3173.81,6,A,3
CH1.COU:DF_COU_HEALTH_FINANCING(1.0.0),Q_5,_T,CHF,A,2009,3648.349,6,A,3
CH1.COU:DF_COU_HEALTH_FINANCING(1.0.0),Q_5,_T,CHF,A,2010,3334.607,6,A,3
CH1.COU:DF_COU_HEALTH_FINANCING(1.0.0),Q_5,_T,CHF,A,2011,3246.954,6,A,3
CH1.COU:DF_COU_HEALTH_FINANCING(1.0.0),Q_5,_T,CHF,A,2012,3340.462,6,A,3
CH1.COU:DF_COU_HEALTH_FINANCING(1.0.0),Q_5,_T,CHF,A,2013,3755.755,6,A,3
CH1.COU:DF_COU_HEALTH_FINANCING(1.0.0),Q_5,_T,CHF,A,2014,3773.454,6,A,3
CH1.COU:DF_COU_HEALTH_FINANCING(1.0.0),Q_5,_T,CHF,A,2015,3904.288,6,A,3
CH1.COU:DF_COU_HEALTH_FINANCING(1.0.0),Q_5,_T,CHF,A,2016,3999.339,6,A,3
CH1.COU:DF_COU_HEALTH_FINANCING(1.0.0),Q_5,_T,CHF,A,2017,3986.246,6,A,3
CH1.COU:DF_COU_HEALTH_FINANCING(1.0.0),Q_5,_T,CHF,A,2018,4261.559,6,A,3
CH1.COU:DF_COU_HEALTH_FINANCING(1.0.0),Q_5,_T,CHF,A,2019,4492.829,6,A,3
CH1.COU:DF_COU_HEALTH_FINANCING(1.0.0),Q_5,_T,CHF,A,2020,4782.048,6,A,3
CH1.COU:DF_COU_HEALTH_FINANCING(1.0.0),Q_5,_T,CHF,A,2021,4634.014,6,A,3
CH1.COU:DF_COU_HEALTH_FINANCING(1.0.0),Q_5,_T,CHF,A,2022,4786.889,6,A,3
CH1.COU:DF_COU_HEALTH_FINANCING(1.0.0),Q_5,_T,CHF,A,2023,5137.706,6,A,3
CH1.COU:DF_COU_HEALTH_FINANCING(1.0.0),Q_5,_T,CHF,A,2024,4977.829,6,P,3
CH1.COU:DF_COU_HEALTH_FINANCING(1.0.0),Q_6,F_5,CHF,A,1995,693.676,6,A,3
CH1.COU:DF_COU_HEALTH_FINANCING(1.0.0),Q_6,F_5,CHF,A,1996,532.719,6,A,3
CH1.COU:DF_COU_HEALTH_FINANCING(1.0.0),Q_6,F_5,CHF,A,1997,664.759,6,A,3
CH1.COU:DF_COU_HEALTH_FINANCING(1.0.0),Q_6,F_5,CHF,A,1998,708.93,6,A,3
CH1.COU:DF_COU_HEALTH_FINANCING(1.0.0),Q_6,F_5,CHF,A,1999,839.224,6,A,3
CH1.COU:DF_COU_HEALTH_FINANCING(1.0.0),Q_6,F_5,CHF,A,2000,811.592,6,A,3
CH1.COU:DF_COU_HEALTH_FINANCING(1.0.0),Q_6,F_5,CHF,A,2001,823.64,6,A,3
CH1.COU:DF_COU_HEALTH_FINANCING(1.0.0),Q_6,F_5,CHF,A,2002,812.852,6,A,3
CH1.COU:DF_COU_HEALTH_FINANCING(1.0.0),Q_6,F_5,CHF,A,2003,743.754,6,A,3
CH1.COU:DF_COU_HEALTH_FINANCING(1.0.0),Q_6,F_5,CHF,A,2004,816.079,6,A,3
CH1.COU:DF_COU_HEALTH_FINANCING(1.0.0),Q_6,F_5,CHF,A,2005,317.26,6,A,3
CH1.COU:DF_COU_HEALTH_FINANCING(1.0.0),Q_6,F_5,CHF,A,2006,497.961,6,A,3
CH1.COU:DF_COU_HEALTH_FINANCING(1.0.0),Q_6,F_5,CHF,A,2007,419.723,6,A,3
CH1.COU:DF_COU_HEALTH_FINANCING(1.0.0),Q_6,F_5,CHF,A,2008,384.947,6,A,3
CH1.COU:DF_COU_HEALTH_FINANCING(1.0.0),Q_6,F_5,CHF,A,2009,417.58,6,A,3
CH1.COU:DF_COU_HEALTH_FINANCING(1.0.0),Q_6,F_5,CHF,A,2010,382.516,6,A,3
CH1.COU:DF_COU_HEALTH_FINANCING(1.0.0),Q_6,F_5,CHF,A,2011,593.953,6,A,3
CH1.COU:DF_COU_HEALTH_FINANCING(1.0.0),Q_6,F_5,CHF,A,2012,837.551,6,A,3
CH1.COU:DF_COU_HEALTH_FINANCING(1.0.0),Q_6,F_5,CHF,A,2013,720.963,6,A,3
CH1.COU:DF_COU_HEALTH_FINANCING(1.0.0),Q_6,F_5,CHF,A,2014,1086.395,6,A,3
CH1.COU:DF_COU_HEALTH_FINANCING(1.0.0),Q_6,F_5,CHF,A,2015,984.35,6,A,3
CH1.COU:DF_COU_HEALTH_FINANCING(1.0.0),Q_6,F_5,CHF,A,2016,1263.102,6,A,3
CH1.COU:DF_COU_HEALTH_FINANCING(1.0.0),Q_6,F_5,CHF,A,2017,1137.014,6,A,3
CH1.COU:DF_COU_HEALTH_FINANCING(1.0.0),Q_6,F_5,CHF,A,2018,1633.165,6,A,3
CH1.COU:DF_COU_HEALTH_FINANCING(1.0.0),Q_6,F_5,CHF,A,2019,1159.985,6,A,3
CH1.COU:DF_COU_HEALTH_FINANCING(1.0.0),Q_6,F_5,CHF,A,2020,773.93,6,A,3
CH1.COU:DF_COU_HEALTH_FINANCING(1.0.0),Q_6,F_5,CHF,A,2021,1597.311,6,A,3
CH1.COU:DF_COU_HEALTH_FINANCING(1.0.0),Q_6,F_5,CHF,A,2022,1366.638,6,A,3
CH1.COU:DF_COU_HEALTH_FINANCING(1.0.0),Q_6,F_5,CHF,A,2023,1329.44,6,A,3
CH1.COU:DF_COU_HEALTH_FINANCING(1.0.0),Q_6,F_5,CHF,A,2024,1585.019,6,P,3
CH1.COU:DF_COU_HEALTH_FINANCING(1.0.0),Q_6,F_5,CHF_R_POP_R_MH,A,1995,8.21,0,A,3
CH1.COU:DF_COU_HEALTH_FINANCING(1.0.0),Q_6,F_5,CHF_R_POP_R_MH,A,1996,6.277,0,A,3
CH1.COU:DF_COU_HEALTH_FINANCING(1.0.0),Q_6,F_5,CHF_R_POP_R_MH,A,1997,7.815,0,A,3
CH1.COU:DF_COU_HEALTH_FINANCING(1.0.0),Q_6,F_5,CHF_R_POP_R_MH,A,1998,8.309,0,A,3
CH1.COU:DF_COU_HEALTH_FINANCING(1.0.0),Q_6,F_5,CHF_R_POP_R_MH,A,1999,9.789,0,A,3
CH1.COU:DF_COU_HEALTH_FINANCING(1.0.0),Q_6,F_5,CHF_R_POP_R_MH,A,2000,9.414,0,A,3
CH1.COU:DF_COU_HEALTH_FINANCING(1.0.0),Q_6,F_5,CHF_R_POP_R_MH,A,2001,9.498,0,A,3
CH1.COU:DF_COU_HEALTH_FINANCING(1.0.0),Q_6,F_5,CHF_R_POP_R_MH,A,2002,9.299,0,A,3
CH1.COU:DF_COU_HEALTH_FINANCING(1.0.0),Q_6,F_5,CHF_R_POP_R_MH,A,2003,8.445,0,A,3
CH1.COU:DF_COU_HEALTH_FINANCING(1.0.0),Q_6,F_5,CHF_R_POP_R_MH,A,2004,9.203,0,A,3
CH1.COU:DF_COU_HEALTH_FINANCING(1.0.0),Q_6,F_5,CHF_R_POP_R_MH,A,2005,3.555,0,A,3
CH1.COU:DF_COU_HEALTH_FINANCING(1.0.0),Q_6,F_5,CHF_R_POP_R_MH,A,2006,5.545,0,A,3
CH1.COU:DF_COU_HEALTH_FINANCING(1.0.0),Q_6,F_5,CHF_R_POP_R_MH,A,2007,4.632,0,A,3
CH1.COU:DF_COU_HEALTH_FINANCING(1.0.0),Q_6,F_5,CHF_R_POP_R_MH,A,2008,4.195,0,A,3
CH1.COU:DF_COU_HEALTH_FINANCING(1.0.0),Q_6,F_5,CHF_R_POP_R_MH,A,2009,4.494,0,A,3
CH1.COU:DF_COU_HEALTH_FINANCING(1.0.0),Q_6,F_5,CHF_R_POP_R_MH,A,2010,4.074,0,A,3
CH1.COU:DF_COU_HEALTH_FINANCING(1.0.0),Q_6,F_5,CHF_R_POP_R_MH,A,2011,6.256,0,A,3
CH1.COU:DF_COU_HEALTH_FINANCING(1.0.0),Q_6,F_5,CHF_R_POP_R_MH,A,2012,8.728,0,A,3
CH1.COU:DF_COU_HEALTH_FINANCING(1.0.0),Q_6,F_5,CHF_R_POP_R_MH,A,2013,7.427,0,A,3
CH1.COU:DF_COU_HEALTH_FINANCING(1.0.0),Q_6,F_5,CHF_R_POP_R_MH,A,2014,11.056,0,A,3
CH1.COU:DF_COU_HEALTH_FINANCING(1.0.0),Q_6,F_5,CHF_R_POP_R_MH,A,2015,9.904,0,A,3
CH1.COU:DF_COU_HEALTH_FINANCING(1.0.0),Q_6,F_5,CHF_R_POP_R_MH,A,2016,12.571,0,A,3
CH1.COU:DF_COU_HEALTH_FINANCING(1.0.0),Q_6,F_5,CHF_R_POP_R_MH,A,2017,11.211,0,A,3
CH1.COU:DF_COU_HEALTH_FINANCING(1.0.0),Q_6,F_5,CHF_R_POP_R_MH,A,2018,15.984,0,A,3
CH1.COU:DF_COU_HEALTH_FINANCING(1.0.0),Q_6,F_5,CHF_R_POP_R_MH,A,2019,11.273,0,A,3
CH1.COU:DF_COU_HEALTH_FINANCING(1.0.0),Q_6,F_5,CHF_R_POP_R_MH,A,2020,7.466,0,A,3
CH1.COU:DF_COU_HEALTH_FINANCING(1.0.0),Q_6,F_5,CHF_R_POP_R_MH,A,2021,15.292,0,A,3
CH1.COU:DF_COU_HEALTH_FINANCING(1.0.0),Q_6,F_5,CHF_R_POP_R_MH,A,2022,12.975,0,A,3
CH1.COU:DF_COU_HEALTH_FINANCING(1.0.0),Q_6,F_5,CHF_R_POP_R_MH,A,2023,12.464,0,A,3
CH1.COU:DF_COU_HEALTH_FINANCING(1.0.0),Q_6,F_5,CHF_R_POP_R_MH,A,2024,14.665,0,P,3
CH1.COU:DF_COU_HEALTH_FINANCING(1.0.0),_T,F_2_2,CHF,A,1995,484.806,6,A,3
CH1.COU:DF_COU_HEALTH_FINANCING(1.0.0),_T,F_2_2,CHF,A,1996,521.08,6,A,3
CH1.COU:DF_COU_HEALTH_FINANCING(1.0.0),_T,F_2_2,CHF,A,1997,562.486,6,A,3
CH1.COU:DF_COU_HEALTH_FINANCING(1.0.0),_T,F_2_2,CHF,A,1998,565.025,6,A,3
CH1.COU:DF_COU_HEALTH_FINANCING(1.0.0),_T,F_2_2,CHF,A,1999,580.481,6,A,3
CH1.COU:DF_COU_HEALTH_FINANCING(1.0.0),_T,F_2_2,CHF,A,2000,585.729,6,A,3
CH1.COU:DF_COU_HEALTH_FINANCING(1.0.0),_T,F_2_2,CHF,A,2001,626.185,6,A,3
CH1.COU:DF_COU_HEALTH_FINANCING(1.0.0),_T,F_2_2,CHF,A,2002,643.619,6,A,3
CH1.COU:DF_COU_HEALTH_FINANCING(1.0.0),_T,F_2_2,CHF,A,2003,684.637,6,A,3
CH1.COU:DF_COU_HEALTH_FINANCING(1.0.0),_T,F_2_2,CHF,A,2004,691.206,6,A,3
CH1.COU:DF_COU_HEALTH_FINANCING(1.0.0),_T,F_2_2,CHF,A,2005,723.726,6,A,3
CH1.COU:DF_COU_HEALTH_FINANCING(1.0.0),_T,F_2_2,CHF,A,2006,729.519,6,A,3
CH1.COU:DF_COU_HEALTH_FINANCING(1.0.0),_T,F_2_2,CHF,A,2007,753.213,6,A,3
CH1.COU:DF_COU_HEALTH_FINANCING(1.0.0),_T,F_2_2,CHF,A,2008,580.291,6,A,3
CH1.COU:DF_COU_HEALTH_FINANCING(1.0.0),_T,F_2_2,CHF,A,2009,603.144,6,A,3
CH1.COU:DF_COU_HEALTH_FINANCING(1.0.0),_T,F_2_2,CHF,A,2010,581.516,6,A,3
CH1.COU:DF_COU_HEALTH_FINANCING(1.0.0),_T,F_2_2,CHF,A,2011,624.487,6,A,3
CH1.COU:DF_COU_HEALTH_FINANCING(1.0.0),_T,F_2_2,CHF,A,2012,621.4,6,A,3
CH1.COU:DF_COU_HEALTH_FINANCING(1.0.0),_T,F_2_2,CHF,A,2013,616.183,6,A,3
CH1.COU:DF_COU_HEALTH_FINANCING(1.0.0),_T,F_2_2,CHF,A,2014,625.586,6,A,3
CH1.COU:DF_COU_HEALTH_FINANCING(1.0.0),_T,F_2_2,CHF,A,2015,638.816,6,A,3
CH1.COU:DF_COU_HEALTH_FINANCING(1.0.0),_T,F_2_2,CHF,A,2016,655.96,6,A,3
CH1.COU:DF_COU_HEALTH_FINANCING(1.0.0),_T,F_2_2,CHF,A,2017,673.857,6,A,3
CH1.COU:DF_COU_HEALTH_FINANCING(1.0.0),_T,F_2_2,CHF,A,2018,684.198,6,A,3
CH1.COU:DF_COU_HEALTH_FINANCING(1.0.0),_T,F_2_2,CHF,A,2019,728.505,6,A,3
CH1.COU:DF_COU_HEALTH_FINANCING(1.0.0),_T,F_2_2,CHF,A,2020,727.304,6,A,3
CH1.COU:DF_COU_HEALTH_FINANCING(1.0.0),_T,F_2_2,CHF,A,2021,719.673,6,A,3
CH1.COU:DF_COU_HEALTH_FINANCING(1.0.0),_T,F_2_2,CHF,A,2022,718.608,6,A,3
CH1.COU:DF_COU_HEALTH_FINANCING(1.0.0),_T,F_2_2,CHF,A,2023,789.825,6,A,3
CH1.COU:DF_COU_HEALTH_FINANCING(1.0.0),_T,F_2_2,CHF,A,2024,835.197,6,P,3
CH1.COU:DF_COU_HEALTH_FINANCING(1.0.0),_T,F_3,CHF_R_POP_R_MH,A,1995,58.481,0,A,3
CH1.COU:DF_COU_HEALTH_FINANCING(1.0.0),_T,F_3,CHF_R_POP_R_MH,A,1996,60.831,0,A,3
CH1.COU:DF_COU_HEALTH_FINANCING(1.0.0),_T,F_3,CHF_R_POP_R_MH,A,1997,58.625,0,A,3
CH1.COU:DF_COU_HEALTH_FINANCING(1.0.0),_T,F_3,CHF_R_POP_R_MH,A,1998,60.197,0,A,3
CH1.COU:DF_COU_HEALTH_FINANCING(1.0.0),_T,F_3,CHF_R_POP_R_MH,A,1999,58.356,0,A,3
CH1.COU:DF_COU_HEALTH_FINANCING(1.0.0),_T,F_3,CHF_R_POP_R_MH,A,2000,60.444,0,A,3
CH1.COU:DF_COU_HEALTH_FINANCING(1.0.0),_T,F_3,CHF_R_POP_R_MH,A,2001,61.844,0,A,3
CH1.COU:DF_COU_HEALTH_FINANCING(1.0.0),_T,F_3,CHF_R_POP_R_MH,A,2002,60.703,0,A,3
CH1.COU:DF_COU_HEALTH_FINANCING(1.0.0),_T,F_3,CHF_R_POP_R_MH,A,2003,61.017,0,A,3
CH1.COU:DF_COU_HEALTH_FINANCING(1.0.0),_T,F_3,CHF_R_POP_R_MH,A,2004,62.464,0,A,3
CH1.COU:DF_COU_HEALTH_FINANCING(1.0.0),_T,F_3,CHF_R_POP_R_MH,A,2005,64.426,0,A,3
CH1.COU:DF_COU_HEALTH_FINANCING(1.0.0),_T,F_3,CHF_R_POP_R_MH,A,2006,67.348,0,A,3
CH1.COU:DF_COU_HEALTH_FINANCING(1.0.0),_T,F_3,CHF_R_POP_R_MH,A,2007,70.232,0,A,3
CH1.COU:DF_COU_HEALTH_FINANCING(1.0.0),_T,F_3,CHF_R_POP_R_MH,A,2008,70.97,0,A,3
CH1.COU:DF_COU_HEALTH_FINANCING(1.0.0),_T,F_3,CHF_R_POP_R_MH,A,2009,71.668,0,A,3
CH1.COU:DF_COU_HEALTH_FINANCING(1.0.0),_T,F_3,CHF_R_POP_R_MH,A,2010,76.33,0,A,3
CH1.COU:DF_COU_HEALTH_FINANCING(1.0.0),_T,F_3,CHF_R_POP_R_MH,A,2011,78.303,0,A,3
CH1.COU:DF_COU_HEALTH_FINANCING(1.0.0),_T,F_3,CHF_R_POP_R_MH,A,2012,78.649,0,A,3
CH1.COU:DF_COU_HEALTH_FINANCING(1.0.0),_T,F_3,CHF_R_POP_R_MH,A,2013,82.176,0,A,3
CH1.COU:DF_COU_HEALTH_FINANCING(1.0.0),_T,F_3,CHF_R_POP_R_MH,A,2014,78.811,0,A,3
CH1.COU:DF_COU_HEALTH_FINANCING(1.0.0),_T,F_3,CHF_R_POP_R_MH,A,2015,79.909,0,A,3
CH1.COU:DF_COU_HEALTH_FINANCING(1.0.0),_T,F_3,CHF_R_POP_R_MH,A,2016,80.479,0,A,3
CH1.COU:DF_COU_HEALTH_FINANCING(1.0.0),_T,F_3,CHF_R_POP_R_MH,A,2017,81.82,0,A,3
CH1.COU:DF_COU_HEALTH_FINANCING(1.0.0),_T,F_3,CHF_R_POP_R_MH,A,2018,84.112,0,A,3
CH1.COU:DF_COU_HEALTH_FINANCING(1.0.0),_T,F_3,CHF_R_POP_R_MH,A,2019,81.906,0,A,3
CH1.COU:DF_COU_HEALTH_FINANCING(1.0.0),_T,F_3,CHF_R_POP_R_MH,A,2020,86.44,0,A,3
CH1.COU:DF_COU_HEALTH_FINANCING(1.0.0),_T,F_3,CHF_R_POP_R_MH,A,2021,85.142,0,A,3
CH1.COU:DF_COU_HEALTH_FINANCING(1.0.0),_T,F_3,CHF_R_POP_R_MH,A,2022,86.735,0,A,3
CH1.COU:DF_COU_HEALTH_FINANCING(1.0.0),_T,F_3,CHF_R_POP_R_MH,A,2023,87.839,0,A,3
CH1.COU:DF_COU_HEALTH_FINANCING(1.0.0),_T,F_3,CHF_R_POP_R_MH,A,2024,85.447,0,P,3
CH1.COU:DF_COU_HEALTH_FINANCING(1.0.0),Q_1,F_1_1,CHF,A,1995,182.847,6,A,3
CH1.COU:DF_COU_HEALTH_FINANCING(1.0.0),Q_1,F_1_1,CHF,A,1996,177.393,6,A,3
CH1.COU:DF_COU_HEALTH_FINANCING(1.0.0),Q_1,F_1_1,CHF,A,1997,163.877,6,A,3
CH1.COU:DF_COU_HEALTH_FINANCING(1.0.0),Q_1,F_1_1,CHF,A,1998,163.003,6,A,3
CH1.COU:DF_COU_HEALTH_FINANCING(1.0.0),Q_1,F_1_1,CHF,A,1999,176.591,6,A,3
CH1.COU:DF_COU_HEALTH_FINANCING(1.0.0),Q_1,F_1_1,CHF,A,2000,200.916,6,A,3
CH1.COU:DF_COU_HEALTH_FINANCING(1.0.0),Q_1,F_1_1,CHF,A,2001,222.32,6,A,3
CH1.COU:DF_COU_HEALTH_FINANCING(1.0.0),Q_1,F_1_1,CHF,A,2002,314.003,6,A,3
CH1.COU:DF_COU_HEALTH_FINANCING(1.0.0),Q_1,F_1_1,CHF,A,2003,232.988,6,A,3
CH1.COU:DF_COU_HEALTH_FINANCING(1.0.0),Q_1,F_1_1,CHF,A,2004,231.929,6,A,3
CH1.COU:DF_COU_HEALTH_FINANCING(1.0.0),Q_1,F_1_1,CHF,A,2005,217.092,6,A,3
CH1.COU:DF_COU_HEALTH_FINANCING(1.0.0),Q_1,F_1_1,CHF,A,2006,213.344,6,A,3
CH1.COU:DF_COU_HEALTH_FINANCING(1.0.0),Q_1,F_1_1,CHF,A,2007,282.73,6,A,3
CH1.COU:DF_COU_HEALTH_FINANCING(1.0.0),Q_1,F_1_1,CHF,A,2008,298.517,6,A,3
CH1.COU:DF_COU_HEALTH_FINANCING(1.0.0),Q_1,F_1_1,CHF,A,2009,363.194,6,A,3
CH1.COU:DF_COU_HEALTH_FINANCING(1.0.0),Q_1,F_1_1,CHF,A,2010,263.039,6,A,3
CH1.COU:DF_COU_HEALTH_FINANCING(1.0.0),Q_1,F_1_1,CHF,A,2011,232.285,6,A,3
CH1.COU:DF_COU_HEALTH_FINANCING(1.0.0),Q_1,F_1_1,CHF,A,2012,246.493,6,A,3
CH1.COU:DF_COU_HEALTH_FINANCING(1.0.0),Q_1,F_1_1,CHF,A,2013,245.918,6,A,3
CH1.COU:DF_COU_HEALTH_FINANCING(1.0.0),Q_1,F_1_1,CHF,A,2014,228.164,6,A,3
CH1.COU:DF_COU_HEALTH_FINANCING(1.0.0),Q_1,F_1_1,CHF,A,2015,222.243,6,A,3
CH1.COU:DF_COU_HEALTH_FINANCING(1.0.0),Q_1,F_1_1,CHF,A,2016,234.843,6,A,3
CH1.COU:DF_COU_HEALTH_FINANCING(1.0.0),Q_1,F_1_1,CHF,A,2017,271.606,6,A,3
CH1.COU:DF_COU_HEALTH_FINANCING(1.0.0),Q_1,F_1_1,CHF,A,2018,184.278,6,A,3
CH1.COU:DF_COU_HEALTH_FINANCING(1.0.0),Q_1,F_1_1,CHF,A,2019,176.881,6,A,3
CH1.COU:DF_COU_HEALTH_FINANCING(1.0.0),Q_1,F_1_1,CHF,A,2020,1026.241,6,A,3
CH1.COU:DF_COU_HEALTH_FINANCING(1.0.0),Q_1,F_1_1,CHF,A,2021,2148.346,6,A,3
CH1.COU:DF_COU_HEALTH_FINANCING(1.0.0),Q_1,F_1_1,CHF,A,2022,2076.358,6,A,3
CH1.COU:DF_COU_HEALTH_FINANCING(1.0.0),Q_1,F_1_1,CHF,A,2023,397.708,6,A,3
CH1.COU:DF_COU_HEALTH_FINANCING(1.0.0),Q_1,F_1_1,CHF,A,2024,203.443,6,P,3
CH1.COU:DF_COU_HEALTH_FINANCING(1.0.0),Q_1,F_2_3,CHF_R_POP_R_MH,A,1995,8.138,0,A,3
CH1.COU:DF_COU_HEALTH_FINANCING(1.0.0),Q_1,F_2_3,CHF_R_POP_R_MH,A,1996,8.87,0,A,3
CH1.COU:DF_COU_HEALTH_FINANCING(1.0.0),Q_1,F_2_3,CHF_R_POP_R_MH,A,1997,9.319,0,A,3
CH1.COU:DF_COU_HEALTH_FINANCING(1.0.0),Q_1,F_2_3,CHF_R_POP_R_MH,A,1998,9.474,0,A,3
CH1.COU:DF_COU_HEALTH_FINANCING(1.0.0),Q_1,F_2_3,CHF_R_POP_R_MH,A,1999,9.652,0,A,3
CH1.COU:DF_COU_HEALTH_FINANCING(1.0.0),Q_1,F_2_3,CHF_R_POP_R_MH,A,2000,10.079,0,A,3
CH1.COU:DF_COU_HEALTH_FINANCING(1.0.0),Q_1,F_2_3,CHF_R_POP_R_MH,A,2001,10.759,0,A,3
CH1.COU:DF_COU_HEALTH_FINANCING(1.0.0),Q_1,F_2_3,CHF_R_POP_R_MH,A,2002,11.154,0,A,3
CH1.COU:DF_COU_HEALTH_FINANCING(1.0.0),Q_1,F_2_3,CHF_R_POP_R_MH,A,2003,11.541,0,A,3
CH1.COU:DF_COU_HEALTH_FINANCING(1.0.0),Q_1,F_2_3,CHF_R_POP_R_MH,A,2004,14.064,0,A,3
CH1.COU:DF_COU_HEALTH_FINANCING(1.0.0),Q_1,F_2_3,CHF_R_POP_R_MH,A,2005,15.134,0,A,3
CH1.COU:DF_COU_HEALTH_FINANCING(1.0.0),Q_1,F_2_3,CHF_R_POP_R_MH,A,2006,14.54,0,A,3
CH1.COU:DF_COU_HEALTH_FINANCING(1.0.0),Q_1,F_2_3,CHF_R_POP_R_MH,A,2007,15.759,0,A,3
CH1.COU:DF_COU_HEALTH_FINANCING(1.0.0),Q_1,F_2_3,CHF_R_POP_R_MH,A,2008,10.919,0,A,3
CH1.COU:DF_COU_HEALTH_FINANCING(1.0.0),Q_1,F_2_3,CHF_R_POP_R_MH,A,2009,8.71,0,A,3
CH1.COU:DF_COU_HEALTH_FINANCING(1.0.0),Q_1,F_2_3,CHF_R_POP_R_MH,A,2010,7.378,0,A,3
CH1.COU:DF_COU_HEALTH_FINANCING(1.0.0),Q_1,F_2_3,CHF_R_POP_R_MH,A,2011,8.235,0,A,3
CH1.COU:DF_COU_HEALTH_FINANCING(1.0.0),Q_1,F_2_3,CHF_R_POP_R_MH,A,2012,7.739,0,A,3
CH1.COU:DF_COU_HEALTH_FINANCING(1.0.0),Q_1,F_2_3,CHF_R_POP_R_MH,A,2013,7.929,0,A,3
CH1.COU:DF_COU_HEALTH_FINANCING(1.0.0),Q_1,F_2_3,CHF_R_POP_R_MH,A,2014,7.795,0,A,3
CH1.COU:DF_COU_HEALTH_FINANCING(1.0.0),Q_1,F_2_3,CHF_R_POP_R_MH,A,2015,8.172,0,A,3
CH1.COU:DF_COU_HEALTH_FINANCING(1.0.0),Q_1,F_2_3,CHF_R_POP_R_MH,A,2016,7.949,0,A,3
CH1.COU:DF_COU_HEALTH_FINANCING(1.0.0),Q_1,F_2_3,CHF_R_POP_R_MH,A,2017,7.939,0,A,3
CH1.COU:DF_COU_HEALTH_FINANCING(1.0.0),Q_1,F_2_3,CHF_R_POP_R_MH,A,2018,7.475,0,A,3
CH1.COU:DF_COU_HEALTH_FINANCING(1.0.0),Q_1,F_2_3,CHF_R_POP_R_MH,A,2019,7.183,0,A,3
CH1.COU:DF_COU_HEALTH_FINANCING(1.0.0),Q_1,F_2_3,CHF_R_POP_R_MH,A,2020,7.48,0,A,3
CH1.COU:DF_COU_HEALTH_FINANCING(1.0.0),Q_1,F_2_3,CHF_R_POP_R_MH,A,2021,7.519,0,A,3
CH1.COU:DF_COU_HEALTH_FINANCING(1.0.0),Q_1,F_2_3,CHF_R_POP_R_MH,A,2022,7.865,0,A,3
CH1.COU:DF_COU_HEALTH_FINANCING(1.0.0),Q_1,F_2_3,CHF_R_POP_R_MH,A,2023,7.592,0,A,3
CH1.COU:DF_COU_HEALTH_FINANCING(1.0.0),Q_1,F_2_3,CHF_R_POP_R_MH,A,2024,7.636,0,P,3
CH1.COU:DF_COU_HEALTH_FINANCING(1.0.0),Q_2,F_1_2,CHF,A,1995,4467.854,6,A,3
CH1.COU:DF_COU_HEALTH_FINANCING(1.0.0),Q_2,F_1_2,CHF,A,1996,4678.916,6,A,3
CH1.COU:DF_COU_HEALTH_FINANCING(1.0.0),Q_2,F_1_2,CHF,A,1997,4610.906,6,A,3
CH1.COU:DF_COU_HEALTH_FINANCING(1.0.0),Q_2,F_1_2,CHF,A,1998,4601.583,6,A,3
CH1.COU:DF_COU_HEALTH_FINANCING(1.0.0),Q_2,F_1_2,CHF,A,1999,4860.391,6,A,3
CH1.COU:DF_COU_HEALTH_FINANCING(1.0.0),Q_2,F_1_2,CHF,A,2000,5001.852,6,A,3
CH1.COU:DF_COU_HEALTH_FINANCING(1.0.0),Q_2,F_1_2,CHF,A,2001,5922.167,6,A,3
CH1.COU:DF_COU_HEALTH_FINANCING(1.0.0),Q_2,F_1_2,CHF,A,2002,6669.274,6,A,3
CH1.COU:DF_COU_HEALTH_FINANCING(1.0.0),Q_2,F_1_2,CHF,A,2003,7090.653,6,A,3
CH1.COU:DF_COU_HEALTH_FINANCING(1.0.0),Q_2,F_1_2,CHF,A,2004,6959.855,6,A,3
CH1.COU:DF_COU_HEALTH_FINANCING(1.0.0),Q_2,F_1_2,CHF,A,2005,7223.49,6,A,3
CH1.COU:DF_COU_HEALTH_FINANCING(1.0.0),Q_2,F_1_2,CHF,A,2006,7347.967,6,A,3
CH1.COU:DF_COU_HEALTH_FINANCING(1.0.0),Q_2,F_1_2,CHF,A,2007,7599.748,6,A,3
CH1.COU:DF_COU_HEALTH_FINANCING(1.0.0),Q_2,F_1_2,CHF,A,2008,8929.882,6,A,3
CH1.COU:DF_COU_HEALTH_FINANCING(1.0.0),Q_2,F_1_2,CHF,A,2009,9714.027,6,A,3
CH1.COU:DF_COU_HEALTH_FINANCING(1.0.0),Q_2,F_1_2,CHF,A,2010,10349.115,6,A,3
CH1.COU:DF_COU_HEALTH_FINANCING(1.0.0),Q_2,F_1_2,CHF,A,2011,10849.416,6,A,3
CH1.COU:DF_COU_HEALTH_FINANCING(1.0.0),Q_2,F_1_2,CHF,A,2012,12122.183,6,A,3
CH1.COU:DF_COU_HEALTH_FINANCING(1.0.0),Q_2,F_1_2,CHF,A,2013,12110.315,6,A,3
CH1.COU:DF_COU_HEALTH_FINANCING(1.0.0),Q_2,F_1_2,CHF,A,2014,12583.726,6,A,3
CH1.COU:DF_COU_HEALTH_FINANCING(1.0.0),Q_2,F_1_2,CHF,A,2015,12749.708,6,A,3
CH1.COU:DF_COU_HEALTH_FINANCING(1.0.0),Q_2,F_1_2,CHF,A,2016,13255.918,6,A,3
CH1.COU:DF_COU_HEALTH_FINANCING(1.0.0),Q_2,F_1_2,CHF,A,2017,13731.709,6,A,3
CH1.COU:DF_COU_HEALTH_FINANCING(1.0.0),Q_2,F_1_2,CHF,A,2018,13723.347,6,A,3
CH1.COU:DF_COU_HEALTH_FINANCING(1.0.0),Q_2,F_1_2,CHF,A,2019,13847.835,6,A,3
CH1.COU:DF_COU_HEALTH_FINANCING(1.0.0),Q_2,F_1_2,CHF,A,2020,15079.342,6,A,3
CH1.COU:DF_COU_HEALTH_FINANCING(1.0.0),Q_2,F_1_2,CHF,A,2021,15288.613,6,A,3
CH1.COU:DF_COU_HEALTH_FINANCING(1.0.0),Q_2,F_1_2,CHF,A,2022,15551.972,6,A,3
CH1.COU:DF_COU_HEALTH_FINANCING(1.0.0),Q_2,F_1_2,CHF,A,2023,15432.532,6,A,3
CH1.COU:DF_COU_HEALTH_FINANCING(1.0.0),Q_2,F_1_2,CHF,A,2024,16349.819,6,P,3
CH1.COU:DF_COU_HEALTH_FINANCING(1.0.0),Q_2,F_1_2,CHF_R_POP_R_MH,A,1995,52.881,0,A,3
CH1.COU:DF_COU_HEALTH_FINANCING(1.0.0),Q_2,F_1_2,CHF_R_POP_R_MH,A,1996,55.135,0,A,3
CH1.COU:DF_COU_HEALTH_FINANCING(1.0.0),Q_2,F_1_2,CHF_R_POP_R_MH,A,1997,54.203,0,A,3
CH1.COU:DF_COU_HEALTH_FINANCING(1.0.0),Q_2,F_1_2,CHF_R_POP_R_MH,A,1998,53.933,0,A,3
CH1.COU:DF_COU_HEALTH_FINANCING(1.0.0),Q_2,F_1_2,CHF_R_POP_R_MH,A,1999,56.696,0,A,3
CH1.COU:DF_COU_HEALTH_FINANCING(1.0.0),Q_2,F_1_2,CHF_R_POP_R_MH,A,2000,58.019,0,A,3
CH1.COU:DF_COU_HEALTH_FINANCING(1.0.0),Q_2,F_1_2,CHF_R_POP_R_MH,A,2001,68.291,0,A,3
CH1.COU:DF_COU_HEALTH_FINANCING(1.0.0),Q_2,F_1_2,CHF_R_POP_R_MH,A,2002,76.293,0,A,3
CH1.COU:DF_COU_HEALTH_FINANCING(1.0.0),Q_2,F_1_2,CHF_R_POP_R_MH,A,2003,80.513,0,A,3
CH1.COU:DF_COU_HEALTH_FINANCING(1.0.0),Q_2,F_1_2,CHF_R_POP_R_MH,A,2004,78.487,0,A,3
CH1.COU:DF_COU_HEALTH_FINANCING(1.0.0),Q_2,F_1_2,CHF_R_POP_R_MH,A,2005,80.94,0,A,3
CH1.COU:DF_COU_HEALTH_FINANCING(1.0.0),Q_2,F_1_2,CHF_R_POP_R_MH,A,2006,81.819,0,A,3
CH1.COU:DF_COU_HEALTH_FINANCING(1.0.0),Q_2,F_1_2,CHF_R_POP_R_MH,A,2007,83.87,0,A,3
CH1.COU:DF_COU_HEALTH_FINANCING(1.0.0),Q_2,F_1_2,CHF_R_POP_R_MH,A,2008,97.305,0,A,3
CH1.COU:DF_COU_HEALTH_FINANCING(1.0.0),Q_2,F_1_2,CHF_R_POP_R_MH,A,2009,104.535,0,A,3
CH1.COU:DF_COU_HEALTH_FINANCING(1.0.0),Q_2,F_1_2,CHF_R_POP_R_MH,A,2010,110.215,0,A,3
CH1.COU:DF_COU_HEALTH_FINANCING(1.0.0),Q_2,F_1_2,CHF_R_POP_R_MH,A,2011,114.266,0,A,3
CH1.COU:DF_COU_HEALTH_FINANCING(1.0.0),Q_2,F_1_2,CHF_R_POP_R_MH,A,2012,126.322,0,A,3
CH1.COU:DF_COU_HEALTH_FINANCING(1.0.0),Q_2,F_1_2,CHF_R_POP_R_MH,A,2013,124.756,0,A,3
CH1.COU:DF_COU_HEALTH_FINANCING(1.0.0),Q_2,F_1_2,CHF_R_POP_R_MH,A,2014,128.061,0,A,3
CH1.COU:DF_COU_HEALTH_FINANCING(1.0.0),Q_2,F_1_2,CHF_R_POP_R_MH,A,2015,128.281,0,A,3
CH1.COU:DF_COU_HEALTH_FINANCING(1.0.0),Q_2,F_1_2,CHF_R_POP_R_MH,A,2016,131.926,0,A,3
CH1.COU:DF_COU_HEALTH_FINANCING(1.0.0),Q_2,F_1_2,CHF_R_POP_R_MH,A,2017,135.392,0,A,3
CH1.COU:DF_COU_HEALTH_FINANCING(1.0.0),Q_2,F_1_2,CHF_R_POP_R_MH,A,2018,134.316,0,A,3
CH1.COU:DF_COU_HEALTH_FINANCING(1.0.0),Q_2,F_1_2,CHF_R_POP_R_MH,A,2019,134.571,0,A,3
CH1.COU:DF_COU_HEALTH_FINANCING(1.0.0),Q_2,F_1_2,CHF_R_POP_R_MH,A,2020,145.472,0,A,3
CH1.COU:DF_COU_HEALTH_FINANCING(1.0.0),Q_2,F_1_2,CHF_R_POP_R_MH,A,2021,146.366,0,A,3
CH1.COU:DF_COU_HEALTH_FINANCING(1.0.0),Q_2,F_1_2,CHF_R_POP_R_MH,A,2022,147.657,0,A,3
CH1.COU:DF_COU_HEALTH_FINANCING(1.0.0),Q_2,F_1_2,CHF_R_POP_R_MH,A,2023,144.681,0,A,3
CH1.COU:DF_COU_HEALTH_FINANCING(1.0.0),Q_2,F_1_2,CHF_R_POP_R_MH,A,2024,151.276,0,P,3
CH1.COU:DF_COU_HEALTH_FINANCING(1.0.0),Q_3,F_1_3,CHF_R_POP_R_MH,A,1995,8.13,0,A,3
CH1.COU:DF_COU_HEALTH_FINANCING(1.0.0),Q_3,F_1_3,CHF_R_POP_R_MH,A,1996,8.491,0,A,3
CH1.COU:DF_COU_HEALTH_FINANCING(1.0.0),Q_3,F_1_3,CHF_R_POP_R_MH,A,1997,8.668,0,A,3
CH1.COU:DF_COU_HEALTH_FINANCING(1.0.0),Q_3,F_1_3,CHF_R_POP_R_MH,A,1998,9.269,0,A,3
CH1.COU:DF_COU_HEALTH_FINANCING(1.0.0),Q_3,F_1_3,CHF_R_POP_R_MH,A,1999,9.298,0,A,3
CH1.COU:DF_COU_HEALTH_FINANCING(1.0.0),Q_3,F_1_3,CHF_R_POP_R_MH,A,2000,9.437,0,A,3
CH1.COU:DF_COU_HEALTH_FINANCING(1.0.0),Q_3,F_1_3,CHF_R_POP_R_MH,A,2001,11.028,0,A,3
CH1.COU:DF_COU_HEALTH_FINANCING(1.0.0),Q_3,F_1_3,CHF_R_POP_R_MH,A,2002,11.071,0,A,3
CH1.COU:DF_COU_HEALTH_FINANCING(1.0.0),Q_3,F_1_3,CHF_R_POP_R_MH,A,2003,10.524,0,A,3
CH1.COU:DF_COU_HEALTH_FINANCING(1.0.0),Q_3,F_1_3,CHF_R_POP_R_MH,A,2004,10.527,0,A,3
CH1.COU:DF_COU_HEALTH_FINANCING(1.0.0),Q_3,F_1_3,CHF_R_POP_R_MH,A,2005,8.955,0,A,3
CH1.COU:DF_COU_HEALTH_FINANCING(1.0.0),Q_3,F_1_3,CHF_R_POP_R_MH,A,2006,6.726,0,A,3
CH1.COU:DF_COU_HEALTH_FINANCING(1.0.0),Q_3,F_1_3,CHF_R_POP_R_MH,A,2007,7.547,0,A,3
CH1.COU:DF_COU_HEALTH_FINANCING(1.0.0),Q_3,F_1_3,CHF_R_POP_R_MH,A,2008,11.496,0,A,3
CH1.COU:DF_COU_HEALTH_FINANCING(1.0.0),Q_3,F_1_3,CHF_R_POP_R_MH,A,2009,11.933,0,A,3
CH1.COU:DF_COU_HEALTH_FINANCING(1.0.0),Q_3,F_1_3,CHF_R_POP_R_MH,A,2010,16.874,0,A,3
CH1.COU:DF_COU_HEALTH_FINANCING(1.0.0),Q_3,F_1_3,CHF_R_POP_R_MH,A,2011,19.526,0,A,3
CH1.COU:DF_COU_HEALTH_FINANCING(1.0.0),Q_3,F_1_3,CHF_R_POP_R_MH,A,2012,20.306,0,A,3
CH1.COU:DF_COU_HEALTH_FINANCING(1.0.0),Q_3,F_1_3,CHF_R_POP_R_MH,A,2013,21.485,0,A,3
CH1.COU:DF_COU_HEALTH_FINANCING(1.0.0),Q_3,F_1_3,CHF_R_POP_R_MH,A,2014,19.951,0,A,3
CH1.COU:DF_COU_HEALTH_FINANCING(1.0.0),Q_3,F_1_3,CHF_R_POP_R_MH,A,2015,21.695,0,A,3
CH1.COU:DF_COU_HEALTH_FINANCING(1.0.0),Q_3,F_1_3,CHF_R_POP_R_MH,A,2016,22.17,0,A,3
CH1.COU:DF_COU_HEALTH_FINANCING(1.0.0),Q_3,F_1_3,CHF_R_POP_R_MH,A,2017,22.167,0,A,3
CH1.COU:DF_COU_HEALTH_FINANCING(1.0.0),Q_3,F_1_3,CHF_R_POP_R_MH,A,2018,22.824,0,A,3
CH1.COU:DF_COU_HEALTH_FINANCING(1.0.0),Q_3,F_1_3,CHF_R_POP_R_MH,A,2019,25.521,0,A,3
CH1.COU:DF_COU_HEALTH_FINANCING(1.0.0),Q_3,F_1_3,CHF_R_POP_R_MH,A,2020,26.029,0,A,3
CH1.COU:DF_COU_HEALTH_FINANCING(1.0.0),Q_3,F_1_3,CHF_R_POP_R_MH,A,2021,26.514,0,A,3
CH1.COU:DF_COU_HEALTH_FINANCING(1.0.0),Q_3,F_1_3,CHF_R_POP_R_MH,A,2022,27.439,0,A,3
CH1.COU:DF_COU_HEALTH_FINANCING(1.0.0),Q_3,F_1_3,CHF_R_POP_R_MH,A,2023,29.729,0,A,3
CH1.COU:DF_COU_HEALTH_FINANCING(1.0.0),Q_3,F_1_3,CHF_R_POP_R_MH,A,2024,30.117,0,P,3
CH1.COU:DF_COU_HEALTH_FINANCING(1.0.0),Q_4,F_2,CHF_R_POP_R_MH,A,1995,97.58,0,A,3
CH1.COU:DF_COU_HEALTH_FINANCING(1.0.0),Q_4,F_2,CHF_R_POP_R_MH,A,1996,112.868,0,A,3
CH1.COU:DF_COU_HEALTH_FINANCING(1.0.0),Q_4,F_2,CHF_R_POP_R_MH,A,1997,116.153,0,A,3
CH1.COU:DF_COU_HEALTH_FINANCING(1.0.0),Q_4,F_2,CHF_R_POP_R_MH,A,1998,122.339,0,A,3
CH1.COU:DF_COU_HEALTH_FINANCING(1.0.0),Q_4,F_2,CHF_R_POP_R_MH,A,1999,125.108,0,A,3
CH1.COU:DF_COU_HEALTH_FINANCING(1.0.0),Q_4,F_2,CHF_R_POP_R_MH,A,2000,132.665,0,A,3
CH1.COU:DF_COU_HEALTH_FINANCING(1.0.0),Q_4,F_2,CHF_R_POP_R_MH,A,2001,139.702,0,A,3
CH1.COU:DF_COU_HEALTH_FINANCING(1.0.0),Q_4,F_2,CHF_R_POP_R_MH,A,2002,146.64,0,A,3
CH1.COU:DF_COU_HEALTH_FINANCING(1.0.0),Q_4,F_2,CHF_R_POP_R_MH,A,2003,154.227,0,A,3
CH1.COU:DF_COU_HEALTH_FINANCING(1.0.0),Q_4,F_2,CHF_R_POP_R_MH,A,2004,162.392,0,A,3
CH1.COU:DF_COU_HEALTH_FINANCING(1.0.0),Q_4,F_2,CHF_R_POP_R_MH,A,2005,171.269,0,A,3
CH1.COU:DF_COU_HEALTH_FINANCING(1.0.0),Q_4,F_2,CHF_R_POP_R_MH,A,2006,171.863,0,A,3
CH1.COU:DF_COU_HEALTH_FINANCING(1.0.0),Q_4,F_2,CHF_R_POP_R_MH,A,2007,177.835,0,A,3
CH1.COU:DF_COU_HEALTH_FINANCING(1.0.0),Q_4,F_2,CHF_R_POP_R_MH,A,2008,186.905,0,A,3
CH1.COU:DF_COU_HEALTH_FINANCING(1.0.0),Q_4,F_2,CHF_R_POP_R_MH,A,2009,192.521,0,A,3
CH1.COU:DF_COU_HEALTH_FINANCING(1.0.0),Q_4,F_2,CHF_R_POP_R_MH,A,2010,190.986,0,A,3
CH1.COU:DF_COU_HEALTH_FINANCING(1.0.0),Q_4,F_2,CHF_R_POP_R_MH,A,2011,204.295,0,A,3
CH1.COU:DF_COU_HEALTH_FINANCING(1.0.0),Q_4,F_2,CHF_R_POP_R_MH,A,2012,227.783,0,A,3
CH1.COU:DF_COU_HEALTH_FINANCING(1.0.0),Q_4,F_2,CHF_R_POP_R_MH,A,2013,230.329,0,A,3
CH1.COU:DF_COU_HEALTH_FINANCING(1.0.0),Q_4,F_2,CHF_R_POP_R_MH,A,2014,227.722,0,A,3
CH1.COU:DF_COU_HEALTH_FINANCING(1.0.0),Q_4,F_2,CHF_R_POP_R_MH,A,2015,233.537,0,A,3
CH1.COU:DF_COU_HEALTH_FINANCING(1.0.0),Q_4,F_2,CHF_R_POP_R_MH,A,2016,244.407,0,A,3
CH1.COU:DF_COU_HEALTH_FINANCING(1.0.0),Q_4,F_2,CHF_R_POP_R_MH,A,2017,254.668,0,A,3
CH1.COU:DF_COU_HEALTH_FINANCING(1.0.0),Q_4,F_2,CHF_R_POP_R_MH,A,2018,262.395,0,A,3
CH1.COU:DF_COU_HEALTH_FINANCING(1.0.0),Q_4,F_2,CHF_R_POP_R_MH,A,2019,263.775,0,A,3
CH1.COU:DF_COU_HEALTH_FINANCING(1.0.0),Q_4,F_2,CHF_R_POP_R_MH,A,2020,261.667,0,A,3
CH1.COU:DF_COU_HEALTH_FINANCING(1.0.0),Q_4,F_2,CHF_R_POP_R_MH,A,2021,262.332,0,A,3
CH1.COU:DF_COU_HEALTH_FINANCING(1.0.0),Q_4,F_2,CHF_R_POP_R_MH,A,2022,263.66,0,A,3
CH1.COU:DF_COU_HEALTH_FINANCING(1.0.0),Q_4,F_2,CHF_R_POP_R_MH,A,2023,276.309,0,A,3
CH1.COU:DF_COU_HEALTH_FINANCING(1.0.0),Q_4,F_2,CHF_R_POP_R_MH,A,2024,295.284,0,P,3
CH1.COU:DF_COU_HEALTH_FINANCING(1.0.0),Q_5_2,F_2_2,CHF,A,2010,7.962,6,A,3
CH1.COU:DF_COU_HEALTH_FINANCING(1.0.0),Q_5_2,F_2_2,CHF,A,2011,6.497,6,A,3
CH1.COU:DF_COU_HEALTH_FINANCING(1.0.0),Q_5_2,F_2_2,CHF,A,2012,4.877,6,A,3
CH1.COU:DF_COU_HEALTH_FINANCING(1.0.0),Q_5_2,F_2_2,CHF,A,2013,3.807,6,A,3
CH1.COU:DF_COU_HEALTH_FINANCING(1.0.0),Q_5_2,F_2_2,CHF,A,2014,3.912,6,A,3
CH1.COU:DF_COU_HEALTH_FINANCING(1.0.0),Q_5_2,F_2_2,CHF,A,2015,4.175,6,A,3
CH1.COU:DF_COU_HEALTH_FINANCING(1.0.0),Q_5_2,F_2_2,CHF,A,2016,4.299,6,A,3
CH1.COU:DF_COU_HEALTH_FINANCING(1.0.0),Q_5_2,F_2_2,CHF,A,2017,4.265,6,A,3
CH1.COU:DF_COU_HEALTH_FINANCING(1.0.0),Q_5_2,F_2_2,CHF,A,2018,4.821,6,A,3
CH1.COU:DF_COU_HEALTH_FINANCING(1.0.0),Q_5_2,F_2_2,CHF,A,2019,5.047,6,A,3
CH1.COU:DF_COU_HEALTH_FINANCING(1.0.0),Q_5_2,F_2_2,CHF,A,2020,4.986,6,A,3
CH1.COU:DF_COU_HEALTH_FINANCING(1.0.0),Q_5_2,F_2_2,CHF,A,2021,5.178,6,A,3
CH1.COU:DF_COU_HEALTH_FINANCING(1.0.0),Q_5_2,F_2_2,CHF,A,2022,5.311,6,A,3
CH1.COU:DF_COU_HEALTH_FINANCING(1.0.0),Q_5_2,F_2_2,CHF,A,2023,5.89,6,A,3
CH1.COU:DF_COU_HEALTH_FINANCING(1.0.0),Q_5_2,F_2_2,CHF,A,2024,5.513,6,P,3
CH1.COU:DF_COU_HEALTH_FINANCING(1.0.0),Q_5_3,F_2_3,CHF,A,2010,362.713,6,A,3
CH1.COU:DF_COU_HEALTH_FINANCING(1.0.0),Q_5_3,F_2_3,CHF,A,2011,325.463,6,A,3
CH1.COU:DF_COU_HEALTH_FINANCING(1.0.0),Q_5_3,F_2_3,CHF,A,2012,339.769,6,A,3
CH1.COU:DF_COU_HEALTH_FINANCING(1.0.0),Q_5_3,F_2_3,CHF,A,2013,350.148,6,A,3
CH1.COU:DF_COU_HEALTH_FINANCING(1.0.0),Q_5_3,F_2_3,CHF,A,2014,361.383,6,A,3
CH1.COU:DF_COU_HEALTH_FINANCING(1.0.0),Q_5_3,F_2_3,CHF,A,2015,374.797,6,A,3
CH1.COU:DF_COU_HEALTH_FINANCING(1.0.0),Q_5_3,F_2_3,CHF,A,2016,394.859,6,A,3
CH1.COU:DF_COU_HEALTH_FINANCING(1.0.0),Q_5_3,F_2_3,CHF,A,2017,411.949,6,A,3
CH1.COU:DF_COU_HEALTH_FINANCING(1.0.0),Q_5_3,F_2_3,CHF,A,2018,445.595,6,A,3
CH1.COU:DF_COU_HEALTH_FINANCING(1.0.0),Q_5_3,F_2_3,CHF,A,2019,523.854,6,A,3
CH1.COU:DF_COU_HEALTH_FINANCING(1.0.0),Q_5_3,F_2_3,CHF,A,2020,535.96,6,A,3
CH1.COU:DF_COU_HEALTH_FINANCING(1.0.0),Q_5_3,F_2_3,CHF,A,2021,540.797,6,A,3
CH1.COU:DF_COU_HEALTH_FINANCING(1.0.0),Q_5_3,F_2_3,CHF,A,2022,505.197,6,A,3
CH1.COU:DF_COU_HEALTH_FINANCING(1.0.0),Q_5_3,F_2_3,CHF,A,2023,554.428,6,A,3
CH1.COU:DF_COU_HEALTH_FINANCING(1.0.0),Q_5_3,F_2_3,CHF,A,2024,576.466,6,P,3
CH1.COU:DF_COU_HEALTH_FINANCING(1.0.0),Q_5_4,F_2_4,CHF_R_POP_R_MH,A,2010,0.64,0,A,3
CH1.COU:DF_COU_HEALTH_FINANCING(1.0.0),Q_5_4,F_2_4,CHF_R_POP_R_MH,A,2011,0.601,0,A,3
CH1.COU:DF_COU_HEALTH_FINANCING(1.0.0),Q_5_4,F_2_4,CHF_R_POP_R_MH,A,2012,0.539,0,A,3
CH1.COU:DF_COU_HEALTH_FINANCING(1.0.0),Q_5_4,F_2_4,CHF_R_POP_R_MH,A,2013,0.572,0,A,3
CH1.COU:DF_COU_HEALTH_FINANCING(1.0.0),Q_5_4,F_2_4,CHF_R_POP_R_MH,A,2014,0.603,0,A,3
CH1.COU:DF_COU_HEALTH_FINANCING(1.0.0),Q_5_4,F_2_4,CHF_R_POP_R_MH,A,2015,0.596,0,A,3
CH1.COU:DF_COU_HEALTH_FINANCING(1.0.0),Q_5_4,F_2_4,CHF_R_POP_R_MH,A,2016,0.668,0,A,3
CH1.COU:DF_COU_HEALTH_FINANCING(1.0.0),Q_5_4,F_2_4,CHF_R_POP_R_MH,A,2017,0.674,0,A,3
CH1.COU:DF_COU_HEALTH_FINANCING(1.0.0),Q_5_4,F_2_4,CHF_R_POP_R_MH,A,2018,0.625,0,A,3
CH1.COU:DF_COU_HEALTH_FINANCING(1.0.0),Q_5_4,F_2_4,CHF_R_POP_R_MH,A,2019,0.561,0,A,3
CH1.COU:DF_COU_HEALTH_FINANCING(1.0.0),Q_5_4,F_2_4,CHF_R_POP_R_MH,A,2020,0.597,0,A,3
CH1.COU:DF_COU_HEALTH_FINANCING(1.0.0),Q_5_4,F_2_4,CHF_R_POP_R_MH,A,2021,0.678,0,A,3
CH1.COU:DF_COU_HEALTH_FINANCING(1.0.0),Q_5_4,F_2_4,CHF_R_POP_R_MH,A,2022,0.579,0,A,3
CH1.COU:DF_COU_HEALTH_FINANCING(1.0.0),Q_5_4,F_2_4,CHF_R_POP_R_MH,A,2023,0.537,0,A,3
CH1.COU:DF_COU_HEALTH_FINANCING(1.0.0),Q_5_4,F_2_4,CHF_R_POP_R_MH,A,2024,0.522,0,P,3
CH1.COU:DF_COU_HEALTH_FINANCING(1.0.0),Q_5,F_3_3,CHF,A,1995,333.377,6,A,3
CH1.COU:DF_COU_HEALTH_FINANCING(1.0.0),Q_5,F_3_3,CHF,A,1996,306.395,6,A,3
CH1.COU:DF_COU_HEALTH_FINANCING(1.0.0),Q_5,F_3_3,CHF,A,1997,340.31,6,A,3
CH1.COU:DF_COU_HEALTH_FINANCING(1.0.0),Q_5,F_3_3,CHF,A,1998,356.548,6,A,3
CH1.COU:DF_COU_HEALTH_FINANCING(1.0.0),Q_5,F_3_3,CHF,A,1999,397.097,6,A,3
CH1.COU:DF_COU_HEALTH_FINANCING(1.0.0),Q_5,F_3_3,CHF,A,2000,402.425,6,A,3
CH1.COU:DF_COU_HEALTH_FINANCING(1.0.0),Q_5,F_3_3,CHF,A,2001,413.664,6,A,3
CH1.COU:DF_COU_HEALTH_FINANCING(1.0.0),Q_5,F_3_3,CHF,A,2002,433.817,6,A,3
CH1.COU:DF_COU_HEALTH_FINANCING(1.0.0),Q_5,F_3_3,CHF,A,2003,425.381,6,A,3
CH1.COU:DF_COU_HEALTH_FINANCING(1.0.0),Q_5,F_3_3,CHF,A,2004,443.824,6,A,3
CH1.COU:DF_COU_HEALTH_FINANCING(1.0.0),Q_5,F_3_3,CHF,A,2005,349.658,6,A,3
CH1.COU:DF_COU_HEALTH_FINANCING(1.0.0),Q_5,F_3_3,CHF,A,2006,401.179,6,A,3
CH1.COU:DF_COU_HEALTH_FINANCING(1.0.0),Q_5,F_3_3,CHF,A,2007,402.58,6,A,3
CH1.COU:DF_COU_HEALTH_FINANCING(1.0.0),Q_5,F_3_3,CHF,A,2008,429.521,6,A,3
CH1.COU:DF_COU_HEALTH_FINANCING(1.0.0),Q_5,F_3_3,CHF,A,2009,427.223,6,A,3
CH1.COU:DF_COU_HEALTH_FINANCING(1.0.0),Q_5,F_3_3,CHF,A,2010,575.108,6,A,3
CH1.COU:DF_COU_HEALTH_FINANCING(1.0.0),Q_5,F_3_3,CHF,A,2011,533.664,6,A,3
CH1.COU:DF_COU_HEALTH_FINANCING(1.0.0),Q_5,F_3_3,CHF,A,2012,566.841,6,A,3
CH1.COU:DF_COU_HEALTH_FINANCING(1.0.0),Q_5,F_3_3,CHF,A,2013,749.826,6,A,3
CH1.COU:DF_COU_HEALTH_FINANCING(1.0.0),Q_5,F_3_3,CHF,A,2014,731.825,6,A,3
CH1.COU:DF_COU_HEALTH_FINANCING(1.0.0),Q_5,F_3_3,CHF,A,2015,786.083,6,A,3
CH1.COU:DF_COU_HEALTH_FINANCING(1.0.0),Q_5,F_3_3,CHF,A,2016,744.419,6,A,3
CH1.COU:DF_COU_HEALTH_FINANCING(1.0.0),Q_5,F_3_3,CHF,A,2017,756.141,6,A,3
CH1.COU:DF_COU_HEALTH_FINANCING(1.0.0),Q_5,F_3_3,CHF,A,2018,899.048,6,A,3
CH1.COU:DF_COU_HEALTH_FINANCING(1.0.0),Q_5,F_3_3,CHF,A,2019,898.018,6,A,3
CH1.COU:DF_COU_HEALTH_FINANCING(1.0.0),Q_5,F_3_3,CHF,A,2020,1244.251,6,A,3
CH1.COU:DF_COU_HEALTH_FINANCING(1.0.0),Q_5,F_3_3,CHF,A,2021,1087.426,6,A,3
CH1.COU:DF_COU_HEALTH_FINANCING(1.0.0),Q_5,F_3_3,CHF,A,2022,1260.762,6,A,3
CH1.COU:DF_COU_HEALTH_FINANCING(1.0.0),Q_5,F_3_3,CHF,A,2023,1311.961,6,A,3
CH1.COU:DF_COU_HEALTH_FINANCING(1.0.0),Q_5,F_3_3,CHF,A,2024,1143.191,6,P,3
CH1.COU:DF_COU_HEALTH_FINANCING(1.0.0),Q_5,_T,CHF_R_POP_R_MH,A,1995,26.043,0,A,3
CH1.COU:DF_COU_HEALTH_FINANCING(1.0.0),Q_5,_T,CHF_R_POP_R_MH,A,1996,26.139,0,A,3
CH1.COU:DF_COU_HEALTH_FINANCING(1.0.0),Q_5,_T,CHF_R_POP_R_MH,A,1997,27.307,0,A,3
CH1.COU:DF_COU_HEALTH_FINANCING(1.0.0),Q_5,_T,CHF_R_POP_R_MH,A,1998,29.064,0,A,3
CH1.COU:DF_COU_HEALTH_FINANCING(1.0.0),Q_5,_T,CHF_R_POP_R_MH,A,1999,30.595,0,A,3
CH1.COU:DF_COU_HEALTH_FINANCING(1.0.0),Q_5,_T,CHF_R_POP_R_MH,A,2000,31.372,0,A,3
CH1.COU:DF_COU_HEALTH_FINANCING(1.0.0),Q_5,_T,CHF_R_POP_R_MH,A,2001,32.61,0,A,3
CH1.COU:DF_COU_HEALTH_FINANCING(1.0.0),Q_5,_T,CHF_R_POP_R_MH,A,2002,32.373,0,A,3
CH1.COU:DF_COU_HEALTH_FINANCING(1.0.0),Q_5,_T,CHF_R_POP_R_MH,A,2003,33.785,0,A,3
CH1.COU:DF_COU_HEALTH_FINANCING(1.0.0),Q_5,_T,CHF_R_POP_R_MH,A,2004,34.832,0,A,3
CH1.COU:DF_COU_HEALTH_FINANCING(1.0.0),Q_5,_T,CHF_R_POP_R_MH,A,2005,35.382,0,A,3
CH1.COU:DF_COU_HEALTH_FINANCING(1.0.0),Q_5,_T,CHF_R_POP_R_MH,A,2006,34.859,0,A,3
CH1.COU:DF_COU_HEALTH_FINANCING(1.0.0),Q_5,_T,CHF_R_POP_R_MH,A,2007,34.796,0,A,3
CH1.COU:DF_COU_HEALTH_FINANCING(1.0.0),Q_5,_T,CHF_R_POP_R_MH,A,2008,34.584,0,A,3
CH1.COU:DF_COU_HEALTH_FINANCING(1.0.0),Q_5,_T,CHF_R_POP_R_MH,A,2009,39.261,0,A,3
CH1.COU:DF_COU_HEALTH_FINANCING(1.0.0),Q_5,_T,CHF_R_POP_R_MH,A,2010,35.513,0,A,3
CH1.COU:DF_COU_HEALTH_FINANCING(1.0.0),Q_5,_T,CHF_R_POP_R_MH,A,2011,34.197,0,A,3
CH1.COU:DF_COU_HEALTH_FINANCING(1.0.0),Q_5,_T,CHF_R_POP_R_MH,A,2012,34.81,0,A,3
CH1.COU:DF_COU_HEALTH_FINANCING(1.0.0),Q_5,_T,CHF_R_POP_R_MH,A,2013,38.69,0,A,3
CH1.COU:DF_COU_HEALTH_FINANCING(1.0.0),Q_5,_T,CHF_R_POP_R_MH,A,2014,38.401,0,A,3
CH1.COU:DF_COU_HEALTH_FINANCING(1.0.0),Q_5,_T,CHF_R_POP_R_MH,A,2015,39.283,0,A,3
CH1.COU:DF_COU_HEALTH_FINANCING(1.0.0),Q_5,_T,CHF_R_POP_R_MH,A,2016,39.802,0,A,3
CH1.COU:DF_COU_HEALTH_FINANCING(1.0.0),Q_5,_T,CHF_R_POP_R_MH,A,2017,39.304,0,A,3
CH1.COU:DF_COU_HEALTH_FINANCING(1.0.0),Q_5,_T,CHF_R_POP_R_MH,A,2018,41.71,0,A,3
CH1.COU:DF_COU_HEALTH_FINANCING(1.0.0),Q_5,_T,CHF_R_POP_R_MH,A,2019,43.661,0,A,3
CH1.COU:DF_COU_HEALTH_FINANCING(1.0.0),Q_5,_T,CHF_R_POP_R_MH,A,2020,46.133,0,A,3
CH1.COU:DF_COU_HEALTH_FINANCING(1.0.0),Q_5,_T,CHF_R_POP_R_MH,A,2021,44.364,0,A,3
CH1.COU:DF_COU_HEALTH_FINANCING(1.0.0),Q_5,_T,CHF_R_POP_R_MH,A,2022,45.449,0,A,3
CH1.COU:DF_COU_HEALTH_FINANCING(1.0.0),Q_5,_T,CHF_R_POP_R_MH,A,2023,48.166,0,A,3
CH1.COU:DF_COU_HEALTH_FINANCING(1.0.0),Q_5,_T,CHF_R_POP_R_MH,A,2024,46.057,0,P,3
CH1.COU:DF_COU_HEALTH_FINANCING(1.0.0),_T,F_1,CHF,A,1995,5337.607,6,A,3
CH1.COU:DF_COU_HEALTH_FINANCING(1.0.0),_T,F_1,CHF,A,1996,5576.881,6,A,3
CH1.COU:DF_COU_HEALTH_FINANCING(1.0.0),_T,F_1,CHF,A,1997,5512.183,6,A,3
CH1.COU:DF_COU_HEALTH_FINANCING(1.0.0),_T,F_1,CHF,A,1998,5555.409,6,A,3
CH1.COU:DF_COU_HEALTH_FINANCING(1.0.0),_T,F_1,CHF,A,1999,5834.059,6,A,3
CH1.COU:DF_COU_HEALTH_FINANCING(1.0.0),_T,F_1,CHF,A,2000,6016.359,6,A,3
CH1.COU:DF_COU_HEALTH_FINANCING(1.0.0),_T,F_1,CHF,A,2001,7100.866,6,A,3
CH1.COU:DF_COU_HEALTH_FINANCING(1.0.0),_T,F_1,CHF,A,2002,7951.037,6,A,3
CH1.COU:DF_COU_HEALTH_FINANCING(1.0.0),_T,F_1,CHF,A,2003,8250.468,6,A,3
CH1.COU:DF_COU_HEALTH_FINANCING(1.0.0),_T,F_1,CHF,A,2004,8125.311,6,A,3
CH1.COU:DF_COU_HEALTH_FINANCING(1.0.0),_T,F_1,CHF,A,2005,8239.733,6,A,3
CH1.COU:DF_COU_HEALTH_FINANCING(1.0.0),_T,F_1,CHF,A,2006,8165.363,6,A,3
CH1.COU:DF_COU_HEALTH_FINANCING(1.0.0),_T,F_1,CHF,A,2007,8566.359,6,A,3
CH1.COU:DF_COU_HEALTH_FINANCING(1.0.0),_T,F_1,CHF,A,2008,10283.384,6,A,3
CH1.COU:DF_COU_HEALTH_FINANCING(1.0.0),_T,F_1,CHF,A,2009,11186.114,6,A,3
CH1.COU:DF_COU_HEALTH_FINANCING(1.0.0),_T,F_1,CHF,A,2010,12196.641,6,A,3
CH1.COU:DF_COU_HEALTH_FINANCING(1.0.0),_T,F_1,CHF,A,2011,12935.676,6,A,3
CH1.COU:DF_COU_HEALTH_FINANCING(1.0.0),_T,F_1,CHF,A,2012,14317.324,6,A,3
CH1.COU:DF_COU_HEALTH_FINANCING(1.0.0),_T,F_1,CHF,A,2013,14441.877,6,A,3
CH1.COU:DF_COU_HEALTH_FINANCING(1.0.0),_T,F_1,CHF,A,2014,14772.358,6,A,3
CH1.COU:DF_COU_HEALTH_FINANCING(1.0.0),_T,F_1,CHF,A,2015,15128.223,6,A,3
CH1.COU:DF_COU_HEALTH_FINANCING(1.0.0),_T,F_1,CHF,A,2016,15718.428,6,A,3
CH1.COU:DF_COU_HEALTH_FINANCING(1.0.0),_T,F_1,CHF,A,2017,16251.517,6,A,3
CH1.COU:DF_COU_HEALTH_FINANCING(1.0.0),_T,F_1,CHF,A,2018,16239.641,6,A,3
CH1.COU:DF_COU_HEALTH_FINANCING(1.0.0),_T,F_1,CHF,A,2019,16650.938,6,A,3
CH1.COU:DF_COU_HEALTH_FINANCING(1.0.0),_T,F_1,CHF,A,2020,18803.652,6,A,3
CH1.COU:DF_COU_HEALTH_FINANCING(1.0.0),_T,F_1,CHF,A,2021,20206.418,6,A,3
CH1.COU:DF_COU_HEALTH_FINANCING(1.0.0),_T,F_1,CHF,A,2022,20518.379,6,A,3
CH1.COU:DF_COU_HEALTH_FINANCING(1.0.0),_T,F_1,CHF,A,2023,19001.355,6,A,3
CH1.COU:DF_COU_HEALTH_FINANCING(1.0.0),_T,F_1,CHF,A,2024,19808.32,6,P,3
CH1.COU:DF_COU_HEALTH_FINANCING(1.0.0),_T,F_1_1,CHF_R_POP_R_MH,A,1995,2.164,0,A,3
CH1.COU:DF_COU_HEALTH_FINANCING(1.0.0),_T,F_1_1,CHF_R_POP_R_MH,A,1996,2.09,0,A,3
CH1.COU:DF_COU_HEALTH_FINANCING(1.0.0),_T,F_1_1,CHF_R_POP_R_MH,A,1997,1.926,0,A,3
CH1.COU:DF_COU_HEALTH_FINANCING(1.0.0),_T,F_1_1,CHF_R_POP_R_MH,A,1998,1.91,0,A,3
CH1.COU:DF_COU_HEALTH_FINANCING(1.0.0),_T,F_1_1,CHF_R_POP_R_MH,A,1999,2.06,0,A,3
CH1.COU:DF_COU_HEALTH_FINANCING(1.0.0),_T,F_1_1,CHF_R_POP_R_MH,A,2000,2.331,0,A,3
CH1.COU:DF_COU_HEALTH_FINANCING(1.0.0),_T,F_1_1,CHF_R_POP_R_MH,A,2001,2.564,0,A,3
CH1.COU:DF_COU_HEALTH_FINANCING(1.0.0),_T,F_1_1,CHF_R_POP_R_MH,A,2002,3.592,0,A,3
CH1.COU:DF_COU_HEALTH_FINANCING(1.0.0),_T,F_1_1,CHF_R_POP_R_MH,A,2003,2.646,0,A,3
CH1.COU:DF_COU_HEALTH_FINANCING(1.0.0),_T,F_1_1,CHF_R_POP_R_MH,A,2004,2.615,0,A,3
CH1.COU:DF_COU_HEALTH_FINANCING(1.0.0),_T,F_1_1,CHF_R_POP_R_MH,A,2005,2.433,0,A,3
CH1.COU:DF_COU_HEALTH_FINANCING(1.0.0),_T,F_1_1,CHF_R_POP_R_MH,A,2006,2.376,0,A,3
CH1.COU:DF_COU_HEALTH_FINANCING(1.0.0),_T,F_1_1,CHF_R_POP_R_MH,A,2007,3.12,0,A,3
CH1.COU:DF_COU_HEALTH_FINANCING(1.0.0),_T,F_1_1,CHF_R_POP_R_MH,A,2008,3.253,0,A,3
CH1.COU:DF_COU_HEALTH_FINANCING(1.0.0),_T,F_1_1,CHF_R_POP_R_MH,A,2009,3.908,0,A,3
CH1.COU:DF_COU_HEALTH_FINANCING(1.0.0),_T,F_1_1,CHF_R_POP_R_MH,A,2010,2.801,0,A,3
CH1.COU:DF_COU_HEALTH_FINANCING(1.0.0),_T,F_1_1,CHF_R_POP_R_MH,A,2011,2.446,0,A,3
CH1.COU:DF_COU_HEALTH_FINANCING(1.0.0),_T,F_1_1,CHF_R_POP_R_MH,A,2012,2.569,0,A,3
CH1.COU:DF_COU_HEALTH_FINANCING(1.0.0),_T,F_1_1,CHF_R_POP_R_MH,A,2013,2.533,0,A,3
CH1.COU:DF_COU_HEALTH_FINANCING(1.0.0),_T,F_1_1,CHF_R_POP_R_MH,A,2014,2.322,0,A,3
CH1.COU:DF_COU_HEALTH_FINANCING(1.0.0),_T,F_1_1,CHF_R_POP_R_MH,A,2015,2.236,0,A,3
CH1.COU:DF_COU_HEALTH_FINANCING(1.0.0),_T,F_1_1,CHF_R_POP_R_MH,A,2016,2.337,0,A,3
CH1.COU:DF_COU_HEALTH_FINANCING(1.0.0),_T,F_1_1,CHF_R_POP_R_MH,A,2017,2.678,0,A,3
CH1.COU:DF_COU_HEALTH_FINANCING(1.0.0),_T,F_1_1,CHF_R_POP_R_MH,A,2018,1.804,0,A,3
CH1.COU:DF_COU_HEALTH_FINANCING(1.0.0),_T,F_1_1,CHF_R_POP_R_MH,A,2019,1.719,0,A,3
CH1.COU:DF_COU_HEALTH_FINANCING(1.0.0),_T,F_1_1,CHF_R_POP_R_MH,A,2020,9.9,0,A,3
CH1.COU:DF_COU_HEALTH_FINANCING(1.0.0),_T,F_1_1,CHF_R_POP_R_MH,A,2021,20.567,0,A,3
CH1.COU:DF_COU_HEALTH_FINANCING(1.0.0),_T,F_1_1,CHF_R_POP_R_MH,A,2022,19.714,0,A,3
CH1.COU:DF_COU_HEALTH_FINANCING(1.0.0),_T,F_1_1,CHF_R_POP_R_MH,A,2023,3.729,0,A,3
CH1.COU:DF_COU_HEALTH_FINANCING(1.0.0),_T,F_1_1,CHF_R_POP_R_MH,A,2024,1.882,0,P,3
CH1.COU:DF_COU_HEALTH_FINANCING(1.0.0),_T,F_4_1,CHF,A,1995,1421.997,6,A,3
CH1.COU:DF_COU_HEALTH_FINANCING(1.0.0),_T,F_4_1,CHF,A,1996,1866.476,6,A,3
CH1.COU:DF_COU_HEALTH_FINANCING(1.0.0),_T,F_4_1,CHF,A,1997,1851.964,6,A,3
CH1.COU:DF_COU_HEALTH_FINANCING(1.0.0),_T,F_4_1,CHF,A,1998,2162.93,6,A,3
CH1.COU:DF_COU_HEALTH_FINANCING(1.0.0),_T,F_4_1,CHF,A,1999,2220.024,6,A,3
CH1.COU:DF_COU_HEALTH_FINANCING(1.0.0),_T,F_4_1,CHF,A,2000,2328.782,6,A,3
CH1.COU:DF_COU_HEALTH_FINANCING(1.0.0),_T,F_4_1,CHF,A,2001,2376.721,6,A,3
CH1.COU:DF_COU_HEALTH_FINANCING(1.0.0),_T,F_4_1,CHF,A,2002,2537.733,6,A,3
CH1.COU:DF_COU_HEALTH_FINANCING(1.0.0),_T,F_4_1,CHF,A,2003,2629.565,6,A,3
CH1.COU:DF_COU_HEALTH_FINANCING(1.0.0),_T,F_4_1,CHF,A,2004,2870.789,6,A,3
CH1.COU:DF_COU_HEALTH_FINANCING(1.0.0),_T,F_4_1,CHF,A,2005,3024.697,6,A,3
CH1.COU:DF_COU_HEALTH_FINANCING(1.0.0),_T,F_4_1,CHF,A,2006,3060.16,6,A,3
CH1.COU:DF_COU_HEALTH_FINANCING(1.0.0),_T,F_4_1,CHF,A,2007,3174.001,6,A,3
CH1.COU:DF_COU_HEALTH_FINANCING(1.0.0),_T,F_4_1,CHF,A,2008,3307.851,6,A,3
CH1.COU:DF_COU_HEALTH_FINANCING(1.0.0),_T,F_4_1,CHF,A,2009,3415.33,6,A,3
CH1.COU:DF_COU_HEALTH_FINANCING(1.0.0),_T,F_4_1,CHF,A,2010,3419.659,6,A,3
CH1.COU:DF_COU_HEALTH_FINANCING(1.0.0),_T,F_4_1,CHF,A,2011,3571.462,6,A,3
CH1.COU:DF_COU_HEALTH_FINANCING(1.0.0),_T,F_4_1,CHF,A,2012,3700.124,6,A,3
CH1.COU:DF_COU_HEALTH_FINANCING(1.0.0),_T,F_4_1,CHF,A,2013,3892.834,6,A,3
CH1.COU:DF_COU_HEALTH_FINANCING(1.0.0),_T,F_4_1,CHF,A,2014,3981.098,6,A,3
CH1.COU:DF_COU_HEALTH_FINANCING(1.0.0),_T,F_4_1,CHF,A,2015,4140.99,6,A,3
CH1.COU:DF_COU_HEALTH_FINANCING(1.0.0),_T,F_4_1,CHF,A,2016,4313.318,6,A,3
CH1.COU:DF_COU_HEALTH_FINANCING(1.0.0),_T,F_4_1,CHF,A,2017,4406.372,6,A,3
CH1.COU:DF_COU_HEALTH_FINANCING(1.0.0),_T,F_4_1,CHF,A,2018,4502.067,6,A,3
CH1.COU:DF_COU_HEALTH_FINANCING(1.0.0),_T,F_4_1,CHF,A,2019,4667.313,6,A,3
CH1.COU:DF_COU_HEALTH_FINANCING(1.0.0),_T,F_4_1,CHF,A,2020,4675.721,6,A,3
CH1.COU:DF_COU_HEALTH_FINANCING(1.0.0),_T,F_4_1,CHF,A,2021,4904.332,6,A,3
CH1.COU:DF_COU_HEALTH_FINANCING(1.0.0),_T,F_4_1,CHF,A,2022,5114.123,6,A,3
CH1.COU:DF_COU_HEALTH_FINANCING(1.0.0),_T,F_4_1,CHF,A,2023,5350.095,6,A,3
CH1.COU:DF_COU_HEALTH_FINANCING(1.0.0),_T,F_4_1,CHF,A,2024,5662.841,6,P,3
CH1.COU:DF_COU_HEALTH_FINANCING(1.0.0),_T,F_4_1,CHF_R_POP_R_MH,A,1995,16.831,0,A,3
CH1.COU:DF_COU_HEALTH_FINANCING(1.0.0),_T,F_4_1,CHF_R_POP_R_MH,A,1996,21.994,0,A,3
CH1.COU:DF_COU_HEALTH_FINANCING(1.0.0),_T,F_4_1,CHF_R_POP_R_MH,A,1997,21.771,0,A,3
CH1.COU:DF_COU_HEALTH_FINANCING(1.0.0),_T,F_4_1,CHF_R_POP_R_MH,A,1998,25.351,0,A,3
CH1.COU:DF_COU_HEALTH_FINANCING(1.0.0),_T,F_4_1,CHF_R_POP_R_MH,A,1999,25.896,0,A,3
CH1.COU:DF_COU_HEALTH_FINANCING(1.0.0),_T,F_4_1,CHF_R_POP_R_MH,A,2000,27.013,0,A,3
CH1.COU:DF_COU_HEALTH_FINANCING(1.0.0),_T,F_4_1,CHF_R_POP_R_MH,A,2001,27.407,0,A,3
CH1.COU:DF_COU_HEALTH_FINANCING(1.0.0),_T,F_4_1,CHF_R_POP_R_MH,A,2002,29.03,0,A,3
CH1.COU:DF_COU_HEALTH_FINANCING(1.0.0),_T,F_4_1,CHF_R_POP_R_MH,A,2003,29.858,0,A,3
CH1.COU:DF_COU_HEALTH_FINANCING(1.0.0),_T,F_4_1,CHF_R_POP_R_MH,A,2004,32.374,0,A,3
CH1.COU:DF_COU_HEALTH_FINANCING(1.0.0),_T,F_4_1,CHF_R_POP_R_MH,A,2005,33.892,0,A,3
CH1.COU:DF_COU_HEALTH_FINANCING(1.0.0),_T,F_4_1,CHF_R_POP_R_MH,A,2006,34.075,0,A,3
CH1.COU:DF_COU_HEALTH_FINANCING(1.0.0),_T,F_4_1,CHF_R_POP_R_MH,A,2007,35.028,0,A,3
CH1.COU:DF_COU_HEALTH_FINANCING(1.0.0),_T,F_4_1,CHF_R_POP_R_MH,A,2008,36.044,0,A,3
CH1.COU:DF_COU_HEALTH_FINANCING(1.0.0),_T,F_4_1,CHF_R_POP_R_MH,A,2009,36.753,0,A,3
CH1.COU:DF_COU_HEALTH_FINANCING(1.0.0),_T,F_4_1,CHF_R_POP_R_MH,A,2010,36.419,0,A,3
CH1.COU:DF_COU_HEALTH_FINANCING(1.0.0),_T,F_4_1,CHF_R_POP_R_MH,A,2011,37.615,0,A,3
CH1.COU:DF_COU_HEALTH_FINANCING(1.0.0),_T,F_4_1,CHF_R_POP_R_MH,A,2012,38.558,0,A,3
CH1.COU:DF_COU_HEALTH_FINANCING(1.0.0),_T,F_4_1,CHF_R_POP_R_MH,A,2013,40.102,0,A,3
CH1.COU:DF_COU_HEALTH_FINANCING(1.0.0),_T,F_4_1,CHF_R_POP_R_MH,A,2014,40.514,0,A,3
CH1.COU:DF_COU_HEALTH_FINANCING(1.0.0),_T,F_4_1,CHF_R_POP_R_MH,A,2015,41.665,0,A,3
CH1.COU:DF_COU_HEALTH_FINANCING(1.0.0),_T,F_4_1,CHF_R_POP_R_MH,A,2016,42.927,0,A,3
CH1.COU:DF_COU_HEALTH_FINANCING(1.0.0),_T,F_4_1,CHF_R_POP_R_MH,A,2017,43.446,0,A,3
CH1.COU:DF_COU_HEALTH_FINANCING(1.0.0),_T,F_4_1,CHF_R_POP_R_MH,A,2018,44.064,0,A,3
CH1.COU:DF_COU_HEALTH_FINANCING(1.0.0),_T,F_4_1,CHF_R_POP_R_MH,A,2019,45.356,0,A,3
CH1.COU:DF_COU_HEALTH_FINANCING(1.0.0),_T,F_4_1,CHF_R_POP_R_MH,A,2020,45.107,0,A,3
CH1.COU:DF_COU_HEALTH_FINANCING(1.0.0),_T,F_4_1,CHF_R_POP_R_MH,A,2021,46.952,0,A,3
CH1.COU:DF_COU_HEALTH_FINANCING(1.0.0),_T,F_4_1,CHF_R_POP_R_MH,A,2022,48.556,0,A,3
CH1.COU:DF_COU_HEALTH_FINANCING(1.0.0),_T,F_4_1,CHF_R_POP_R_MH,A,2023,50.158,0,A,3
CH1.COU:DF_COU_HEALTH_FINANCING(1.0.0),_T,F_4_1,CHF_R_POP_R_MH,A,2024,52.395,0,P,3
CH1.COU:DF_COU_HEALTH_FINANCING(1.0.0),Q_1,F_1_1,CHF_R_POP_R_MH,A,1995,2.164,0,A,3
CH1.COU:DF_COU_HEALTH_FINANCING(1.0.0),Q_1,F_1_1,CHF_R_POP_R_MH,A,1996,2.09,0,A,3
CH1.COU:DF_COU_HEALTH_FINANCING(1.0.0),Q_1,F_1_1,CHF_R_POP_R_MH,A,1997,1.926,0,A,3
CH1.COU:DF_COU_HEALTH_FINANCING(1.0.0),Q_1,F_1_1,CHF_R_POP_R_MH,A,1998,1.91,0,A,3
CH1.COU:DF_COU_HEALTH_FINANCING(1.0.0),Q_1,F_1_1,CHF_R_POP_R_MH,A,1999,2.06,0,A,3
CH1.COU:DF_COU_HEALTH_FINANCING(1.0.0),Q_1,F_1_1,CHF_R_POP_R_MH,A,2000,2.331,0,A,3
CH1.COU:DF_COU_HEALTH_FINANCING(1.0.0),Q_1,F_1_1,CHF_R_POP_R_MH,A,2001,2.564,0,A,3
CH1.COU:DF_COU_HEALTH_FINANCING(1.0.0),Q_1,F_1_1,CHF_R_POP_R_MH,A,2002,3.592,0,A,3
CH1.COU:DF_COU_HEALTH_FINANCING(1.0.0),Q_1,F_1_1,CHF_R_POP_R_MH,A,2003,2.646,0,A,3
CH1.COU:DF_COU_HEALTH_FINANCING(1.0.0),Q_1,F_1_1,CHF_R_POP_R_MH,A,2004,2.615,0,A,3
CH1.COU:DF_COU_HEALTH_FINANCING(1.0.0),Q_1,F_1_1,CHF_R_POP_R_MH,A,2005,2.433,0,A,3
CH1.COU:DF_COU_HEALTH_FINANCING(1.0.0),Q_1,F_1_1,CHF_R_POP_R_MH,A,2006,2.376,0,A,3
CH1.COU:DF_COU_HEALTH_FINANCING(1.0.0),Q_1,F_1_1,CHF_R_POP_R_MH,A,2007,3.12,0,A,3
CH1.COU:DF_COU_HEALTH_FINANCING(1.0.0),Q_1,F_1_1,CHF_R_POP_R_MH,A,2008,3.253,0,A,3
CH1.COU:DF_COU_HEALTH_FINANCING(1.0.0),Q_1,F_1_1,CHF_R_POP_R_MH,A,2009,3.908,0,A,3
CH1.COU:DF_COU_HEALTH_FINANCING(1.0.0),Q_1,F_1_1,CHF_R_POP_R_MH,A,2010,2.801,0,A,3
CH1.COU:DF_COU_HEALTH_FINANCING(1.0.0),Q_1,F_1_1,CHF_R_POP_R_MH,A,2011,2.446,0,A,3
CH1.COU:DF_COU_HEALTH_FINANCING(1.0.0),Q_1,F_1_1,CHF_R_POP_R_MH,A,2012,2.569,0,A,3
CH1.COU:DF_COU_HEALTH_FINANCING(1.0.0),Q_1,F_1_1,CHF_R_POP_R_MH,A,2013,2.533,0,A,3
CH1.COU:DF_COU_HEALTH_FINANCING(1.0.0),Q_1,F_1_1,CHF_R_POP_R_MH,A,2014,2.322,0,A,3
CH1.COU:DF_COU_HEALTH_FINANCING(1.0.0),Q_1,F_1_1,CHF_R_POP_R_MH,A,2015,2.236,0,A,3
CH1.COU:DF_COU_HEALTH_FINANCING(1.0.0),Q_1,F_1_1,CHF_R_POP_R_MH,A,2016,2.337,0,A,3
CH1.COU:DF_COU_HEALTH_FINANCING(1.0.0),Q_1,F_1_1,CHF_R_POP_R_MH,A,2017,2.678,0,A,3
CH1.COU:DF_COU_HEALTH_FINANCING(1.0.0),Q_1,F_1_1,CHF_R_POP_R_MH,A,2018,1.804,0,A,3
CH1.COU:DF_COU_HEALTH_FINANCING(1.0.0),Q_1,F_1_1,CHF_R_POP_R_MH,A,2019,1.719,0,A,3
CH1.COU:DF_COU_HEALTH_FINANCING(1.0.0),Q_1,F_1_1,CHF_R_POP_R_MH,A,2020,9.9,0,A,3
CH1.COU:DF_COU_HEALTH_FINANCING(1.0.0),Q_1,F_1_1,CHF_R_POP_R_MH,A,2021,20.567,0,A,3
CH1.COU:DF_COU_HEALTH_FINANCING(1.0.0),Q_1,F_1_1,CHF_R_POP_R_MH,A,2022,19.714,0,A,3
CH1.COU:DF_COU_HEALTH_FINANCING(1.0.0),Q_1,F_1_1,CHF_R_POP_R_MH,A,2023,3.729,0,A,3
CH1.COU:DF_COU_HEALTH_FINANCING(1.0.0),Q_1,F_1_1,CHF_R_POP_R_MH,A,2024,1.882,0,P,3
CH1.COU:DF_COU_HEALTH_FINANCING(1.0.0),Q_1,F_2_3,CHF,A,1995,687.54,6,A,3
CH1.COU:DF_COU_HEALTH_FINANCING(1.0.0),Q_1,F_2_3,CHF,A,1996,752.769,6,A,3
CH1.COU:DF_COU_HEALTH_FINANCING(1.0.0),Q_1,F_2_3,CHF,A,1997,792.779,6,A,3
CH1.COU:DF_COU_HEALTH_FINANCING(1.0.0),Q_1,F_2_3,CHF,A,1998,808.32,6,A,3
CH1.COU:DF_COU_HEALTH_FINANCING(1.0.0),Q_1,F_2_3,CHF,A,1999,827.403,6,A,3
CH1.COU:DF_COU_HEALTH_FINANCING(1.0.0),Q_1,F_2_3,CHF,A,2000,868.963,6,A,3
CH1.COU:DF_COU_HEALTH_FINANCING(1.0.0),Q_1,F_2_3,CHF,A,2001,933.054,6,A,3
CH1.COU:DF_COU_HEALTH_FINANCING(1.0.0),Q_1,F_2_3,CHF,A,2002,975.076,6,A,3
CH1.COU:DF_COU_HEALTH_FINANCING(1.0.0),Q_1,F_2_3,CHF,A,2003,1016.415,6,A,3
CH1.COU:DF_COU_HEALTH_FINANCING(1.0.0),Q_1,F_2_3,CHF,A,2004,1247.121,6,A,3
CH1.COU:DF_COU_HEALTH_FINANCING(1.0.0),Q_1,F_2_3,CHF,A,2005,1350.627,6,A,3
CH1.COU:DF_COU_HEALTH_FINANCING(1.0.0),Q_1,F_2_3,CHF,A,2006,1305.786,6,A,3
CH1.COU:DF_COU_HEALTH_FINANCING(1.0.0),Q_1,F_2_3,CHF,A,2007,1428.021,6,A,3
CH1.COU:DF_COU_HEALTH_FINANCING(1.0.0),Q_1,F_2_3,CHF,A,2008,1002.078,6,A,3
CH1.COU:DF_COU_HEALTH_FINANCING(1.0.0),Q_1,F_2_3,CHF,A,2009,809.394,6,A,3
CH1.COU:DF_COU_HEALTH_FINANCING(1.0.0),Q_1,F_2_3,CHF,A,2010,692.83,6,A,3
CH1.COU:DF_COU_HEALTH_FINANCING(1.0.0),Q_1,F_2_3,CHF,A,2011,781.937,6,A,3
CH1.COU:DF_COU_HEALTH_FINANCING(1.0.0),Q_1,F_2_3,CHF,A,2012,742.682,6,A,3
CH1.COU:DF_COU_HEALTH_FINANCING(1.0.0),Q_1,F_2_3,CHF,A,2013,769.719,6,A,3
CH1.COU:DF_COU_HEALTH_FINANCING(1.0.0),Q_1,F_2_3,CHF,A,2014,765.939,6,A,3
CH1.COU:DF_COU_HEALTH_FINANCING(1.0.0),Q_1,F_2_3,CHF,A,2015,812.219,6,A,3
CH1.COU:DF_COU_HEALTH_FINANCING(1.0.0),Q_1,F_2_3,CHF,A,2016,798.737,6,A,3
CH1.COU:DF_COU_HEALTH_FINANCING(1.0.0),Q_1,F_2_3,CHF,A,2017,805.174,6,A,3
CH1.COU:DF_COU_HEALTH_FINANCING(1.0.0),Q_1,F_2_3,CHF,A,2018,763.743,6,A,3
CH1.COU:DF_COU_HEALTH_FINANCING(1.0.0),Q_1,F_2_3,CHF,A,2019,739.148,6,A,3
CH1.COU:DF_COU_HEALTH_FINANCING(1.0.0),Q_1,F_2_3,CHF,A,2020,775.37,6,A,3
CH1.COU:DF_COU_HEALTH_FINANCING(1.0.0),Q_1,F_2_3,CHF,A,2021,785.373,6,A,3
CH1.COU:DF_COU_HEALTH_FINANCING(1.0.0),Q_1,F_2_3,CHF,A,2022,828.423,6,A,3
CH1.COU:DF_COU_HEALTH_FINANCING(1.0.0),Q_1,F_2_3,CHF,A,2023,809.824,6,A,3
CH1.COU:DF_COU_HEALTH_FINANCING(1.0.0),Q_1,F_2_3,CHF,A,2024,825.334,6,P,3
CH1.COU:DF_COU_HEALTH_FINANCING(1.0.0),Q_5_1,F_2_2,CHF_R_POP_R_MH,A,2010,0.404,0,A,3
CH1.COU:DF_COU_HEALTH_FINANCING(1.0.0),Q_5_1,F_2_2,CHF_R_POP_R_MH,A,2011,0.42,0,A,3
CH1.COU:DF_COU_HEALTH_FINANCING(1.0.0),Q_5_1,F_2_2,CHF_R_POP_R_MH,A,2012,0.331,0,A,3
CH1.COU:DF_COU_HEALTH_FINANCING(1.0.0),Q_5_1,F_2_2,CHF_R_POP_R_MH,A,2013,0.249,0,A,3
CH1.COU:DF_COU_HEALTH_FINANCING(1.0.0),Q_5_1,F_2_2,CHF_R_POP_R_MH,A,2014,0.27,0,A,3
CH1.COU:DF_COU_HEALTH_FINANCING(1.0.0),Q_5_1,F_2_2,CHF_R_POP_R_MH,A,2015,0.276,0,A,3
CH1.COU:DF_COU_HEALTH_FINANCING(1.0.0),Q_5_1,F_2_2,CHF_R_POP_R_MH,A,2016,0.293,0,A,3
CH1.COU:DF_COU_HEALTH_FINANCING(1.0.0),Q_5_1,F_2_2,CHF_R_POP_R_MH,A,2017,0.303,0,A,3
CH1.COU:DF_COU_HEALTH_FINANCING(1.0.0),Q_5_1,F_2_2,CHF_R_POP_R_MH,A,2018,0.315,0,A,3
CH1.COU:DF_COU_HEALTH_FINANCING(1.0.0),Q_5_1,F_2_2,CHF_R_POP_R_MH,A,2019,0.376,0,A,3
CH1.COU:DF_COU_HEALTH_FINANCING(1.0.0),Q_5_1,F_2_2,CHF_R_POP_R_MH,A,2020,0.373,0,A,3
CH1.COU:DF_COU_HEALTH_FINANCING(1.0.0),Q_5_1,F_2_2,CHF_R_POP_R_MH,A,2021,0.401,0,A,3
CH1.COU:DF_COU_HEALTH_FINANCING(1.0.0),Q_5_1,F_2_2,CHF_R_POP_R_MH,A,2022,0.345,0,A,3
CH1.COU:DF_COU_HEALTH_FINANCING(1.0.0),Q_5_1,F_2_2,CHF_R_POP_R_MH,A,2023,0.476,0,A,3
CH1.COU:DF_COU_HEALTH_FINANCING(1.0.0),Q_5_1,F_2_2,CHF_R_POP_R_MH,A,2024,0.467,0,P,3
CH1.COU:DF_COU_HEALTH_FINANCING(1.0.0),Q_5_2,F_2_2,CHF_R_POP_R_MH,A,2010,0.085,0,A,3
CH1.COU:DF_COU_HEALTH_FINANCING(1.0.0),Q_5_2,F_2_2,CHF_R_POP_R_MH,A,2011,0.068,0,A,3
CH1.COU:DF_COU_HEALTH_FINANCING(1.0.0),Q_5_2,F_2_2,CHF_R_POP_R_MH,A,2012,0.051,0,A,3
CH1.COU:DF_COU_HEALTH_FINANCING(1.0.0),Q_5_2,F_2_2,CHF_R_POP_R_MH,A,2013,0.039,0,A,3
CH1.COU:DF_COU_HEALTH_FINANCING(1.0.0),Q_5_2,F_2_2,CHF_R_POP_R_MH,A,2014,0.04,0,A,3
CH1.COU:DF_COU_HEALTH_FINANCING(1.0.0),Q_5_2,F_2_2,CHF_R_POP_R_MH,A,2015,0.042,0,A,3
CH1.COU:DF_COU_HEALTH_FINANCING(1.0.0),Q_5_2,F_2_2,CHF_R_POP_R_MH,A,2016,0.043,0,A,3
CH1.COU:DF_COU_HEALTH_FINANCING(1.0.0),Q_5_2,F_2_2,CHF_R_POP_R_MH,A,2017,0.042,0,A,3
CH1.COU:DF_COU_HEALTH_FINANCING(1.0.0),Q_5_2,F_2_2,CHF_R_POP_R_MH,A,2018,0.047,0,A,3
CH1.COU:DF_COU_HEALTH_FINANCING(1.0.0),Q_5_2,F_2_2,CHF_R_POP_R_MH,A,2019,0.049,0,A,3
CH1.COU:DF_COU_HEALTH_FINANCING(1.0.0),Q_5_2,F_2_2,CHF_R_POP_R_MH,A,2020,0.048,0,A,3
CH1.COU:DF_COU_HEALTH_FINANCING(1.0.0),Q_5_2,F_2_2,CHF_R_POP_R_MH,A,2021,0.05,0,A,3
CH1.COU:DF_COU_HEALTH_FINANCING(1.0.0),Q_5_2,F_2_2,CHF_R_POP_R_MH,A,2022,0.05,0,A,3
CH1.COU:DF_COU_HEALTH_FINANCING(1.0.0),Q_5_2,F_2_2,CHF_R_POP_R_MH,A,2023,0.055,0,A,3
CH1.COU:DF_COU_HEALTH_FINANCING(1.0.0),Q_5_2,F_2_2,CHF_R_POP_R_MH,A,2024,0.051,0,P,3
CH1.COU:DF_COU_HEALTH_FINANCING(1.0.0),Q_5_2,F_2_3,CHF_R_POP_R_MH,A,2010,0.703,0,A,3
CH1.COU:DF_COU_HEALTH_FINANCING(1.0.0),Q_5_2,F_2_3,CHF_R_POP_R_MH,A,2011,0.604,0,A,3
CH1.COU:DF_COU_HEALTH_FINANCING(1.0.0),Q_5_2,F_2_3,CHF_R_POP_R_MH,A,2012,0.589,0,A,3
CH1.COU:DF_COU_HEALTH_FINANCING(1.0.0),Q_5_2,F_2_3,CHF_R_POP_R_MH,A,2013,0.614,0,A,3
CH1.COU:DF_COU_HEALTH_FINANCING(1.0.0),Q_5_2,F_2_3,CHF_R_POP_R_MH,A,2014,0.59,0,A,3
CH1.COU:DF_COU_HEALTH_FINANCING(1.0.0),Q_5_2,F_2_3,CHF_R_POP_R_MH,A,2015,0.617,0,A,3
CH1.COU:DF_COU_HEALTH_FINANCING(1.0.0),Q_5_2,F_2_3,CHF_R_POP_R_MH,A,2016,0.621,0,A,3
CH1.COU:DF_COU_HEALTH_FINANCING(1.0.0),Q_5_2,F_2_3,CHF_R_POP_R_MH,A,2017,0.606,0,A,3
CH1.COU:DF_COU_HEALTH_FINANCING(1.0.0),Q_5_2,F_2_3,CHF_R_POP_R_MH,A,2018,0.695,0,A,3
CH1.COU:DF_COU_HEALTH_FINANCING(1.0.0),Q_5_2,F_2_3,CHF_R_POP_R_MH,A,2019,0.72,0,A,3
CH1.COU:DF_COU_HEALTH_FINANCING(1.0.0),Q_5_2,F_2_3,CHF_R_POP_R_MH,A,2020,0.721,0,A,3
CH1.COU:DF_COU_HEALTH_FINANCING(1.0.0),Q_5_2,F_2_3,CHF_R_POP_R_MH,A,2021,0.696,0,A,3
CH1.COU:DF_COU_HEALTH_FINANCING(1.0.0),Q_5_2,F_2_3,CHF_R_POP_R_MH,A,2022,0.707,0,A,3
CH1.COU:DF_COU_HEALTH_FINANCING(1.0.0),Q_5_2,F_2_3,CHF_R_POP_R_MH,A,2023,0.655,0,A,3
CH1.COU:DF_COU_HEALTH_FINANCING(1.0.0),Q_5_2,F_2_3,CHF_R_POP_R_MH,A,2024,0.642,0,P,3
CH1.COU:DF_COU_HEALTH_FINANCING(1.0.0),Q_5_3,F_2_3,CHF_R_POP_R_MH,A,2010,3.863,0,A,3
CH1.COU:DF_COU_HEALTH_FINANCING(1.0.0),Q_5_3,F_2_3,CHF_R_POP_R_MH,A,2011,3.428,0,A,3
CH1.COU:DF_COU_HEALTH_FINANCING(1.0.0),Q_5_3,F_2_3,CHF_R_POP_R_MH,A,2012,3.541,0,A,3
CH1.COU:DF_COU_HEALTH_FINANCING(1.0.0),Q_5_3,F_2_3,CHF_R_POP_R_MH,A,2013,3.607,0,A,3
CH1.COU:DF_COU_HEALTH_FINANCING(1.0.0),Q_5_3,F_2_3,CHF_R_POP_R_MH,A,2014,3.678,0,A,3
CH1.COU:DF_COU_HEALTH_FINANCING(1.0.0),Q_5_3,F_2_3,CHF_R_POP_R_MH,A,2015,3.771,0,A,3
CH1.COU:DF_COU_HEALTH_FINANCING(1.0.0),Q_5_3,F_2_3,CHF_R_POP_R_MH,A,2016,3.93,0,A,3
CH1.COU:DF_COU_HEALTH_FINANCING(1.0.0),Q_5_3,F_2_3,CHF_R_POP_R_MH,A,2017,4.062,0,A,3
CH1.COU:DF_COU_HEALTH_FINANCING(1.0.0),Q_5_3,F_2_3,CHF_R_POP_R_MH,A,2018,4.361,0,A,3
CH1.COU:DF_COU_HEALTH_FINANCING(1.0.0),Q_5_3,F_2_3,CHF_R_POP_R_MH,A,2019,5.091,0,A,3
CH1.COU:DF_COU_HEALTH_FINANCING(1.0.0),Q_5_3,F_2_3,CHF_R_POP_R_MH,A,2020,5.17,0,A,3
CH1.COU:DF_COU_HEALTH_FINANCING(1.0.0),Q_5_3,F_2_3,CHF_R_POP_R_MH,A,2021,5.177,0,A,3
CH1.COU:DF_COU_HEALTH_FINANCING(1.0.0),Q_5_3,F_2_3,CHF_R_POP_R_MH,A,2022,4.797,0,A,3
CH1.COU:DF_COU_HEALTH_FINANCING(1.0.0),Q_5_3,F_2_3,CHF_R_POP_R_MH,A,2023,5.198,0,A,3
CH1.COU:DF_COU_HEALTH_FINANCING(1.0.0),Q_5_3,F_2_3,CHF_R_POP_R_MH,A,2024,5.334,0,P,3
CH1.COU:DF_COU_HEALTH_FINANCING(1.0.0),Q_4,_T,CHF_R_POP_R_MH,A,1995,280.874,0,A,3
CH1.COU:DF_COU_HEALTH_FINANCING(1.0.0),Q_4,_T,CHF_R_POP_R_MH,A,1996,302.047,0,A,3
CH1.COU:DF_COU_HEALTH_FINANCING(1.0.0),Q_4,_T,CHF_R_POP_R_MH,A,1997,304.075,0,A,3
CH1.COU:DF_COU_HEALTH_FINANCING(1.0.0),Q_4,_T,CHF_R_POP_R_MH,A,1998,315.587,0,A,3
CH1.COU:DF_COU_HEALTH_FINANCING(1.0.0),Q_4,_T,CHF_R_POP_R_MH,A,1999,318.614,0,A,3
CH1.COU:DF_COU_HEALTH_FINANCING(1.0.0),Q_4,_T,CHF_R_POP_R_MH,A,2000,333.034,0,A,3
CH1.COU:DF_COU_HEALTH_FINANCING(1.0.0),Q_4,_T,CHF_R_POP_R_MH,A,2001,345.061,0,A,3
CH1.COU:DF_COU_HEALTH_FINANCING(1.0.0),Q_4,_T,CHF_R_POP_R_MH,A,2002,350.109,0,A,3
CH1.COU:DF_COU_HEALTH_FINANCING(1.0.0),Q_4,_T,CHF_R_POP_R_MH,A,2003,361.072,0,A,3
CH1.COU:DF_COU_HEALTH_FINANCING(1.0.0),Q_4,_T,CHF_R_POP_R_MH,A,2004,375.453,0,A,3
CH1.COU:DF_COU_HEALTH_FINANCING(1.0.0),Q_4,_T,CHF_R_POP_R_MH,A,2005,385.789,0,A,3
CH1.COU:DF_COU_HEALTH_FINANCING(1.0.0),Q_4,_T,CHF_R_POP_R_MH,A,2006,388.935,0,A,3
CH1.COU:DF_COU_HEALTH_FINANCING(1.0.0),Q_4,_T,CHF_R_POP_R_MH,A,2007,403.748,0,A,3
CH1.COU:DF_COU_HEALTH_FINANCING(1.0.0),Q_4,_T,CHF_R_POP_R_MH,A,2008,414.739,0,A,3
CH1.COU:DF_COU_HEALTH_FINANCING(1.0.0),Q_4,_T,CHF_R_POP_R_MH,A,2009,423.675,0,A,3
CH1.COU:DF_COU_HEALTH_FINANCING(1.0.0),Q_4,_T,CHF_R_POP_R_MH,A,2010,421.116,0,A,3
CH1.COU:DF_COU_HEALTH_FINANCING(1.0.0),Q_4,_T,CHF_R_POP_R_MH,A,2011,436.341,0,A,3
CH1.COU:DF_COU_HEALTH_FINANCING(1.0.0),Q_4,_T,CHF_R_POP_R_MH,A,2012,462.413,0,A,3
CH1.COU:DF_COU_HEALTH_FINANCING(1.0.0),Q_4,_T,CHF_R_POP_R_MH,A,2013,467.467,0,A,3
CH1.COU:DF_COU_HEALTH_FINANCING(1.0.0),Q_4,_T,CHF_R_POP_R_MH,A,2014,462.609,0,A,3
CH1.COU:DF_COU_HEALTH_FINANCING(1.0.0),Q_4,_T,CHF_R_POP_R_MH,A,2015,468.233,0,A,3
CH1.COU:DF_COU_HEALTH_FINANCING(1.0.0),Q_4,_T,CHF_R_POP_R_MH,A,2016,478.237,0,A,3
CH1.COU:DF_COU_HEALTH_FINANCING(1.0.0),Q_4,_T,CHF_R_POP_R_MH,A,2017,494.551,0,A,3
CH1.COU:DF_COU_HEALTH_FINANCING(1.0.0),Q_4,_T,CHF_R_POP_R_MH,A,2018,506.965,0,A,3
CH1.COU:DF_COU_HEALTH_FINANCING(1.0.0),Q_4,_T,CHF_R_POP_R_MH,A,2019,510.359,0,A,3
CH1.COU:DF_COU_HEALTH_FINANCING(1.0.0),Q_4,_T,CHF_R_POP_R_MH,A,2020,503.088,0,A,3
CH1.COU:DF_COU_HEALTH_FINANCING(1.0.0),Q_4,_T,CHF_R_POP_R_MH,A,2021,519.255,0,A,3
CH1.COU:DF_COU_HEALTH_FINANCING(1.0.0),Q_4,_T,CHF_R_POP_R_MH,A,2022,527.853,0,A,3
CH1.COU:DF_COU_HEALTH_FINANCING(1.0.0),Q_4,_T,CHF_R_POP_R_MH,A,2023,540.001,0,A,3
CH1.COU:DF_COU_HEALTH_FINANCING(1.0.0),Q_4,_T,CHF_R_POP_R_MH,A,2024,563.596,0,P,3
CH1.COU:DF_COU_HEALTH_FINANCING(1.0.0),Q_5,F_2,CHF,A,1995,1866.987,6,A,3
CH1.COU:DF_COU_HEALTH_FINANCING(1.0.0),Q_5,F_2,CHF,A,1996,1911.812,6,A,3
CH1.COU:DF_COU_HEALTH_FINANCING(1.0.0),Q_5,F_2,CHF,A,1997,1982.592,6,A,3
CH1.COU:DF_COU_HEALTH_FINANCING(1.0.0),Q_5,F_2,CHF,A,1998,2123.152,6,A,3
CH1.COU:DF_COU_HEALTH_FINANCING(1.0.0),Q_5,F_2,CHF,A,1999,2225.743,6,A,3
CH1.COU:DF_COU_HEALTH_FINANCING(1.0.0),Q_5,F_2,CHF,A,2000,2302.222,6,A,3
CH1.COU:DF_COU_HEALTH_FINANCING(1.0.0),Q_5,F_2,CHF,A,2001,2414.305,6,A,3
CH1.COU:DF_COU_HEALTH_FINANCING(1.0.0),Q_5,F_2,CHF,A,2002,2396.144,6,A,3
CH1.COU:DF_COU_HEALTH_FINANCING(1.0.0),Q_5,F_2,CHF,A,2003,2550.017,6,A,3
CH1.COU:DF_COU_HEALTH_FINANCING(1.0.0),Q_5,F_2,CHF,A,2004,2644.899,6,A,3
CH1.COU:DF_COU_HEALTH_FINANCING(1.0.0),Q_5,F_2,CHF,A,2005,2808.021,6,A,3
CH1.COU:DF_COU_HEALTH_FINANCING(1.0.0),Q_5,F_2,CHF,A,2006,2729.418,6,A,3
CH1.COU:DF_COU_HEALTH_FINANCING(1.0.0),Q_5,F_2,CHF,A,2007,2750.389,6,A,3
CH1.COU:DF_COU_HEALTH_FINANCING(1.0.0),Q_5,F_2,CHF,A,2008,2744.289,6,A,3
CH1.COU:DF_COU_HEALTH_FINANCING(1.0.0),Q_5,F_2,CHF,A,2009,3221.126,6,A,3
CH1.COU:DF_COU_HEALTH_FINANCING(1.0.0),Q_5,F_2,CHF,A,2010,2759.499,6,A,3
CH1.COU:DF_COU_HEALTH_FINANCING(1.0.0),Q_5,F_2,CHF,A,2011,2713.289,6,A,3
CH1.COU:DF_COU_HEALTH_FINANCING(1.0.0),Q_5,F_2,CHF,A,2012,2773.622,6,A,3
CH1.COU:DF_COU_HEALTH_FINANCING(1.0.0),Q_5,F_2,CHF,A,2013,3005.929,6,A,3
CH1.COU:DF_COU_HEALTH_FINANCING(1.0.0),Q_5,F_2,CHF,A,2014,3041.629,6,A,3
CH1.COU:DF_COU_HEALTH_FINANCING(1.0.0),Q_5,F_2,CHF,A,2015,3118.205,6,A,3
CH1.COU:DF_COU_HEALTH_FINANCING(1.0.0),Q_5,F_2,CHF,A,2016,3254.92,6,A,3
CH1.COU:DF_COU_HEALTH_FINANCING(1.0.0),Q_5,F_2,CHF,A,2017,3230.105,6,A,3
CH1.COU:DF_COU_HEALTH_FINANCING(1.0.0),Q_5,F_2,CHF,A,2018,3362.51,6,A,3
CH1.COU:DF_COU_HEALTH_FINANCING(1.0.0),Q_5,F_2,CHF,A,2019,3594.811,6,A,3
CH1.COU:DF_COU_HEALTH_FINANCING(1.0.0),Q_5,F_2,CHF,A,2020,3537.797,6,A,3
CH1.COU:DF_COU_HEALTH_FINANCING(1.0.0),Q_5,F_2,CHF,A,2021,3546.588,6,A,3
CH1.COU:DF_COU_HEALTH_FINANCING(1.0.0),Q_5,F_2,CHF,A,2022,3526.127,6,A,3
CH1.COU:DF_COU_HEALTH_FINANCING(1.0.0),Q_5,F_2,CHF,A,2023,3825.745,6,A,3
CH1.COU:DF_COU_HEALTH_FINANCING(1.0.0),Q_5,F_2,CHF,A,2024,3834.638,6,P,3
CH1.COU:DF_COU_HEALTH_FINANCING(1.0.0),_T,F_1,CHF_R_POP_R_MH,A,1995,63.176,0,A,3
CH1.COU:DF_COU_HEALTH_FINANCING(1.0.0),_T,F_1,CHF_R_POP_R_MH,A,1996,65.717,0,A,3
CH1.COU:DF_COU_HEALTH_FINANCING(1.0.0),_T,F_1,CHF_R_POP_R_MH,A,1997,64.798,0,A,3
CH1.COU:DF_COU_HEALTH_FINANCING(1.0.0),_T,F_1,CHF_R_POP_R_MH,A,1998,65.113,0,A,3
CH1.COU:DF_COU_HEALTH_FINANCING(1.0.0),_T,F_1,CHF_R_POP_R_MH,A,1999,68.053,0,A,3
CH1.COU:DF_COU_HEALTH_FINANCING(1.0.0),_T,F_1,CHF_R_POP_R_MH,A,2000,69.786,0,A,3
CH1.COU:DF_COU_HEALTH_FINANCING(1.0.0),_T,F_1,CHF_R_POP_R_MH,A,2001,81.883,0,A,3
CH1.COU:DF_COU_HEALTH_FINANCING(1.0.0),_T,F_1,CHF_R_POP_R_MH,A,2002,90.955,0,A,3
CH1.COU:DF_COU_HEALTH_FINANCING(1.0.0),_T,F_1,CHF_R_POP_R_MH,A,2003,93.683,0,A,3
CH1.COU:DF_COU_HEALTH_FINANCING(1.0.0),_T,F_1,CHF_R_POP_R_MH,A,2004,91.63,0,A,3
CH1.COU:DF_COU_HEALTH_FINANCING(1.0.0),_T,F_1,CHF_R_POP_R_MH,A,2005,92.327,0,A,3
CH1.COU:DF_COU_HEALTH_FINANCING(1.0.0),_T,F_1,CHF_R_POP_R_MH,A,2006,90.921,0,A,3
CH1.COU:DF_COU_HEALTH_FINANCING(1.0.0),_T,F_1,CHF_R_POP_R_MH,A,2007,94.537,0,A,3
CH1.COU:DF_COU_HEALTH_FINANCING(1.0.0),_T,F_1,CHF_R_POP_R_MH,A,2008,112.053,0,A,3
CH1.COU:DF_COU_HEALTH_FINANCING(1.0.0),_T,F_1,CHF_R_POP_R_MH,A,2009,120.377,0,A,3
CH1.COU:DF_COU_HEALTH_FINANCING(1.0.0),_T,F_1,CHF_R_POP_R_MH,A,2010,129.891,0,A,3
CH1.COU:DF_COU_HEALTH_FINANCING(1.0.0),_T,F_1,CHF_R_POP_R_MH,A,2011,136.238,0,A,3
CH1.COU:DF_COU_HEALTH_FINANCING(1.0.0),_T,F_1,CHF_R_POP_R_MH,A,2012,149.197,0,A,3
CH1.COU:DF_COU_HEALTH_FINANCING(1.0.0),_T,F_1,CHF_R_POP_R_MH,A,2013,148.775,0,A,3
CH1.COU:DF_COU_HEALTH_FINANCING(1.0.0),_T,F_1,CHF_R_POP_R_MH,A,2014,150.334,0,A,3
CH1.COU:DF_COU_HEALTH_FINANCING(1.0.0),_T,F_1,CHF_R_POP_R_MH,A,2015,152.213,0,A,3
CH1.COU:DF_COU_HEALTH_FINANCING(1.0.0),_T,F_1,CHF_R_POP_R_MH,A,2016,156.433,0,A,3
CH1.COU:DF_COU_HEALTH_FINANCING(1.0.0),_T,F_1,CHF_R_POP_R_MH,A,2017,160.236,0,A,3
CH1.COU:DF_COU_HEALTH_FINANCING(1.0.0),_T,F_1,CHF_R_POP_R_MH,A,2018,158.944,0,A,3
CH1.COU:DF_COU_HEALTH_FINANCING(1.0.0),_T,F_1,CHF_R_POP_R_MH,A,2019,161.811,0,A,3
CH1.COU:DF_COU_HEALTH_FINANCING(1.0.0),_T,F_1,CHF_R_POP_R_MH,A,2020,181.401,0,A,3
CH1.COU:DF_COU_HEALTH_FINANCING(1.0.0),_T,F_1,CHF_R_POP_R_MH,A,2021,193.447,0,A,3
CH1.COU:DF_COU_HEALTH_FINANCING(1.0.0),_T,F_1,CHF_R_POP_R_MH,A,2022,194.81,0,A,3
CH1.COU:DF_COU_HEALTH_FINANCING(1.0.0),_T,F_1,CHF_R_POP_R_MH,A,2023,178.139,0,A,3
CH1.COU:DF_COU_HEALTH_FINANCING(1.0.0),_T,F_1,CHF_R_POP_R_MH,A,2024,183.275,0,P,3
CH1.COU:DF_COU_HEALTH_FINANCING(1.0.0),_T,F_2_3,CHF_R_POP_R_MH,A,1995,15.348,0,A,3
CH1.COU:DF_COU_HEALTH_FINANCING(1.0.0),_T,F_2_3,CHF_R_POP_R_MH,A,1996,16.267,0,A,3
CH1.COU:DF_COU_HEALTH_FINANCING(1.0.0),_T,F_2_3,CHF_R_POP_R_MH,A,1997,17.081,0,A,3
CH1.COU:DF_COU_HEALTH_FINANCING(1.0.0),_T,F_2_3,CHF_R_POP_R_MH,A,1998,17.377,0,A,3
CH1.COU:DF_COU_HEALTH_FINANCING(1.0.0),_T,F_2_3,CHF_R_POP_R_MH,A,1999,17.685,0,A,3
CH1.COU:DF_COU_HEALTH_FINANCING(1.0.0),_T,F_2_3,CHF_R_POP_R_MH,A,2000,18.5,0,A,3
CH1.COU:DF_COU_HEALTH_FINANCING(1.0.0),_T,F_2_3,CHF_R_POP_R_MH,A,2001,19.773,0,A,3
CH1.COU:DF_COU_HEALTH_FINANCING(1.0.0),_T,F_2_3,CHF_R_POP_R_MH,A,2002,20.529,0,A,3
CH1.COU:DF_COU_HEALTH_FINANCING(1.0.0),_T,F_2_3,CHF_R_POP_R_MH,A,2003,21.256,0,A,3
CH1.COU:DF_COU_HEALTH_FINANCING(1.0.0),_T,F_2_3,CHF_R_POP_R_MH,A,2004,24.561,0,A,3
CH1.COU:DF_COU_HEALTH_FINANCING(1.0.0),_T,F_2_3,CHF_R_POP_R_MH,A,2005,26.022,0,A,3
CH1.COU:DF_COU_HEALTH_FINANCING(1.0.0),_T,F_2_3,CHF_R_POP_R_MH,A,2006,24.704,0,A,3
CH1.COU:DF_COU_HEALTH_FINANCING(1.0.0),_T,F_2_3,CHF_R_POP_R_MH,A,2007,25.497,0,A,3
CH1.COU:DF_COU_HEALTH_FINANCING(1.0.0),_T,F_2_3,CHF_R_POP_R_MH,A,2008,21.157,0,A,3
CH1.COU:DF_COU_HEALTH_FINANCING(1.0.0),_T,F_2_3,CHF_R_POP_R_MH,A,2009,20.266,0,A,3
CH1.COU:DF_COU_HEALTH_FINANCING(1.0.0),_T,F_2_3,CHF_R_POP_R_MH,A,2010,15.807,0,A,3
CH1.COU:DF_COU_HEALTH_FINANCING(1.0.0),_T,F_2_3,CHF_R_POP_R_MH,A,2011,15.695,0,A,3
CH1.COU:DF_COU_HEALTH_FINANCING(1.0.0),_T,F_2_3,CHF_R_POP_R_MH,A,2012,15.409,0,A,3
CH1.COU:DF_COU_HEALTH_FINANCING(1.0.0),_T,F_2_3,CHF_R_POP_R_MH,A,2013,15.757,0,A,3
CH1.COU:DF_COU_HEALTH_FINANCING(1.0.0),_T,F_2_3,CHF_R_POP_R_MH,A,2014,15.74,0,A,3
CH1.COU:DF_COU_HEALTH_FINANCING(1.0.0),_T,F_2_3,CHF_R_POP_R_MH,A,2015,16.332,0,A,3
CH1.COU:DF_COU_HEALTH_FINANCING(1.0.0),_T,F_2_3,CHF_R_POP_R_MH,A,2016,16.429,0,A,3
CH1.COU:DF_COU_HEALTH_FINANCING(1.0.0),_T,F_2_3,CHF_R_POP_R_MH,A,2017,16.668,0,A,3
CH1.COU:DF_COU_HEALTH_FINANCING(1.0.0),_T,F_2_3,CHF_R_POP_R_MH,A,2018,16.893,0,A,3
CH1.COU:DF_COU_HEALTH_FINANCING(1.0.0),_T,F_2_3,CHF_R_POP_R_MH,A,2019,18.084,0,A,3
CH1.COU:DF_COU_HEALTH_FINANCING(1.0.0),_T,F_2_3,CHF_R_POP_R_MH,A,2020,18.542,0,A,3
CH1.COU:DF_COU_HEALTH_FINANCING(1.0.0),_T,F_2_3,CHF_R_POP_R_MH,A,2021,18.569,0,A,3
CH1.COU:DF_COU_HEALTH_FINANCING(1.0.0),_T,F_2_3,CHF_R_POP_R_MH,A,2022,18.165,0,A,3
CH1.COU:DF_COU_HEALTH_FINANCING(1.0.0),_T,F_2_3,CHF_R_POP_R_MH,A,2023,18.643,0,A,3
CH1.COU:DF_COU_HEALTH_FINANCING(1.0.0),_T,F_2_3,CHF_R_POP_R_MH,A,2024,18.946,0,P,3
CH1.COU:DF_COU_HEALTH_FINANCING(1.0.0),_T,F_2_7,CHF,A,1995,346.456,6,A,3
CH1.COU:DF_COU_HEALTH_FINANCING(1.0.0),_T,F_2_7,CHF,A,1996,356.228,6,A,3
CH1.COU:DF_COU_HEALTH_FINANCING(1.0.0),_T,F_2_7,CHF,A,1997,382.563,6,A,3
CH1.COU:DF_COU_HEALTH_FINANCING(1.0.0),_T,F_2_7,CHF,A,1998,411.225,6,A,3
CH1.COU:DF_COU_HEALTH_FINANCING(1.0.0),_T,F_2_7,CHF,A,1999,437.806,6,A,3
CH1.COU:DF_COU_HEALTH_FINANCING(1.0.0),_T,F_2_7,CHF,A,2000,455.819,6,A,3
CH1.COU:DF_COU_HEALTH_FINANCING(1.0.0),_T,F_2_7,CHF,A,2001,475.207,6,A,3
CH1.COU:DF_COU_HEALTH_FINANCING(1.0.0),_T,F_2_7,CHF,A,2002,516.49,6,A,3
CH1.COU:DF_COU_HEALTH_FINANCING(1.0.0),_T,F_2_7,CHF,A,2003,550.459,6,A,3
CH1.COU:DF_COU_HEALTH_FINANCING(1.0.0),_T,F_2_7,CHF,A,2004,587.105,6,A,3
CH1.COU:DF_COU_HEALTH_FINANCING(1.0.0),_T,F_2_7,CHF,A,2005,603.425,6,A,3
CH1.COU:DF_COU_HEALTH_FINANCING(1.0.0),_T,F_2_7,CHF,A,2006,623.124,6,A,3
CH1.COU:DF_COU_HEALTH_FINANCING(1.0.0),_T,F_2_7,CHF,A,2007,660.623,6,A,3
CH1.COU:DF_COU_HEALTH_FINANCING(1.0.0),_T,F_2_7,CHF,A,2008,847.337,6,A,3
CH1.COU:DF_COU_HEALTH_FINANCING(1.0.0),_T,F_2_7,CHF,A,2009,903.02,6,A,3
CH1.COU:DF_COU_HEALTH_FINANCING(1.0.0),_T,F_2_7,CHF,A,2010,688.346,6,A,3
CH1.COU:DF_COU_HEALTH_FINANCING(1.0.0),_T,F_2_7,CHF,A,2011,718.11,6,A,3
CH1.COU:DF_COU_HEALTH_FINANCING(1.0.0),_T,F_2_7,CHF,A,2012,749.246,6,A,3
CH1.COU:DF_COU_HEALTH_FINANCING(1.0.0),_T,F_2_7,CHF,A,2013,731.389,6,A,3
CH1.COU:DF_COU_HEALTH_FINANCING(1.0.0),_T,F_2_7,CHF,A,2014,738.238,6,A,3
CH1.COU:DF_COU_HEALTH_FINANCING(1.0.0),_T,F_2_7,CHF,A,2015,751.407,6,A,3
CH1.COU:DF_COU_HEALTH_FINANCING(1.0.0),_T,F_2_7,CHF,A,2016,778.29,6,A,3
CH1.COU:DF_COU_HEALTH_FINANCING(1.0.0),_T,F_2_7,CHF,A,2017,756.71,6,A,3
CH1.COU:DF_COU_HEALTH_FINANCING(1.0.0),_T,F_2_7,CHF,A,2018,779.238,6,A,3
CH1.COU:DF_COU_HEALTH_FINANCING(1.0.0),_T,F_2_7,CHF,A,2019,792.398,6,A,3
CH1.COU:DF_COU_HEALTH_FINANCING(1.0.0),_T,F_2_7,CHF,A,2020,804.402,6,A,3
CH1.COU:DF_COU_HEALTH_FINANCING(1.0.0),_T,F_2_7,CHF,A,2021,811.093,6,A,3
CH1.COU:DF_COU_HEALTH_FINANCING(1.0.0),_T,F_2_7,CHF,A,2022,820.102,6,A,3
CH1.COU:DF_COU_HEALTH_FINANCING(1.0.0),_T,F_2_7,CHF,A,2023,827.23,6,A,3
CH1.COU:DF_COU_HEALTH_FINANCING(1.0.0),_T,F_2_7,CHF,A,2024,847.969,6,P,3
CH1.COU:DF_COU_HEALTH_FINANCING(1.0.0),_T,F_4_2,CHF_R_POP_R_MH,A,1995,1.161,0,A,3
CH1.COU:DF_COU_HEALTH_FINANCING(1.0.0),_T,F_4_2,CHF_R_POP_R_MH,A,1996,1.267,0,A,3
CH1.COU:DF_COU_HEALTH_FINANCING(1.0.0),_T,F_4_2,CHF_R_POP_R_MH,A,1997,1.106,0,A,3
CH1.COU:DF_COU_HEALTH_FINANCING(1.0.0),_T,F_4_2,CHF_R_POP_R_MH,A,1998,1.107,0,A,3
CH1.COU:DF_COU_HEALTH_FINANCING(1.0.0),_T,F_4_2,CHF_R_POP_R_MH,A,1999,1.026,0,A,3
CH1.COU:DF_COU_HEALTH_FINANCING(1.0.0),_T,F_4_2,CHF_R_POP_R_MH,A,2000,1.082,0,A,3
CH1.COU:DF_COU_HEALTH_FINANCING(1.0.0),_T,F_4_2,CHF_R_POP_R_MH,A,2001,1.117,0,A,3
CH1.COU:DF_COU_HEALTH_FINANCING(1.0.0),_T,F_4_2,CHF_R_POP_R_MH,A,2002,1.083,0,A,3
CH1.COU:DF_COU_HEALTH_FINANCING(1.0.0),_T,F_4_2,CHF_R_POP_R_MH,A,2003,1.039,0,A,3
CH1.COU:DF_COU_HEALTH_FINANCING(1.0.0),_T,F_4_2,CHF_R_POP_R_MH,A,2004,1.036,0,A,3
CH1.COU:DF_COU_HEALTH_FINANCING(1.0.0),_T,F_4_2,CHF_R_POP_R_MH,A,2005,1.065,0,A,3
CH1.COU:DF_COU_HEALTH_FINANCING(1.0.0),_T,F_4_2,CHF_R_POP_R_MH,A,2006,1.089,0,A,3
CH1.COU:DF_COU_HEALTH_FINANCING(1.0.0),_T,F_4_2,CHF_R_POP_R_MH,A,2007,1.144,0,A,3
CH1.COU:DF_COU_HEALTH_FINANCING(1.0.0),_T,F_4_2,CHF_R_POP_R_MH,A,2008,1.156,0,A,3
CH1.COU:DF_COU_HEALTH_FINANCING(1.0.0),_T,F_4_2,CHF_R_POP_R_MH,A,2009,1.164,0,A,3
CH1.COU:DF_COU_HEALTH_FINANCING(1.0.0),_T,F_4_2,CHF_R_POP_R_MH,A,2010,1.085,0,A,3
CH1.COU:DF_COU_HEALTH_FINANCING(1.0.0),_T,F_4_2,CHF_R_POP_R_MH,A,2011,1.119,0,A,3
CH1.COU:DF_COU_HEALTH_FINANCING(1.0.0),_T,F_4_2,CHF_R_POP_R_MH,A,2012,1.167,0,A,3
CH1.COU:DF_COU_HEALTH_FINANCING(1.0.0),_T,F_4_2,CHF_R_POP_R_MH,A,2013,1.338,0,A,3
CH1.COU:DF_COU_HEALTH_FINANCING(1.0.0),_T,F_4_2,CHF_R_POP_R_MH,A,2014,1.333,0,A,3
CH1.COU:DF_COU_HEALTH_FINANCING(1.0.0),_T,F_4_2,CHF_R_POP_R_MH,A,2015,1.502,0,A,3
CH1.COU:DF_COU_HEALTH_FINANCING(1.0.0),_T,F_4_2,CHF_R_POP_R_MH,A,2016,1.527,0,A,3
CH1.COU:DF_COU_HEALTH_FINANCING(1.0.0),_T,F_4_2,CHF_R_POP_R_MH,A,2017,1.438,0,A,3
CH1.COU:DF_COU_HEALTH_FINANCING(1.0.0),_T,F_4_2,CHF_R_POP_R_MH,A,2018,1.335,0,A,3
CH1.COU:DF_COU_HEALTH_FINANCING(1.0.0),_T,F_4_2,CHF_R_POP_R_MH,A,2019,1.35,0,A,3
CH1.COU:DF_COU_HEALTH_FINANCING(1.0.0),_T,F_4_2,CHF_R_POP_R_MH,A,2020,1.222,0,A,3
CH1.COU:DF_COU_HEALTH_FINANCING(1.0.0),_T,F_4_2,CHF_R_POP_R_MH,A,2021,1.149,0,A,3
CH1.COU:DF_COU_HEALTH_FINANCING(1.0.0),_T,F_4_2,CHF_R_POP_R_MH,A,2022,1.118,0,A,3
CH1.COU:DF_COU_HEALTH_FINANCING(1.0.0),_T,F_4_2,CHF_R_POP_R_MH,A,2023,1.217,0,A,3
CH1.COU:DF_COU_HEALTH_FINANCING(1.0.0),_T,F_4_2,CHF_R_POP_R_MH,A,2024,1.219,0,P,3
CH1.COU:DF_COU_HEALTH_FINANCING(1.0.0),Q_1,F_2_2,CHF,A,1995,357.35,6,A,3
CH1.COU:DF_COU_HEALTH_FINANCING(1.0.0),Q_1,F_2_2,CHF,A,1996,377.24,6,A,3
CH1.COU:DF_COU_HEALTH_FINANCING(1.0.0),Q_1,F_2_2,CHF,A,1997,399.98,6,A,3
CH1.COU:DF_COU_HEALTH_FINANCING(1.0.0),Q_1,F_2_2,CHF,A,1998,403.036,6,A,3
CH1.COU:DF_COU_HEALTH_FINANCING(1.0.0),Q_1,F_2_2,CHF,A,1999,414.968,6,A,3
CH1.COU:DF_COU_HEALTH_FINANCING(1.0.0),Q_1,F_2_2,CHF,A,2000,417.362,6,A,3
CH1.COU:DF_COU_HEALTH_FINANCING(1.0.0),Q_1,F_2_2,CHF,A,2001,451.438,6,A,3
CH1.COU:DF_COU_HEALTH_FINANCING(1.0.0),Q_1,F_2_2,CHF,A,2002,465.084,6,A,3
CH1.COU:DF_COU_HEALTH_FINANCING(1.0.0),Q_1,F_2_2,CHF,A,2003,478.315,6,A,3
CH1.COU:DF_COU_HEALTH_FINANCING(1.0.0),Q_1,F_2_2,CHF,A,2004,483.799,6,A,3
CH1.COU:DF_COU_HEALTH_FINANCING(1.0.0),Q_1,F_2_2,CHF,A,2005,504.914,6,A,3
CH1.COU:DF_COU_HEALTH_FINANCING(1.0.0),Q_1,F_2_2,CHF,A,2006,510.484,6,A,3
CH1.COU:DF_COU_HEALTH_FINANCING(1.0.0),Q_1,F_2_2,CHF,A,2007,531.934,6,A,3
CH1.COU:DF_COU_HEALTH_FINANCING(1.0.0),Q_1,F_2_2,CHF,A,2008,488.627,6,A,3
CH1.COU:DF_COU_HEALTH_FINANCING(1.0.0),Q_1,F_2_2,CHF,A,2009,261.537,6,A,3
CH1.COU:DF_COU_HEALTH_FINANCING(1.0.0),Q_1,F_2_2,CHF,A,2010,497.648,6,A,3
CH1.COU:DF_COU_HEALTH_FINANCING(1.0.0),Q_1,F_2_2,CHF,A,2011,538.324,6,A,3
CH1.COU:DF_COU_HEALTH_FINANCING(1.0.0),Q_1,F_2_2,CHF,A,2012,553.009,6,A,3
CH1.COU:DF_COU_HEALTH_FINANCING(1.0.0),Q_1,F_2_2,CHF,A,2013,564.04,6,A,3
CH1.COU:DF_COU_HEALTH_FINANCING(1.0.0),Q_1,F_2_2,CHF,A,2014,568.624,6,A,3
CH1.COU:DF_COU_HEALTH_FINANCING(1.0.0),Q_1,F_2_2,CHF,A,2015,579.869,6,A,3
CH1.COU:DF_COU_HEALTH_FINANCING(1.0.0),Q_1,F_2_2,CHF,A,2016,592.84,6,A,3
CH1.COU:DF_COU_HEALTH_FINANCING(1.0.0),Q_1,F_2_2,CHF,A,2017,608.174,6,A,3
CH1.COU:DF_COU_HEALTH_FINANCING(1.0.0),Q_1,F_2_2,CHF,A,2018,615.106,6,A,3
CH1.COU:DF_COU_HEALTH_FINANCING(1.0.0),Q_1,F_2_2,CHF,A,2019,646.09,6,A,3
CH1.COU:DF_COU_HEALTH_FINANCING(1.0.0),Q_1,F_2_2,CHF,A,2020,645.077,6,A,3
CH1.COU:DF_COU_HEALTH_FINANCING(1.0.0),Q_1,F_2_2,CHF,A,2021,630.64,6,A,3
CH1.COU:DF_COU_HEALTH_FINANCING(1.0.0),Q_1,F_2_2,CHF,A,2022,640.685,6,A,3
CH1.COU:DF_COU_HEALTH_FINANCING(1.0.0),Q_1,F_2_2,CHF,A,2023,682.38,6,A,3
CH1.COU:DF_COU_HEALTH_FINANCING(1.0.0),Q_1,F_2_2,CHF,A,2024,728.827,6,P,3
CH1.COU:DF_COU_HEALTH_FINANCING(1.0.0),Q_4,F_2,CHF,A,1995,8244.342,6,A,3
CH1.COU:DF_COU_HEALTH_FINANCING(1.0.0),Q_4,F_2,CHF,A,1996,9578.219,6,A,3
CH1.COU:DF_COU_HEALTH_FINANCING(1.0.0),Q_4,F_2,CHF,A,1997,9880.752,6,A,3
CH1.COU:DF_COU_HEALTH_FINANCING(1.0.0),Q_4,F_2,CHF,A,1998,10437.976,6,A,3
CH1.COU:DF_COU_HEALTH_FINANCING(1.0.0),Q_4,F_2,CHF,A,1999,10725.217,6,A,3
CH1.COU:DF_COU_HEALTH_FINANCING(1.0.0),Q_4,F_2,CHF,A,2000,11437.152,6,A,3
CH1.COU:DF_COU_HEALTH_FINANCING(1.0.0),Q_4,F_2,CHF,A,2001,12114.927,6,A,3
CH1.COU:DF_COU_HEALTH_FINANCING(1.0.0),Q_4,F_2,CHF,A,2002,12818.809,6,A,3
CH1.COU:DF_COU_HEALTH_FINANCING(1.0.0),Q_4,F_2,CHF,A,2003,13582.494,6,A,3
CH1.COU:DF_COU_HEALTH_FINANCING(1.0.0),Q_4,F_2,CHF,A,2004,14400.16,6,A,3
CH1.COU:DF_COU_HEALTH_FINANCING(1.0.0),Q_4,F_2,CHF,A,2005,15285.002,6,A,3
CH1.COU:DF_COU_HEALTH_FINANCING(1.0.0),Q_4,F_2,CHF,A,2006,15434.512,6,A,3
CH1.COU:DF_COU_HEALTH_FINANCING(1.0.0),Q_4,F_2,CHF,A,2007,16114.262,6,A,3
CH1.COU:DF_COU_HEALTH_FINANCING(1.0.0),Q_4,F_2,CHF,A,2008,17152.693,6,A,3
CH1.COU:DF_COU_HEALTH_FINANCING(1.0.0),Q_4,F_2,CHF,A,2009,17890.166,6,A,3
CH1.COU:DF_COU_HEALTH_FINANCING(1.0.0),Q_4,F_2,CHF,A,2010,17933.404,6,A,3
CH1.COU:DF_COU_HEALTH_FINANCING(1.0.0),Q_4,F_2,CHF,A,2011,19397.605,6,A,3
CH1.COU:DF_COU_HEALTH_FINANCING(1.0.0),Q_4,F_2,CHF,A,2012,21858.576,6,A,3
CH1.COU:DF_COU_HEALTH_FINANCING(1.0.0),Q_4,F_2,CHF,A,2013,22358.53,6,A,3
CH1.COU:DF_COU_HEALTH_FINANCING(1.0.0),Q_4,F_2,CHF,A,2014,22376.795,6,A,3
CH1.COU:DF_COU_HEALTH_FINANCING(1.0.0),Q_4,F_2,CHF,A,2015,23210.998,6,A,3
CH1.COU:DF_COU_HEALTH_FINANCING(1.0.0),Q_4,F_2,CHF,A,2016,24557.996,6,A,3
CH1.COU:DF_COU_HEALTH_FINANCING(1.0.0),Q_4,F_2,CHF,A,2017,25828.982,6,A,3
CH1.COU:DF_COU_HEALTH_FINANCING(1.0.0),Q_4,F_2,CHF,A,2018,26809.441,6,A,3
CH1.COU:DF_COU_HEALTH_FINANCING(1.0.0),Q_4,F_2,CHF,A,2019,27143.309,6,A,3
CH1.COU:DF_COU_HEALTH_FINANCING(1.0.0),Q_4,F_2,CHF,A,2020,27123.875,6,A,3
CH1.COU:DF_COU_HEALTH_FINANCING(1.0.0),Q_4,F_2,CHF,A,2021,27401.729,6,A,3
CH1.COU:DF_COU_HEALTH_FINANCING(1.0.0),Q_4,F_2,CHF,A,2022,27770.021,6,A,3
CH1.COU:DF_COU_HEALTH_FINANCING(1.0.0),Q_4,F_2,CHF,A,2023,29472.746,6,A,3
CH1.COU:DF_COU_HEALTH_FINANCING(1.0.0),Q_4,F_2,CHF,A,2024,31914.16,6,P,3
CH1.COU:DF_COU_HEALTH_FINANCING(1.0.0),Q_5_2,F_2_3,CHF,A,2010,65.99,6,A,3
CH1.COU:DF_COU_HEALTH_FINANCING(1.0.0),Q_5_2,F_2_3,CHF,A,2011,57.345,6,A,3
CH1.COU:DF_COU_HEALTH_FINANCING(1.0.0),Q_5_2,F_2_3,CHF,A,2012,56.506,6,A,3
CH1.COU:DF_COU_HEALTH_FINANCING(1.0.0),Q_5_2,F_2_3,CHF,A,2013,59.57,6,A,3
CH1.COU:DF_COU_HEALTH_FINANCING(1.0.0),Q_5_2,F_2_3,CHF,A,2014,57.954,6,A,3
CH1.COU:DF_COU_HEALTH_FINANCING(1.0.0),Q_5_2,F_2_3,CHF,A,2015,61.368,6,A,3
CH1.COU:DF_COU_HEALTH_FINANCING(1.0.0),Q_5_2,F_2_3,CHF,A,2016,62.352,6,A,3
CH1.COU:DF_COU_HEALTH_FINANCING(1.0.0),Q_5_2,F_2_3,CHF,A,2017,61.433,6,A,3
CH1.COU:DF_COU_HEALTH_FINANCING(1.0.0),Q_5_2,F_2_3,CHF,A,2018,71.048,6,A,3
CH1.COU:DF_COU_HEALTH_FINANCING(1.0.0),Q_5_2,F_2_3,CHF,A,2019,74.045,6,A,3
CH1.COU:DF_COU_HEALTH_FINANCING(1.0.0),Q_5_2,F_2_3,CHF,A,2020,74.686,6,A,3
CH1.COU:DF_COU_HEALTH_FINANCING(1.0.0),Q_5_2,F_2_3,CHF,A,2021,72.69,6,A,3
CH1.COU:DF_COU_HEALTH_FINANCING(1.0.0),Q_5_2,F_2_3,CHF,A,2022,74.426,6,A,3
CH1.COU:DF_COU_HEALTH_FINANCING(1.0.0),Q_5_2,F_2_3,CHF,A,2023,69.864,6,A,3
CH1.COU:DF_COU_HEALTH_FINANCING(1.0.0),Q_5_2,F_2_3,CHF,A,2024,69.401,6,P,3
CH1.COU:DF_COU_HEALTH_FINANCING(1.0.0),Q_5_3,F_2_4,CHF_R_POP_R_MH,A,2010,13.846,0,A,3
CH1.COU:DF_COU_HEALTH_FINANCING(1.0.0),Q_5_3,F_2_4,CHF_R_POP_R_MH,A,2011,13.985,0,A,3
CH1.COU:DF_COU_HEALTH_FINANCING(1.0.0),Q_5_3,F_2_4,CHF_R_POP_R_MH,A,2012,14.198,0,A,3
CH1.COU:DF_COU_HEALTH_FINANCING(1.0.0),Q_5_3,F_2_4,CHF_R_POP_R_MH,A,2013,15.714,0,A,3
CH1.COU:DF_COU_HEALTH_FINANCING(1.0.0),Q_5_3,F_2_4,CHF_R_POP_R_MH,A,2014,15.628,0,A,3
CH1.COU:DF_COU_HEALTH_FINANCING(1.0.0),Q_5_3,F_2_4,CHF_R_POP_R_MH,A,2015,15.862,0,A,3
CH1.COU:DF_COU_HEALTH_FINANCING(1.0.0),Q_5_3,F_2_4,CHF_R_POP_R_MH,A,2016,16.232,0,A,3
CH1.COU:DF_COU_HEALTH_FINANCING(1.0.0),Q_5_3,F_2_4,CHF_R_POP_R_MH,A,2017,15.643,0,A,3
CH1.COU:DF_COU_HEALTH_FINANCING(1.0.0),Q_5_3,F_2_4,CHF_R_POP_R_MH,A,2018,16.051,0,A,3
CH1.COU:DF_COU_HEALTH_FINANCING(1.0.0),Q_5_3,F_2_4,CHF_R_POP_R_MH,A,2019,16.536,0,A,3
CH1.COU:DF_COU_HEALTH_FINANCING(1.0.0),Q_5_3,F_2_4,CHF_R_POP_R_MH,A,2020,15.849,0,A,3
CH1.COU:DF_COU_HEALTH_FINANCING(1.0.0),Q_5_3,F_2_4,CHF_R_POP_R_MH,A,2021,15.581,0,A,3
CH1.COU:DF_COU_HEALTH_FINANCING(1.0.0),Q_5_3,F_2_4,CHF_R_POP_R_MH,A,2022,16.181,0,A,3
CH1.COU:DF_COU_HEALTH_FINANCING(1.0.0),Q_5_3,F_2_4,CHF_R_POP_R_MH,A,2023,17.207,0,A,3
CH1.COU:DF_COU_HEALTH_FINANCING(1.0.0),Q_5_3,F_2_4,CHF_R_POP_R_MH,A,2024,16.82,0,P,3
CH1.COU:DF_COU_HEALTH_FINANCING(1.0.0),_T,F_2_1,CHF_R_POP_R_MH,A,1995,122.52,0,A,3
CH1.COU:DF_COU_HEALTH_FINANCING(1.0.0),_T,F_2_1,CHF_R_POP_R_MH,A,1996,134.463,0,A,3
CH1.COU:DF_COU_HEALTH_FINANCING(1.0.0),_T,F_2_1,CHF_R_POP_R_MH,A,1997,140.917,0,A,3
CH1.COU:DF_COU_HEALTH_FINANCING(1.0.0),_T,F_2_1,CHF_R_POP_R_MH,A,1998,149.114,0,A,3
CH1.COU:DF_COU_HEALTH_FINANCING(1.0.0),_T,F_2_1,CHF_R_POP_R_MH,A,1999,154.264,0,A,3
CH1.COU:DF_COU_HEALTH_FINANCING(1.0.0),_T,F_2_1,CHF_R_POP_R_MH,A,2000,162.315,0,A,3
CH1.COU:DF_COU_HEALTH_FINANCING(1.0.0),_T,F_2_1,CHF_R_POP_R_MH,A,2001,170.782,0,A,3
CH1.COU:DF_COU_HEALTH_FINANCING(1.0.0),_T,F_2_1,CHF_R_POP_R_MH,A,2002,179.512,0,A,3
CH1.COU:DF_COU_HEALTH_FINANCING(1.0.0),_T,F_2_1,CHF_R_POP_R_MH,A,2003,188.148,0,A,3
CH1.COU:DF_COU_HEALTH_FINANCING(1.0.0),_T,F_2_1,CHF_R_POP_R_MH,A,2004,196.825,0,A,3
CH1.COU:DF_COU_HEALTH_FINANCING(1.0.0),_T,F_2_1,CHF_R_POP_R_MH,A,2005,206.502,0,A,3
CH1.COU:DF_COU_HEALTH_FINANCING(1.0.0),_T,F_2_1,CHF_R_POP_R_MH,A,2006,208.122,0,A,3
CH1.COU:DF_COU_HEALTH_FINANCING(1.0.0),_T,F_2_1,CHF_R_POP_R_MH,A,2007,216.066,0,A,3
CH1.COU:DF_COU_HEALTH_FINANCING(1.0.0),_T,F_2_1,CHF_R_POP_R_MH,A,2008,224.232,0,A,3
CH1.COU:DF_COU_HEALTH_FINANCING(1.0.0),_T,F_2_1,CHF_R_POP_R_MH,A,2009,230.972,0,A,3
CH1.COU:DF_COU_HEALTH_FINANCING(1.0.0),_T,F_2_1,CHF_R_POP_R_MH,A,2010,234.87,0,A,3
CH1.COU:DF_COU_HEALTH_FINANCING(1.0.0),_T,F_2_1,CHF_R_POP_R_MH,A,2011,247.091,0,A,3
CH1.COU:DF_COU_HEALTH_FINANCING(1.0.0),_T,F_2_1,CHF_R_POP_R_MH,A,2012,269.062,0,A,3
CH1.COU:DF_COU_HEALTH_FINANCING(1.0.0),_T,F_2_1,CHF_R_POP_R_MH,A,2013,271.621,0,A,3
CH1.COU:DF_COU_HEALTH_FINANCING(1.0.0),_T,F_2_1,CHF_R_POP_R_MH,A,2014,268.428,0,A,3
CH1.COU:DF_COU_HEALTH_FINANCING(1.0.0),_T,F_2_1,CHF_R_POP_R_MH,A,2015,275.233,0,A,3
CH1.COU:DF_COU_HEALTH_FINANCING(1.0.0),_T,F_2_1,CHF_R_POP_R_MH,A,2016,287.231,0,A,3
CH1.COU:DF_COU_HEALTH_FINANCING(1.0.0),_T,F_2_1,CHF_R_POP_R_MH,A,2017,298.862,0,A,3
CH1.COU:DF_COU_HEALTH_FINANCING(1.0.0),_T,F_2_1,CHF_R_POP_R_MH,A,2018,308.584,0,A,3
CH1.COU:DF_COU_HEALTH_FINANCING(1.0.0),_T,F_2_1,CHF_R_POP_R_MH,A,2019,312.032,0,A,3
CH1.COU:DF_COU_HEALTH_FINANCING(1.0.0),_T,F_2_1,CHF_R_POP_R_MH,A,2020,314.293,0,A,3
CH1.COU:DF_COU_HEALTH_FINANCING(1.0.0),_T,F_2_1,CHF_R_POP_R_MH,A,2021,318.561,0,A,3
CH1.COU:DF_COU_HEALTH_FINANCING(1.0.0),_T,F_2_1,CHF_R_POP_R_MH,A,2022,327.919,0,A,3
CH1.COU:DF_COU_HEALTH_FINANCING(1.0.0),_T,F_2_1,CHF_R_POP_R_MH,A,2023,342.77,0,A,3
CH1.COU:DF_COU_HEALTH_FINANCING(1.0.0),_T,F_2_1,CHF_R_POP_R_MH,A,2024,356.367,0,P,3
CH1.COU:DF_COU_HEALTH_FINANCING(1.0.0),Q_4,F_2_1,CHF_R_POP_R_MH,A,1995,97.58,0,A,3
CH1.COU:DF_COU_HEALTH_FINANCING(1.0.0),Q_4,F_2_1,CHF_R_POP_R_MH,A,1996,112.868,0,A,3
CH1.COU:DF_COU_HEALTH_FINANCING(1.0.0),Q_4,F_2_1,CHF_R_POP_R_MH,A,1997,116.153,0,A,3
CH1.COU:DF_COU_HEALTH_FINANCING(1.0.0),Q_4,F_2_1,CHF_R_POP_R_MH,A,1998,122.339,0,A,3
CH1.COU:DF_COU_HEALTH_FINANCING(1.0.0),Q_4,F_2_1,CHF_R_POP_R_MH,A,1999,125.108,0,A,3
CH1.COU:DF_COU_HEALTH_FINANCING(1.0.0),Q_4,F_2_1,CHF_R_POP_R_MH,A,2000,132.665,0,A,3
CH1.COU:DF_COU_HEALTH_FINANCING(1.0.0),Q_4,F_2_1,CHF_R_POP_R_MH,A,2001,139.702,0,A,3
CH1.COU:DF_COU_HEALTH_FINANCING(1.0.0),Q_4,F_2_1,CHF_R_POP_R_MH,A,2002,146.64,0,A,3
CH1.COU:DF_COU_HEALTH_FINANCING(1.0.0),Q_4,F_2_1,CHF_R_POP_R_MH,A,2003,154.227,0,A,3
CH1.COU:DF_COU_HEALTH_FINANCING(1.0.0),Q_4,F_2_1,CHF_R_POP_R_MH,A,2004,162.392,0,A,3
CH1.COU:DF_COU_HEALTH_FINANCING(1.0.0),Q_4,F_2_1,CHF_R_POP_R_MH,A,2005,171.269,0,A,3
CH1.COU:DF_COU_HEALTH_FINANCING(1.0.0),Q_4,F_2_1,CHF_R_POP_R_MH,A,2006,171.863,0,A,3
CH1.COU:DF_COU_HEALTH_FINANCING(1.0.0),Q_4,F_2_1,CHF_R_POP_R_MH,A,2007,177.835,0,A,3
CH1.COU:DF_COU_HEALTH_FINANCING(1.0.0),Q_4,F_2_1,CHF_R_POP_R_MH,A,2008,186.905,0,A,3
CH1.COU:DF_COU_HEALTH_FINANCING(1.0.0),Q_4,F_2_1,CHF_R_POP_R_MH,A,2009,192.521,0,A,3
CH1.COU:DF_COU_HEALTH_FINANCING(1.0.0),Q_4,F_2_1,CHF_R_POP_R_MH,A,2010,190.986,0,A,3
CH1.COU:DF_COU_HEALTH_FINANCING(1.0.0),Q_4,F_2_1,CHF_R_POP_R_MH,A,2011,204.295,0,A,3
CH1.COU:DF_COU_HEALTH_FINANCING(1.0.0),Q_4,F_2_1,CHF_R_POP_R_MH,A,2012,227.783,0,A,3
CH1.COU:DF_COU_HEALTH_FINANCING(1.0.0),Q_4,F_2_1,CHF_R_POP_R_MH,A,2013,230.329,0,A,3
CH1.COU:DF_COU_HEALTH_FINANCING(1.0.0),Q_4,F_2_1,CHF_R_POP_R_MH,A,2014,227.722,0,A,3
CH1.COU:DF_COU_HEALTH_FINANCING(1.0.0),Q_4,F_2_1,CHF_R_POP_R_MH,A,2015,233.537,0,A,3
CH1.COU:DF_COU_HEALTH_FINANCING(1.0.0),Q_4,F_2_1,CHF_R_POP_R_MH,A,2016,244.407,0,A,3
CH1.COU:DF_COU_HEALTH_FINANCING(1.0.0),Q_4,F_2_1,CHF_R_POP_R_MH,A,2017,254.668,0,A,3
CH1.COU:DF_COU_HEALTH_FINANCING(1.0.0),Q_4,F_2_1,CHF_R_POP_R_MH,A,2018,262.395,0,A,3
CH1.COU:DF_COU_HEALTH_FINANCING(1.0.0),Q_4,F_2_1,CHF_R_POP_R_MH,A,2019,263.775,0,A,3
CH1.COU:DF_COU_HEALTH_FINANCING(1.0.0),Q_4,F_2_1,CHF_R_POP_R_MH,A,2020,261.667,0,A,3
CH1.COU:DF_COU_HEALTH_FINANCING(1.0.0),Q_4,F_2_1,CHF_R_POP_R_MH,A,2021,262.332,0,A,3
CH1.COU:DF_COU_HEALTH_FINANCING(1.0.0),Q_4,F_2_1,CHF_R_POP_R_MH,A,2022,263.66,0,A,3
CH1.COU:DF_COU_HEALTH_FINANCING(1.0.0),Q_4,F_2_1,CHF_R_POP_R_MH,A,2023,276.309,0,A,3
CH1.COU:DF_COU_HEALTH_FINANCING(1.0.0),Q_4,F_2_1,CHF_R_POP_R_MH,A,2024,295.284,0,P,3
CH1.COU:DF_COU_HEALTH_FINANCING(1.0.0),Q_4,F_3_2,CHF_R_POP_R_MH,A,1995,3.02,0,A,3
CH1.COU:DF_COU_HEALTH_FINANCING(1.0.0),Q_4,F_3_2,CHF_R_POP_R_MH,A,1996,2.433,0,A,3
CH1.COU:DF_COU_HEALTH_FINANCING(1.0.0),Q_4,F_3_2,CHF_R_POP_R_MH,A,1997,2.981,0,A,3
CH1.COU:DF_COU_HEALTH_FINANCING(1.0.0),Q_4,F_3_2,CHF_R_POP_R_MH,A,1998,3.153,0,A,3
CH1.COU:DF_COU_HEALTH_FINANCING(1.0.0),Q_4,F_3_2,CHF_R_POP_R_MH,A,1999,3.643,0,A,3
CH1.COU:DF_COU_HEALTH_FINANCING(1.0.0),Q_4,F_3_2,CHF_R_POP_R_MH,A,2000,3.594,0,A,3
CH1.COU:DF_COU_HEALTH_FINANCING(1.0.0),Q_4,F_3_2,CHF_R_POP_R_MH,A,2001,3.642,0,A,3
CH1.COU:DF_COU_HEALTH_FINANCING(1.0.0),Q_4,F_3_2,CHF_R_POP_R_MH,A,2002,3.85,0,A,3
CH1.COU:DF_COU_HEALTH_FINANCING(1.0.0),Q_4,F_3_2,CHF_R_POP_R_MH,A,2003,3.593,0,A,3
CH1.COU:DF_COU_HEALTH_FINANCING(1.0.0),Q_4,F_3_2,CHF_R_POP_R_MH,A,2004,3.819,0,A,3
CH1.COU:DF_COU_HEALTH_FINANCING(1.0.0),Q_4,F_3_2,CHF_R_POP_R_MH,A,2005,2.079,0,A,3
CH1.COU:DF_COU_HEALTH_FINANCING(1.0.0),Q_4,F_3_2,CHF_R_POP_R_MH,A,2006,2.778,0,A,3
CH1.COU:DF_COU_HEALTH_FINANCING(1.0.0),Q_4,F_3_2,CHF_R_POP_R_MH,A,2007,2.564,0,A,3
CH1.COU:DF_COU_HEALTH_FINANCING(1.0.0),Q_4,F_3_2,CHF_R_POP_R_MH,A,2008,2.597,0,A,3
CH1.COU:DF_COU_HEALTH_FINANCING(1.0.0),Q_4,F_3_2,CHF_R_POP_R_MH,A,2009,2.557,0,A,3
CH1.COU:DF_COU_HEALTH_FINANCING(1.0.0),Q_4,F_3_2,CHF_R_POP_R_MH,A,2010,6.082,0,A,3
CH1.COU:DF_COU_HEALTH_FINANCING(1.0.0),Q_4,F_3_2,CHF_R_POP_R_MH,A,2011,6.221,0,A,3
CH1.COU:DF_COU_HEALTH_FINANCING(1.0.0),Q_4,F_3_2,CHF_R_POP_R_MH,A,2012,5.844,0,A,3
CH1.COU:DF_COU_HEALTH_FINANCING(1.0.0),Q_4,F_3_2,CHF_R_POP_R_MH,A,2013,7.347,0,A,3
CH1.COU:DF_COU_HEALTH_FINANCING(1.0.0),Q_4,F_3_2,CHF_R_POP_R_MH,A,2014,6.459,0,A,3
CH1.COU:DF_COU_HEALTH_FINANCING(1.0.0),Q_4,F_3_2,CHF_R_POP_R_MH,A,2015,6.922,0,A,3
CH1.COU:DF_COU_HEALTH_FINANCING(1.0.0),Q_4,F_3_2,CHF_R_POP_R_MH,A,2016,6.6,0,A,3
CH1.COU:DF_COU_HEALTH_FINANCING(1.0.0),Q_4,F_3_2,CHF_R_POP_R_MH,A,2017,6.815,0,A,3
CH1.COU:DF_COU_HEALTH_FINANCING(1.0.0),Q_4,F_3_2,CHF_R_POP_R_MH,A,2018,7.06,0,A,3
CH1.COU:DF_COU_HEALTH_FINANCING(1.0.0),Q_4,F_3_2,CHF_R_POP_R_MH,A,2019,6.199,0,A,3
CH1.COU:DF_COU_HEALTH_FINANCING(1.0.0),Q_4,F_3_2,CHF_R_POP_R_MH,A,2020,6.651,0,A,3
CH1.COU:DF_COU_HEALTH_FINANCING(1.0.0),Q_4,F_3_2,CHF_R_POP_R_MH,A,2021,6.873,0,A,3
CH1.COU:DF_COU_HEALTH_FINANCING(1.0.0),Q_4,F_3_2,CHF_R_POP_R_MH,A,2022,7.144,0,A,3
CH1.COU:DF_COU_HEALTH_FINANCING(1.0.0),Q_4,F_3_2,CHF_R_POP_R_MH,A,2023,7.5,0,A,3
CH1.COU:DF_COU_HEALTH_FINANCING(1.0.0),Q_4,F_3_2,CHF_R_POP_R_MH,A,2024,6.937,0,P,3
CH1.COU:DF_COU_HEALTH_FINANCING(1.0.0),Q_5_1,F_3,CHF_R_POP_R_MH,A,2010,6.125,0,A,3
CH1.COU:DF_COU_HEALTH_FINANCING(1.0.0),Q_5_1,F_3,CHF_R_POP_R_MH,A,2011,5.621,0,A,3
CH1.COU:DF_COU_HEALTH_FINANCING(1.0.0),Q_5_1,F_3,CHF_R_POP_R_MH,A,2012,5.907,0,A,3
CH1.COU:DF_COU_HEALTH_FINANCING(1.0.0),Q_5_1,F_3,CHF_R_POP_R_MH,A,2013,7.724,0,A,3
CH1.COU:DF_COU_HEALTH_FINANCING(1.0.0),Q_5_1,F_3,CHF_R_POP_R_MH,A,2014,7.448,0,A,3
CH1.COU:DF_COU_HEALTH_FINANCING(1.0.0),Q_5_1,F_3,CHF_R_POP_R_MH,A,2015,7.909,0,A,3
CH1.COU:DF_COU_HEALTH_FINANCING(1.0.0),Q_5_1,F_3,CHF_R_POP_R_MH,A,2016,7.409,0,A,3
CH1.COU:DF_COU_HEALTH_FINANCING(1.0.0),Q_5_1,F_3,CHF_R_POP_R_MH,A,2017,7.455,0,A,3
CH1.COU:DF_COU_HEALTH_FINANCING(1.0.0),Q_5_1,F_3,CHF_R_POP_R_MH,A,2018,8.799,0,A,3
CH1.COU:DF_COU_HEALTH_FINANCING(1.0.0),Q_5_1,F_3,CHF_R_POP_R_MH,A,2019,8.727,0,A,3
CH1.COU:DF_COU_HEALTH_FINANCING(1.0.0),Q_5_1,F_3,CHF_R_POP_R_MH,A,2020,12.003,0,A,3
CH1.COU:DF_COU_HEALTH_FINANCING(1.0.0),Q_5_1,F_3,CHF_R_POP_R_MH,A,2021,10.411,0,A,3
CH1.COU:DF_COU_HEALTH_FINANCING(1.0.0),Q_5_1,F_3,CHF_R_POP_R_MH,A,2022,11.97,0,A,3
CH1.COU:DF_COU_HEALTH_FINANCING(1.0.0),Q_5_1,F_3,CHF_R_POP_R_MH,A,2023,12.3,0,A,3
CH1.COU:DF_COU_HEALTH_FINANCING(1.0.0),Q_5_1,F_3,CHF_R_POP_R_MH,A,2024,10.577,0,P,3
CH1.COU:DF_COU_HEALTH_FINANCING(1.0.0),Q_4,F_4_3,CHF_R_POP_R_MH,A,1995,110.768,0,A,3
CH1.COU:DF_COU_HEALTH_FINANCING(1.0.0),Q_4,F_4_3,CHF_R_POP_R_MH,A,1996,108.698,0,A,3
CH1.COU:DF_COU_HEALTH_FINANCING(1.0.0),Q_4,F_4_3,CHF_R_POP_R_MH,A,1997,110.421,0,A,3
CH1.COU:DF_COU_HEALTH_FINANCING(1.0.0),Q_4,F_4_3,CHF_R_POP_R_MH,A,1998,110.772,0,A,3
CH1.COU:DF_COU_HEALTH_FINANCING(1.0.0),Q_4,F_4_3,CHF_R_POP_R_MH,A,1999,112.86,0,A,3
CH1.COU:DF_COU_HEALTH_FINANCING(1.0.0),Q_4,F_4_3,CHF_R_POP_R_MH,A,2000,116.499,0,A,3
CH1.COU:DF_COU_HEALTH_FINANCING(1.0.0),Q_4,F_4_3,CHF_R_POP_R_MH,A,2001,119.762,0,A,3
CH1.COU:DF_COU_HEALTH_FINANCING(1.0.0),Q_4,F_4_3,CHF_R_POP_R_MH,A,2002,117.615,0,A,3
CH1.COU:DF_COU_HEALTH_FINANCING(1.0.0),Q_4,F_4_3,CHF_R_POP_R_MH,A,2003,119.761,0,A,3
CH1.COU:DF_COU_HEALTH_FINANCING(1.0.0),Q_4,F_4_3,CHF_R_POP_R_MH,A,2004,122.193,0,A,3
CH1.COU:DF_COU_HEALTH_FINANCING(1.0.0),Q_4,F_4_3,CHF_R_POP_R_MH,A,2005,119.054,0,A,3
CH1.COU:DF_COU_HEALTH_FINANCING(1.0.0),Q_4,F_4_3,CHF_R_POP_R_MH,A,2006,119.028,0,A,3
CH1.COU:DF_COU_HEALTH_FINANCING(1.0.0),Q_4,F_4_3,CHF_R_POP_R_MH,A,2007,123.953,0,A,3
CH1.COU:DF_COU_HEALTH_FINANCING(1.0.0),Q_4,F_4_3,CHF_R_POP_R_MH,A,2008,124.343,0,A,3
CH1.COU:DF_COU_HEALTH_FINANCING(1.0.0),Q_4,F_4_3,CHF_R_POP_R_MH,A,2009,126.167,0,A,3
CH1.COU:DF_COU_HEALTH_FINANCING(1.0.0),Q_4,F_4_3,CHF_R_POP_R_MH,A,2010,122.42,0,A,3
CH1.COU:DF_COU_HEALTH_FINANCING(1.0.0),Q_4,F_4_3,CHF_R_POP_R_MH,A,2011,120.63,0,A,3
CH1.COU:DF_COU_HEALTH_FINANCING(1.0.0),Q_4,F_4_3,CHF_R_POP_R_MH,A,2012,122.163,0,A,3
CH1.COU:DF_COU_HEALTH_FINANCING(1.0.0),Q_4,F_4_3,CHF_R_POP_R_MH,A,2013,121.246,0,A,3
CH1.COU:DF_COU_HEALTH_FINANCING(1.0.0),Q_4,F_4_3,CHF_R_POP_R_MH,A,2014,121.676,0,A,3
CH1.COU:DF_COU_HEALTH_FINANCING(1.0.0),Q_4,F_4_3,CHF_R_POP_R_MH,A,2015,119.528,0,A,3
CH1.COU:DF_COU_HEALTH_FINANCING(1.0.0),Q_4,F_4_3,CHF_R_POP_R_MH,A,2016,116.306,0,A,3
CH1.COU:DF_COU_HEALTH_FINANCING(1.0.0),Q_4,F_4_3,CHF_R_POP_R_MH,A,2017,120.635,0,A,3
CH1.COU:DF_COU_HEALTH_FINANCING(1.0.0),Q_4,F_4_3,CHF_R_POP_R_MH,A,2018,123.859,0,A,3
CH1.COU:DF_COU_HEALTH_FINANCING(1.0.0),Q_4,F_4_3,CHF_R_POP_R_MH,A,2019,126.699,0,A,3
CH1.COU:DF_COU_HEALTH_FINANCING(1.0.0),Q_4,F_4_3,CHF_R_POP_R_MH,A,2020,120.656,0,A,3
CH1.COU:DF_COU_HEALTH_FINANCING(1.0.0),Q_4,F_4_3,CHF_R_POP_R_MH,A,2021,134.091,0,A,3
CH1.COU:DF_COU_HEALTH_FINANCING(1.0.0),Q_4,F_4_3,CHF_R_POP_R_MH,A,2022,139.754,0,A,3
CH1.COU:DF_COU_HEALTH_FINANCING(1.0.0),Q_4,F_4_3,CHF_R_POP_R_MH,A,2023,136.777,0,A,3
CH1.COU:DF_COU_HEALTH_FINANCING(1.0.0),Q_4,F_4_3,CHF_R_POP_R_MH,A,2024,139.828,0,P,3
CH1.COU:DF_COU_HEALTH_FINANCING(1.0.0),_T,F_1_2,CHF_R_POP_R_MH,A,1995,52.881,0,A,3
CH1.COU:DF_COU_HEALTH_FINANCING(1.0.0),_T,F_1_2,CHF_R_POP_R_MH,A,1996,55.135,0,A,3
CH1.COU:DF_COU_HEALTH_FINANCING(1.0.0),_T,F_1_2,CHF_R_POP_R_MH,A,1997,54.203,0,A,3
CH1.COU:DF_COU_HEALTH_FINANCING(1.0.0),_T,F_1_2,CHF_R_POP_R_MH,A,1998,53.933,0,A,3
CH1.COU:DF_COU_HEALTH_FINANCING(1.0.0),_T,F_1_2,CHF_R_POP_R_MH,A,1999,56.696,0,A,3
CH1.COU:DF_COU_HEALTH_FINANCING(1.0.0),_T,F_1_2,CHF_R_POP_R_MH,A,2000,58.019,0,A,3
CH1.COU:DF_COU_HEALTH_FINANCING(1.0.0),_T,F_1_2,CHF_R_POP_R_MH,A,2001,68.291,0,A,3
CH1.COU:DF_COU_HEALTH_FINANCING(1.0.0),_T,F_1_2,CHF_R_POP_R_MH,A,2002,76.293,0,A,3
CH1.COU:DF_COU_HEALTH_FINANCING(1.0.0),_T,F_1_2,CHF_R_POP_R_MH,A,2003,80.513,0,A,3
CH1.COU:DF_COU_HEALTH_FINANCING(1.0.0),_T,F_1_2,CHF_R_POP_R_MH,A,2004,78.487,0,A,3
CH1.COU:DF_COU_HEALTH_FINANCING(1.0.0),_T,F_1_2,CHF_R_POP_R_MH,A,2005,80.94,0,A,3
CH1.COU:DF_COU_HEALTH_FINANCING(1.0.0),_T,F_1_2,CHF_R_POP_R_MH,A,2006,81.819,0,A,3
CH1.COU:DF_COU_HEALTH_FINANCING(1.0.0),_T,F_1_2,CHF_R_POP_R_MH,A,2007,83.87,0,A,3
CH1.COU:DF_COU_HEALTH_FINANCING(1.0.0),_T,F_1_2,CHF_R_POP_R_MH,A,2008,97.305,0,A,3
CH1.COU:DF_COU_HEALTH_FINANCING(1.0.0),_T,F_1_2,CHF_R_POP_R_MH,A,2009,104.535,0,A,3
CH1.COU:DF_COU_HEALTH_FINANCING(1.0.0),_T,F_1_2,CHF_R_POP_R_MH,A,2010,110.215,0,A,3
CH1.COU:DF_COU_HEALTH_FINANCING(1.0.0),_T,F_1_2,CHF_R_POP_R_MH,A,2011,114.266,0,A,3
CH1.COU:DF_COU_HEALTH_FINANCING(1.0.0),_T,F_1_2,CHF_R_POP_R_MH,A,2012,126.322,0,A,3
CH1.COU:DF_COU_HEALTH_FINANCING(1.0.0),_T,F_1_2,CHF_R_POP_R_MH,A,2013,124.756,0,A,3
CH1.COU:DF_COU_HEALTH_FINANCING(1.0.0),_T,F_1_2,CHF_R_POP_R_MH,A,2014,128.061,0,A,3
CH1.COU:DF_COU_HEALTH_FINANCING(1.0.0),_T,F_1_2,CHF_R_POP_R_MH,A,2015,128.281,0,A,3
CH1.COU:DF_COU_HEALTH_FINANCING(1.0.0),_T,F_1_2,CHF_R_POP_R_MH,A,2016,131.926,0,A,3
CH1.COU:DF_COU_HEALTH_FINANCING(1.0.0),_T,F_1_2,CHF_R_POP_R_MH,A,2017,135.392,0,A,3
CH1.COU:DF_COU_HEALTH_FINANCING(1.0.0),_T,F_1_2,CHF_R_POP_R_MH,A,2018,134.316,0,A,3
CH1.COU:DF_COU_HEALTH_FINANCING(1.0.0),_T,F_1_2,CHF_R_POP_R_MH,A,2019,134.571,0,A,3
CH1.COU:DF_COU_HEALTH_FINANCING(1.0.0),_T,F_1_2,CHF_R_POP_R_MH,A,2020,145.472,0,A,3
CH1.COU:DF_COU_HEALTH_FINANCING(1.0.0),_T,F_1_2,CHF_R_POP_R_MH,A,2021,146.366,0,A,3
CH1.COU:DF_COU_HEALTH_FINANCING(1.0.0),_T,F_1_2,CHF_R_POP_R_MH,A,2022,147.657,0,A,3
CH1.COU:DF_COU_HEALTH_FINANCING(1.0.0),_T,F_1_2,CHF_R_POP_R_MH,A,2023,144.681,0,A,3
CH1.COU:DF_COU_HEALTH_FINANCING(1.0.0),_T,F_1_2,CHF_R_POP_R_MH,A,2024,151.276,0,P,3
CH1.COU:DF_COU_HEALTH_FINANCING(1.0.0),_T,F_4,CHF_R_POP_R_MH,A,1995,128.759,0,A,3
CH1.COU:DF_COU_HEALTH_FINANCING(1.0.0),_T,F_4,CHF_R_POP_R_MH,A,1996,131.959,0,A,3
CH1.COU:DF_COU_HEALTH_FINANCING(1.0.0),_T,F_4,CHF_R_POP_R_MH,A,1997,133.298,0,A,3
CH1.COU:DF_COU_HEALTH_FINANCING(1.0.0),_T,F_4,CHF_R_POP_R_MH,A,1998,137.23,0,A,3
CH1.COU:DF_COU_HEALTH_FINANCING(1.0.0),_T,F_4,CHF_R_POP_R_MH,A,1999,139.783,0,A,3
CH1.COU:DF_COU_HEALTH_FINANCING(1.0.0),_T,F_4,CHF_R_POP_R_MH,A,2000,144.594,0,A,3
CH1.COU:DF_COU_HEALTH_FINANCING(1.0.0),_T,F_4,CHF_R_POP_R_MH,A,2001,148.285,0,A,3
CH1.COU:DF_COU_HEALTH_FINANCING(1.0.0),_T,F_4,CHF_R_POP_R_MH,A,2002,147.729,0,A,3
CH1.COU:DF_COU_HEALTH_FINANCING(1.0.0),_T,F_4,CHF_R_POP_R_MH,A,2003,150.658,0,A,3
CH1.COU:DF_COU_HEALTH_FINANCING(1.0.0),_T,F_4,CHF_R_POP_R_MH,A,2004,155.603,0,A,3
CH1.COU:DF_COU_HEALTH_FINANCING(1.0.0),_T,F_4,CHF_R_POP_R_MH,A,2005,154.011,0,A,3
CH1.COU:DF_COU_HEALTH_FINANCING(1.0.0),_T,F_4,CHF_R_POP_R_MH,A,2006,154.192,0,A,3
CH1.COU:DF_COU_HEALTH_FINANCING(1.0.0),_T,F_4,CHF_R_POP_R_MH,A,2007,160.124,0,A,3
CH1.COU:DF_COU_HEALTH_FINANCING(1.0.0),_T,F_4,CHF_R_POP_R_MH,A,2008,161.543,0,A,3
CH1.COU:DF_COU_HEALTH_FINANCING(1.0.0),_T,F_4,CHF_R_POP_R_MH,A,2009,164.084,0,A,3
CH1.COU:DF_COU_HEALTH_FINANCING(1.0.0),_T,F_4,CHF_R_POP_R_MH,A,2010,159.924,0,A,3
CH1.COU:DF_COU_HEALTH_FINANCING(1.0.0),_T,F_4,CHF_R_POP_R_MH,A,2011,159.363,0,A,3
CH1.COU:DF_COU_HEALTH_FINANCING(1.0.0),_T,F_4,CHF_R_POP_R_MH,A,2012,161.888,0,A,3
CH1.COU:DF_COU_HEALTH_FINANCING(1.0.0),_T,F_4,CHF_R_POP_R_MH,A,2013,162.686,0,A,3
CH1.COU:DF_COU_HEALTH_FINANCING(1.0.0),_T,F_4,CHF_R_POP_R_MH,A,2014,163.524,0,A,3
CH1.COU:DF_COU_HEALTH_FINANCING(1.0.0),_T,F_4,CHF_R_POP_R_MH,A,2015,162.695,0,A,3
CH1.COU:DF_COU_HEALTH_FINANCING(1.0.0),_T,F_4,CHF_R_POP_R_MH,A,2016,160.76,0,A,3
CH1.COU:DF_COU_HEALTH_FINANCING(1.0.0),_T,F_4,CHF_R_POP_R_MH,A,2017,165.519,0,A,3
CH1.COU:DF_COU_HEALTH_FINANCING(1.0.0),_T,F_4,CHF_R_POP_R_MH,A,2018,169.257,0,A,3
CH1.COU:DF_COU_HEALTH_FINANCING(1.0.0),_T,F_4,CHF_R_POP_R_MH,A,2019,173.405,0,A,3
CH1.COU:DF_COU_HEALTH_FINANCING(1.0.0),_T,F_4,CHF_R_POP_R_MH,A,2020,166.985,0,A,3
CH1.COU:DF_COU_HEALTH_FINANCING(1.0.0),_T,F_4,CHF_R_POP_R_MH,A,2021,182.192,0,A,3
CH1.COU:DF_COU_HEALTH_FINANCING(1.0.0),_T,F_4,CHF_R_POP_R_MH,A,2022,189.428,0,A,3
CH1.COU:DF_COU_HEALTH_FINANCING(1.0.0),_T,F_4,CHF_R_POP_R_MH,A,2023,188.152,0,A,3
CH1.COU:DF_COU_HEALTH_FINANCING(1.0.0),_T,F_4,CHF_R_POP_R_MH,A,2024,193.442,0,P,3
CH1.COU:DF_COU_HEALTH_FINANCING(1.0.0),Q_5_1,F_2,CHF,A,2010,924.713,6,A,3
CH1.COU:DF_COU_HEALTH_FINANCING(1.0.0),Q_5_1,F_2,CHF,A,2011,899.238,6,A,3
CH1.COU:DF_COU_HEALTH_FINANCING(1.0.0),Q_5_1,F_2,CHF,A,2012,926.523,6,A,3
CH1.COU:DF_COU_HEALTH_FINANCING(1.0.0),Q_5_1,F_2,CHF,A,2013,987.315,6,A,3
CH1.COU:DF_COU_HEALTH_FINANCING(1.0.0),Q_5_1,F_2,CHF,A,2014,996.914,6,A,3
CH1.COU:DF_COU_HEALTH_FINANCING(1.0.0),Q_5_1,F_2,CHF,A,2015,1014.764,6,A,3
CH1.COU:DF_COU_HEALTH_FINANCING(1.0.0),Q_5_1,F_2,CHF,A,2016,1065.927,6,A,3
CH1.COU:DF_COU_HEALTH_FINANCING(1.0.0),Q_5_1,F_2,CHF,A,2017,1066.905,6,A,3
CH1.COU:DF_COU_HEALTH_FINANCING(1.0.0),Q_5_1,F_2,CHF,A,2018,1105.044,6,A,3
CH1.COU:DF_COU_HEALTH_FINANCING(1.0.0),Q_5_1,F_2,CHF,A,2019,1193.809,6,A,3
CH1.COU:DF_COU_HEALTH_FINANCING(1.0.0),Q_5_1,F_2,CHF,A,2020,1178.703,6,A,3
CH1.COU:DF_COU_HEALTH_FINANCING(1.0.0),Q_5_1,F_2,CHF,A,2021,1187.682,6,A,3
CH1.COU:DF_COU_HEALTH_FINANCING(1.0.0),Q_5_1,F_2,CHF,A,2022,1139.694,6,A,3
CH1.COU:DF_COU_HEALTH_FINANCING(1.0.0),Q_5_1,F_2,CHF,A,2023,1252.036,6,A,3
CH1.COU:DF_COU_HEALTH_FINANCING(1.0.0),Q_5_1,F_2,CHF,A,2024,1258.558,6,P,3
CH1.COU:DF_COU_HEALTH_FINANCING(1.0.0),Q_5_1,F_2_3,CHF_R_POP_R_MH,A,2010,3.863,0,A,3
CH1.COU:DF_COU_HEALTH_FINANCING(1.0.0),Q_5_1,F_2_3,CHF_R_POP_R_MH,A,2011,3.428,0,A,3
CH1.COU:DF_COU_HEALTH_FINANCING(1.0.0),Q_5_1,F_2_3,CHF_R_POP_R_MH,A,2012,3.541,0,A,3
CH1.COU:DF_COU_HEALTH_FINANCING(1.0.0),Q_5_1,F_2_3,CHF_R_POP_R_MH,A,2013,3.607,0,A,3
CH1.COU:DF_COU_HEALTH_FINANCING(1.0.0),Q_5_1,F_2_3,CHF_R_POP_R_MH,A,2014,3.678,0,A,3
CH1.COU:DF_COU_HEALTH_FINANCING(1.0.0),Q_5_1,F_2_3,CHF_R_POP_R_MH,A,2015,3.771,0,A,3
CH1.COU:DF_COU_HEALTH_FINANCING(1.0.0),Q_5_1,F_2_3,CHF_R_POP_R_MH,A,2016,3.93,0,A,3
CH1.COU:DF_COU_HEALTH_FINANCING(1.0.0),Q_5_1,F_2_3,CHF_R_POP_R_MH,A,2017,4.062,0,A,3
CH1.COU:DF_COU_HEALTH_FINANCING(1.0.0),Q_5_1,F_2_3,CHF_R_POP_R_MH,A,2018,4.361,0,A,3
CH1.COU:DF_COU_HEALTH_FINANCING(1.0.0),Q_5_1,F_2_3,CHF_R_POP_R_MH,A,2019,5.091,0,A,3
CH1.COU:DF_COU_HEALTH_FINANCING(1.0.0),Q_5_1,F_2_3,CHF_R_POP_R_MH,A,2020,5.17,0,A,3
CH1.COU:DF_COU_HEALTH_FINANCING(1.0.0),Q_5_1,F_2_3,CHF_R_POP_R_MH,A,2021,5.177,0,A,3
CH1.COU:DF_COU_HEALTH_FINANCING(1.0.0),Q_5_1,F_2_3,CHF_R_POP_R_MH,A,2022,4.797,0,A,3
CH1.COU:DF_COU_HEALTH_FINANCING(1.0.0),Q_5_1,F_2_3,CHF_R_POP_R_MH,A,2023,5.198,0,A,3
CH1.COU:DF_COU_HEALTH_FINANCING(1.0.0),Q_5_1,F_2_3,CHF_R_POP_R_MH,A,2024,5.334,0,P,3
CH1.COU:DF_COU_HEALTH_FINANCING(1.0.0),Q_5_1,F_3,CHF,A,2010,575.108,6,A,3
CH1.COU:DF_COU_HEALTH_FINANCING(1.0.0),Q_5_1,F_3,CHF,A,2011,533.664,6,A,3
CH1.COU:DF_COU_HEALTH_FINANCING(1.0.0),Q_5_1,F_3,CHF,A,2012,566.841,6,A,3
CH1.COU:DF_COU_HEALTH_FINANCING(1.0.0),Q_5_1,F_3,CHF,A,2013,749.826,6,A,3
CH1.COU:DF_COU_HEALTH_FINANCING(1.0.0),Q_5_1,F_3,CHF,A,2014,731.825,6,A,3
CH1.COU:DF_COU_HEALTH_FINANCING(1.0.0),Q_5_1,F_3,CHF,A,2015,786.083,6,A,3
CH1.COU:DF_COU_HEALTH_FINANCING(1.0.0),Q_5_1,F_3,CHF,A,2016,744.419,6,A,3
CH1.COU:DF_COU_HEALTH_FINANCING(1.0.0),Q_5_1,F_3,CHF,A,2017,756.141,6,A,3
CH1.COU:DF_COU_HEALTH_FINANCING(1.0.0),Q_5_1,F_3,CHF,A,2018,899.048,6,A,3
CH1.COU:DF_COU_HEALTH_FINANCING(1.0.0),Q_5_1,F_3,CHF,A,2019,898.018,6,A,3
CH1.COU:DF_COU_HEALTH_FINANCING(1.0.0),Q_5_1,F_3,CHF,A,2020,1244.251,6,A,3
CH1.COU:DF_COU_HEALTH_FINANCING(1.0.0),Q_5_1,F_3,CHF,A,2021,1087.426,6,A,3
CH1.COU:DF_COU_HEALTH_FINANCING(1.0.0),Q_5_1,F_3,CHF,A,2022,1260.762,6,A,3
CH1.COU:DF_COU_HEALTH_FINANCING(1.0.0),Q_5_1,F_3,CHF,A,2023,1311.961,6,A,3
CH1.COU:DF_COU_HEALTH_FINANCING(1.0.0),Q_5_1,F_3,CHF,A,2024,1143.191,6,P,3
CH1.COU:DF_COU_HEALTH_FINANCING(1.0.0),Q_5_4,F_2,CHF_R_POP_R_MH,A,2010,0.64,0,A,3
CH1.COU:DF_COU_HEALTH_FINANCING(1.0.0),Q_5_4,F_2,CHF_R_POP_R_MH,A,2011,0.601,0,A,3
CH1.COU:DF_COU_HEALTH_FINANCING(1.0.0),Q_5_4,F_2,CHF_R_POP_R_MH,A,2012,0.539,0,A,3
CH1.COU:DF_COU_HEALTH_FINANCING(1.0.0),Q_5_4,F_2,CHF_R_POP_R_MH,A,2013,0.572,0,A,3
CH1.COU:DF_COU_HEALTH_FINANCING(1.0.0),Q_5_4,F_2,CHF_R_POP_R_MH,A,2014,0.603,0,A,3
CH1.COU:DF_COU_HEALTH_FINANCING(1.0.0),Q_5_4,F_2,CHF_R_POP_R_MH,A,2015,0.596,0,A,3
CH1.COU:DF_COU_HEALTH_FINANCING(1.0.0),Q_5_4,F_2,CHF_R_POP_R_MH,A,2016,0.668,0,A,3
CH1.COU:DF_COU_HEALTH_FINANCING(1.0.0),Q_5_4,F_2,CHF_R_POP_R_MH,A,2017,0.674,0,A,3
CH1.COU:DF_COU_HEALTH_FINANCING(1.0.0),Q_5_4,F_2,CHF_R_POP_R_MH,A,2018,0.625,0,A,3
CH1.COU:DF_COU_HEALTH_FINANCING(1.0.0),Q_5_4,F_2,CHF_R_POP_R_MH,A,2019,0.561,0,A,3
CH1.COU:DF_COU_HEALTH_FINANCING(1.0.0),Q_5_4,F_2,CHF_R_POP_R_MH,A,2020,0.597,0,A,3
CH1.COU:DF_COU_HEALTH_FINANCING(1.0.0),Q_5_4,F_2,CHF_R_POP_R_MH,A,2021,0.678,0,A,3
CH1.COU:DF_COU_HEALTH_FINANCING(1.0.0),Q_5_4,F_2,CHF_R_POP_R_MH,A,2022,0.579,0,A,3
CH1.COU:DF_COU_HEALTH_FINANCING(1.0.0),Q_5_4,F_2,CHF_R_POP_R_MH,A,2023,0.537,0,A,3
CH1.COU:DF_COU_HEALTH_FINANCING(1.0.0),Q_5_4,F_2,CHF_R_POP_R_MH,A,2024,0.522,0,P,3
CH1.COU:DF_COU_HEALTH_FINANCING(1.0.0),Q_4,_T,CHF,A,1995,23730.57,6,A,3
CH1.COU:DF_COU_HEALTH_FINANCING(1.0.0),Q_4,_T,CHF,A,1996,25632.375,6,A,3
CH1.COU:DF_COU_HEALTH_FINANCING(1.0.0),Q_4,_T,CHF,A,1997,25866.688,6,A,3
CH1.COU:DF_COU_HEALTH_FINANCING(1.0.0),Q_4,_T,CHF,A,1998,26925.857,6,A,3
CH1.COU:DF_COU_HEALTH_FINANCING(1.0.0),Q_4,_T,CHF,A,1999,27314.117,6,A,3
CH1.COU:DF_COU_HEALTH_FINANCING(1.0.0),Q_4,_T,CHF,A,2000,28711.227,6,A,3
CH1.COU:DF_COU_HEALTH_FINANCING(1.0.0),Q_4,_T,CHF,A,2001,29923.61,6,A,3
CH1.COU:DF_COU_HEALTH_FINANCING(1.0.0),Q_4,_T,CHF,A,2002,30605.484,6,A,3
CH1.COU:DF_COU_HEALTH_FINANCING(1.0.0),Q_4,_T,CHF,A,2003,31798.906,6,A,3
CH1.COU:DF_COU_HEALTH_FINANCING(1.0.0),Q_4,_T,CHF,A,2004,33293.46,6,A,3
CH1.COU:DF_COU_HEALTH_FINANCING(1.0.0),Q_4,_T,CHF,A,2005,34429.887,6,A,3
CH1.COU:DF_COU_HEALTH_FINANCING(1.0.0),Q_4,_T,CHF,A,2006,34929.19,6,A,3
CH1.COU:DF_COU_HEALTH_FINANCING(1.0.0),Q_4,_T,CHF,A,2007,36585.016,6,A,3
CH1.COU:DF_COU_HEALTH_FINANCING(1.0.0),Q_4,_T,CHF,A,2008,38061.457,6,A,3
CH1.COU:DF_COU_HEALTH_FINANCING(1.0.0),Q_4,_T,CHF,A,2009,39370.45,6,A,3
CH1.COU:DF_COU_HEALTH_FINANCING(1.0.0),Q_4,_T,CHF,A,2010,39542.31,6,A,3
CH1.COU:DF_COU_HEALTH_FINANCING(1.0.0),Q_4,_T,CHF,A,2011,41430.023,6,A,3
CH1.COU:DF_COU_HEALTH_FINANCING(1.0.0),Q_4,_T,CHF,A,2012,44374.227,6,A,3
CH1.COU:DF_COU_HEALTH_FINANCING(1.0.0),Q_4,_T,CHF,A,2013,45377.98,6,A,3
CH1.COU:DF_COU_HEALTH_FINANCING(1.0.0),Q_4,_T,CHF,A,2014,45457.72,6,A,3
CH1.COU:DF_COU_HEALTH_FINANCING(1.0.0),Q_4,_T,CHF,A,2015,46537.074,6,A,3
CH1.COU:DF_COU_HEALTH_FINANCING(1.0.0),Q_4,_T,CHF,A,2016,48053.24,6,A,3
CH1.COU:DF_COU_HEALTH_FINANCING(1.0.0),Q_4,_T,CHF,A,2017,50158.434,6,A,3
CH1.COU:DF_COU_HEALTH_FINANCING(1.0.0),Q_4,_T,CHF,A,2018,51797.582,6,A,3
CH1.COU:DF_COU_HEALTH_FINANCING(1.0.0),Q_4,_T,CHF,A,2019,52517.664,6,A,3
CH1.COU:DF_COU_HEALTH_FINANCING(1.0.0),Q_4,_T,CHF,A,2020,52149.133,6,A,3
CH1.COU:DF_COU_HEALTH_FINANCING(1.0.0),Q_4,_T,CHF,A,2021,54238.55,6,A,3
CH1.COU:DF_COU_HEALTH_FINANCING(1.0.0),Q_4,_T,CHF,A,2022,55596.176,6,A,3
CH1.COU:DF_COU_HEALTH_FINANCING(1.0.0),Q_4,_T,CHF,A,2023,57599.664,6,A,3
CH1.COU:DF_COU_HEALTH_FINANCING(1.0.0),Q_4,_T,CHF,A,2024,60913.285,6,P,3
CH1.COU:DF_COU_HEALTH_FINANCING(1.0.0),Q_5,F_2_2,CHF,A,1995,127.456,6,A,3
CH1.COU:DF_COU_HEALTH_FINANCING(1.0.0),Q_5,F_2_2,CHF,A,1996,143.84,6,A,3
CH1.COU:DF_COU_HEALTH_FINANCING(1.0.0),Q_5,F_2_2,CHF,A,1997,162.506,6,A,3
CH1.COU:DF_COU_HEALTH_FINANCING(1.0.0),Q_5,F_2_2,CHF,A,1998,161.989,6,A,3
CH1.COU:DF_COU_HEALTH_FINANCING(1.0.0),Q_5,F_2_2,CHF,A,1999,165.513,6,A,3
CH1.COU:DF_COU_HEALTH_FINANCING(1.0.0),Q_5,F_2_2,CHF,A,2000,168.367,6,A,3
CH1.COU:DF_COU_HEALTH_FINANCING(1.0.0),Q_5,F_2_2,CHF,A,2001,174.747,6,A,3
CH1.COU:DF_COU_HEALTH_FINANCING(1.0.0),Q_5,F_2_2,CHF,A,2002,178.535,6,A,3
CH1.COU:DF_COU_HEALTH_FINANCING(1.0.0),Q_5,F_2_2,CHF,A,2003,206.322,6,A,3
CH1.COU:DF_COU_HEALTH_FINANCING(1.0.0),Q_5,F_2_2,CHF,A,2004,207.407,6,A,3
CH1.COU:DF_COU_HEALTH_FINANCING(1.0.0),Q_5,F_2_2,CHF,A,2005,218.812,6,A,3
CH1.COU:DF_COU_HEALTH_FINANCING(1.0.0),Q_5,F_2_2,CHF,A,2006,219.035,6,A,3
CH1.COU:DF_COU_HEALTH_FINANCING(1.0.0),Q_5,F_2_2,CHF,A,2007,221.279,6,A,3
CH1.COU:DF_COU_HEALTH_FINANCING(1.0.0),Q_5,F_2_2,CHF,A,2008,91.664,6,A,3
CH1.COU:DF_COU_HEALTH_FINANCING(1.0.0),Q_5,F_2_2,CHF,A,2009,341.607,6,A,3
CH1.COU:DF_COU_HEALTH_FINANCING(1.0.0),Q_5,F_2_2,CHF,A,2010,83.868,6,A,3
CH1.COU:DF_COU_HEALTH_FINANCING(1.0.0),Q_5,F_2_2,CHF,A,2011,86.163,6,A,3
CH1.COU:DF_COU_HEALTH_FINANCING(1.0.0),Q_5,F_2_2,CHF,A,2012,68.391,6,A,3
CH1.COU:DF_COU_HEALTH_FINANCING(1.0.0),Q_5,F_2_2,CHF,A,2013,52.143,6,A,3
CH1.COU:DF_COU_HEALTH_FINANCING(1.0.0),Q_5,F_2_2,CHF,A,2014,56.962,6,A,3
CH1.COU:DF_COU_HEALTH_FINANCING(1.0.0),Q_5,F_2_2,CHF,A,2015,58.948,6,A,3
CH1.COU:DF_COU_HEALTH_FINANCING(1.0.0),Q_5,F_2_2,CHF,A,2016,63.12,6,A,3
CH1.COU:DF_COU_HEALTH_FINANCING(1.0.0),Q_5,F_2_2,CHF,A,2017,65.683,6,A,3
CH1.COU:DF_COU_HEALTH_FINANCING(1.0.0),Q_5,F_2_2,CHF,A,2018,69.093,6,A,3
CH1.COU:DF_COU_HEALTH_FINANCING(1.0.0),Q_5,F_2_2,CHF,A,2019,82.416,6,A,3
CH1.COU:DF_COU_HEALTH_FINANCING(1.0.0),Q_5,F_2_2,CHF,A,2020,82.227,6,A,3
CH1.COU:DF_COU_HEALTH_FINANCING(1.0.0),Q_5,F_2_2,CHF,A,2021,89.033,6,A,3
CH1.COU:DF_COU_HEALTH_FINANCING(1.0.0),Q_5,F_2_2,CHF,A,2022,77.923,6,A,3
CH1.COU:DF_COU_HEALTH_FINANCING(1.0.0),Q_5,F_2_2,CHF,A,2023,107.445,6,A,3
CH1.COU:DF_COU_HEALTH_FINANCING(1.0.0),Q_5,F_2_2,CHF,A,2024,106.371,6,P,3
CH1.COU:DF_COU_HEALTH_FINANCING(1.0.0),_T,F_2_3,CHF,A,1995,1296.743,6,A,3
CH1.COU:DF_COU_HEALTH_FINANCING(1.0.0),_T,F_2_3,CHF,A,1996,1380.466,6,A,3
CH1.COU:DF_COU_HEALTH_FINANCING(1.0.0),_T,F_2_3,CHF,A,1997,1452.987,6,A,3
CH1.COU:DF_COU_HEALTH_FINANCING(1.0.0),_T,F_2_3,CHF,A,1998,1482.637,6,A,3
CH1.COU:DF_COU_HEALTH_FINANCING(1.0.0),_T,F_2_3,CHF,A,1999,1516.098,6,A,3
CH1.COU:DF_COU_HEALTH_FINANCING(1.0.0),_T,F_2_3,CHF,A,2000,1594.868,6,A,3
CH1.COU:DF_COU_HEALTH_FINANCING(1.0.0),_T,F_2_3,CHF,A,2001,1714.75,6,A,3
CH1.COU:DF_COU_HEALTH_FINANCING(1.0.0),_T,F_2_3,CHF,A,2002,1794.58,6,A,3
CH1.COU:DF_COU_HEALTH_FINANCING(1.0.0),_T,F_2_3,CHF,A,2003,1872.014,6,A,3
CH1.COU:DF_COU_HEALTH_FINANCING(1.0.0),_T,F_2_3,CHF,A,2004,2177.994,6,A,3
CH1.COU:DF_COU_HEALTH_FINANCING(1.0.0),_T,F_2_3,CHF,A,2005,2322.319,6,A,3
CH1.COU:DF_COU_HEALTH_FINANCING(1.0.0),_T,F_2_3,CHF,A,2006,2218.641,6,A,3
CH1.COU:DF_COU_HEALTH_FINANCING(1.0.0),_T,F_2_3,CHF,A,2007,2310.328,6,A,3
CH1.COU:DF_COU_HEALTH_FINANCING(1.0.0),_T,F_2_3,CHF,A,2008,1941.592,6,A,3
CH1.COU:DF_COU_HEALTH_FINANCING(1.0.0),_T,F_2_3,CHF,A,2009,1883.265,6,A,3
CH1.COU:DF_COU_HEALTH_FINANCING(1.0.0),_T,F_2_3,CHF,A,2010,1484.246,6,A,3
CH1.COU:DF_COU_HEALTH_FINANCING(1.0.0),_T,F_2_3,CHF,A,2011,1490.207,6,A,3
CH1.COU:DF_COU_HEALTH_FINANCING(1.0.0),_T,F_2_3,CHF,A,2012,1478.727,6,A,3
CH1.COU:DF_COU_HEALTH_FINANCING(1.0.0),_T,F_2_3,CHF,A,2013,1529.584,6,A,3
CH1.COU:DF_COU_HEALTH_FINANCING(1.0.0),_T,F_2_3,CHF,A,2014,1546.659,6,A,3
CH1.COU:DF_COU_HEALTH_FINANCING(1.0.0),_T,F_2_3,CHF,A,2015,1623.18,6,A,3
CH1.COU:DF_COU_HEALTH_FINANCING(1.0.0),_T,F_2_3,CHF,A,2016,1650.808,6,A,3
CH1.COU:DF_COU_HEALTH_FINANCING(1.0.0),_T,F_2_3,CHF,A,2017,1690.505,6,A,3
CH1.COU:DF_COU_HEALTH_FINANCING(1.0.0),_T,F_2_3,CHF,A,2018,1725.98,6,A,3
CH1.COU:DF_COU_HEALTH_FINANCING(1.0.0),_T,F_2_3,CHF,A,2019,1860.901,6,A,3
CH1.COU:DF_COU_HEALTH_FINANCING(1.0.0),_T,F_2_3,CHF,A,2020,1921.976,6,A,3
CH1.COU:DF_COU_HEALTH_FINANCING(1.0.0),_T,F_2_3,CHF,A,2021,1939.657,6,A,3
CH1.COU:DF_COU_HEALTH_FINANCING(1.0.0),_T,F_2_3,CHF,A,2022,1913.242,6,A,3
CH1.COU:DF_COU_HEALTH_FINANCING(1.0.0),_T,F_2_3,CHF,A,2023,1988.543,6,A,3
CH1.COU:DF_COU_HEALTH_FINANCING(1.0.0),_T,F_2_3,CHF,A,2024,2047.668,6,P,3
CH1.COU:DF_COU_HEALTH_FINANCING(1.0.0),_T,F_2_6,CHF_R_POP_R_MH,A,1995,11.115,0,A,3
CH1.COU:DF_COU_HEALTH_FINANCING(1.0.0),_T,F_2_6,CHF_R_POP_R_MH,A,1996,10.238,0,A,3
CH1.COU:DF_COU_HEALTH_FINANCING(1.0.0),_T,F_2_6,CHF_R_POP_R_MH,A,1997,9.874,0,A,3
CH1.COU:DF_COU_HEALTH_FINANCING(1.0.0),_T,F_2_6,CHF_R_POP_R_MH,A,1998,10.022,0,A,3
CH1.COU:DF_COU_HEALTH_FINANCING(1.0.0),_T,F_2_6,CHF_R_POP_R_MH,A,1999,10.054,0,A,3
CH1.COU:DF_COU_HEALTH_FINANCING(1.0.0),_T,F_2_6,CHF_R_POP_R_MH,A,2000,10.068,0,A,3
CH1.COU:DF_COU_HEALTH_FINANCING(1.0.0),_T,F_2_6,CHF_R_POP_R_MH,A,2001,9.988,0,A,3
CH1.COU:DF_COU_HEALTH_FINANCING(1.0.0),_T,F_2_6,CHF_R_POP_R_MH,A,2002,10.584,0,A,3
CH1.COU:DF_COU_HEALTH_FINANCING(1.0.0),_T,F_2_6,CHF_R_POP_R_MH,A,2003,10.87,0,A,3
CH1.COU:DF_COU_HEALTH_FINANCING(1.0.0),_T,F_2_6,CHF_R_POP_R_MH,A,2004,11.324,0,A,3
CH1.COU:DF_COU_HEALTH_FINANCING(1.0.0),_T,F_2_6,CHF_R_POP_R_MH,A,2005,11.496,0,A,3
CH1.COU:DF_COU_HEALTH_FINANCING(1.0.0),_T,F_2_6,CHF_R_POP_R_MH,A,2006,11.514,0,A,3
CH1.COU:DF_COU_HEALTH_FINANCING(1.0.0),_T,F_2_6,CHF_R_POP_R_MH,A,2007,12.117,0,A,3
CH1.COU:DF_COU_HEALTH_FINANCING(1.0.0),_T,F_2_6,CHF_R_POP_R_MH,A,2008,14.514,0,A,3
CH1.COU:DF_COU_HEALTH_FINANCING(1.0.0),_T,F_2_6,CHF_R_POP_R_MH,A,2009,15.404,0,A,3
CH1.COU:DF_COU_HEALTH_FINANCING(1.0.0),_T,F_2_6,CHF_R_POP_R_MH,A,2010,16.302,0,A,3
CH1.COU:DF_COU_HEALTH_FINANCING(1.0.0),_T,F_2_6,CHF_R_POP_R_MH,A,2011,16.748,0,A,3
CH1.COU:DF_COU_HEALTH_FINANCING(1.0.0),_T,F_2_6,CHF_R_POP_R_MH,A,2012,16.979,0,A,3
CH1.COU:DF_COU_HEALTH_FINANCING(1.0.0),_T,F_2_6,CHF_R_POP_R_MH,A,2013,17.157,0,A,3
CH1.COU:DF_COU_HEALTH_FINANCING(1.0.0),_T,F_2_6,CHF_R_POP_R_MH,A,2014,17.501,0,A,3
CH1.COU:DF_COU_HEALTH_FINANCING(1.0.0),_T,F_2_6,CHF_R_POP_R_MH,A,2015,17.596,0,A,3
CH1.COU:DF_COU_HEALTH_FINANCING(1.0.0),_T,F_2_6,CHF_R_POP_R_MH,A,2016,17.763,0,A,3
CH1.COU:DF_COU_HEALTH_FINANCING(1.0.0),_T,F_2_6,CHF_R_POP_R_MH,A,2017,17.647,0,A,3
CH1.COU:DF_COU_HEALTH_FINANCING(1.0.0),_T,F_2_6,CHF_R_POP_R_MH,A,2018,17.572,0,A,3
CH1.COU:DF_COU_HEALTH_FINANCING(1.0.0),_T,F_2_6,CHF_R_POP_R_MH,A,2019,17.907,0,A,3
CH1.COU:DF_COU_HEALTH_FINANCING(1.0.0),_T,F_2_6,CHF_R_POP_R_MH,A,2020,17.942,0,A,3
CH1.COU:DF_COU_HEALTH_FINANCING(1.0.0),_T,F_2_6,CHF_R_POP_R_MH,A,2021,16.812,0,A,3
CH1.COU:DF_COU_HEALTH_FINANCING(1.0.0),_T,F_2_6,CHF_R_POP_R_MH,A,2022,16.458,0,A,3
CH1.COU:DF_COU_HEALTH_FINANCING(1.0.0),_T,F_2_6,CHF_R_POP_R_MH,A,2023,16.858,0,A,3
CH1.COU:DF_COU_HEALTH_FINANCING(1.0.0),_T,F_2_6,CHF_R_POP_R_MH,A,2024,17.425,0,P,3
CH1.COU:DF_COU_HEALTH_FINANCING(1.0.0),_T,F_4,CHF,A,1995,10878.64,6,A,3
CH1.COU:DF_COU_HEALTH_FINANCING(1.0.0),_T,F_4,CHF,A,1996,11198.302,6,A,3
CH1.COU:DF_COU_HEALTH_FINANCING(1.0.0),_T,F_4,CHF,A,1997,11339.211,6,A,3
CH1.COU:DF_COU_HEALTH_FINANCING(1.0.0),_T,F_4,CHF,A,1998,11708.435,6,A,3
CH1.COU:DF_COU_HEALTH_FINANCING(1.0.0),_T,F_4,CHF,A,1999,11983.285,6,A,3
CH1.COU:DF_COU_HEALTH_FINANCING(1.0.0),_T,F_4,CHF,A,2000,12465.557,6,A,3
CH1.COU:DF_COU_HEALTH_FINANCING(1.0.0),_T,F_4,CHF,A,2001,12859.244,6,A,3
CH1.COU:DF_COU_HEALTH_FINANCING(1.0.0),_T,F_4,CHF,A,2002,12914.007,6,A,3
CH1.COU:DF_COU_HEALTH_FINANCING(1.0.0),_T,F_4,CHF,A,2003,13268.178,6,A,3
CH1.COU:DF_COU_HEALTH_FINANCING(1.0.0),_T,F_4,CHF,A,2004,13798.139,6,A,3
CH1.COU:DF_COU_HEALTH_FINANCING(1.0.0),_T,F_4,CHF,A,2005,13744.782,6,A,3
CH1.COU:DF_COU_HEALTH_FINANCING(1.0.0),_T,F_4,CHF,A,2006,13847.558,6,A,3
CH1.COU:DF_COU_HEALTH_FINANCING(1.0.0),_T,F_4,CHF,A,2007,14509.409,6,A,3
CH1.COU:DF_COU_HEALTH_FINANCING(1.0.0),_T,F_4,CHF,A,2008,14825.173,6,A,3
CH1.COU:DF_COU_HEALTH_FINANCING(1.0.0),_T,F_4,CHF,A,2009,15247.709,6,A,3
CH1.COU:DF_COU_HEALTH_FINANCING(1.0.0),_T,F_4,CHF,A,2010,15016.68,6,A,3
CH1.COU:DF_COU_HEALTH_FINANCING(1.0.0),_T,F_4,CHF,A,2011,15131.347,6,A,3
CH1.COU:DF_COU_HEALTH_FINANCING(1.0.0),_T,F_4,CHF,A,2012,15535.142,6,A,3
CH1.COU:DF_COU_HEALTH_FINANCING(1.0.0),_T,F_4,CHF,A,2013,15792.261,6,A,3
CH1.COU:DF_COU_HEALTH_FINANCING(1.0.0),_T,F_4,CHF,A,2014,16068.451,6,A,3
CH1.COU:DF_COU_HEALTH_FINANCING(1.0.0),_T,F_4,CHF,A,2015,16170.068,6,A,3
CH1.COU:DF_COU_HEALTH_FINANCING(1.0.0),_T,F_4,CHF,A,2016,16153.134,6,A,3
CH1.COU:DF_COU_HEALTH_FINANCING(1.0.0),_T,F_4,CHF,A,2017,16787.252,6,A,3
CH1.COU:DF_COU_HEALTH_FINANCING(1.0.0),_T,F_4,CHF,A,2018,17293.295,6,A,3
CH1.COU:DF_COU_HEALTH_FINANCING(1.0.0),_T,F_4,CHF,A,2019,17843.922,6,A,3
CH1.COU:DF_COU_HEALTH_FINANCING(1.0.0),_T,F_4,CHF,A,2020,17309.346,6,A,3
CH1.COU:DF_COU_HEALTH_FINANCING(1.0.0),_T,F_4,CHF,A,2021,19030.752,6,A,3
CH1.COU:DF_COU_HEALTH_FINANCING(1.0.0),_T,F_4,CHF,A,2022,19951.498,6,A,3
CH1.COU:DF_COU_HEALTH_FINANCING(1.0.0),_T,F_4,CHF,A,2023,20069.404,6,A,3
CH1.COU:DF_COU_HEALTH_FINANCING(1.0.0),_T,F_4,CHF,A,2024,20907.21,6,P,3
CH1.COU:DF_COU_HEALTH_FINANCING(1.0.0),_T,F_4_3,CHF_R_POP_R_MH,A,1995,110.768,0,A,3
CH1.COU:DF_COU_HEALTH_FINANCING(1.0.0),_T,F_4_3,CHF_R_POP_R_MH,A,1996,108.698,0,A,3
CH1.COU:DF_COU_HEALTH_FINANCING(1.0.0),_T,F_4_3,CHF_R_POP_R_MH,A,1997,110.421,0,A,3
CH1.COU:DF_COU_HEALTH_FINANCING(1.0.0),_T,F_4_3,CHF_R_POP_R_MH,A,1998,110.772,0,A,3
CH1.COU:DF_COU_HEALTH_FINANCING(1.0.0),_T,F_4_3,CHF_R_POP_R_MH,A,1999,112.86,0,A,3
CH1.COU:DF_COU_HEALTH_FINANCING(1.0.0),_T,F_4_3,CHF_R_POP_R_MH,A,2000,116.499,0,A,3
CH1.COU:DF_COU_HEALTH_FINANCING(1.0.0),_T,F_4_3,CHF_R_POP_R_MH,A,2001,119.762,0,A,3
CH1.COU:DF_COU_HEALTH_FINANCING(1.0.0),_T,F_4_3,CHF_R_POP_R_MH,A,2002,117.615,0,A,3
CH1.COU:DF_COU_HEALTH_FINANCING(1.0.0),_T,F_4_3,CHF_R_POP_R_MH,A,2003,119.761,0,A,3
CH1.COU:DF_COU_HEALTH_FINANCING(1.0.0),_T,F_4_3,CHF_R_POP_R_MH,A,2004,122.193,0,A,3
CH1.COU:DF_COU_HEALTH_FINANCING(1.0.0),_T,F_4_3,CHF_R_POP_R_MH,A,2005,119.054,0,A,3
CH1.COU:DF_COU_HEALTH_FINANCING(1.0.0),_T,F_4_3,CHF_R_POP_R_MH,A,2006,119.028,0,A,3
CH1.COU:DF_COU_HEALTH_FINANCING(1.0.0),_T,F_4_3,CHF_R_POP_R_MH,A,2007,123.953,0,A,3
CH1.COU:DF_COU_HEALTH_FINANCING(1.0.0),_T,F_4_3,CHF_R_POP_R_MH,A,2008,124.343,0,A,3
CH1.COU:DF_COU_HEALTH_FINANCING(1.0.0),_T,F_4_3,CHF_R_POP_R_MH,A,2009,126.167,0,A,3
CH1.COU:DF_COU_HEALTH_FINANCING(1.0.0),_T,F_4_3,CHF_R_POP_R_MH,A,2010,122.42,0,A,3
CH1.COU:DF_COU_HEALTH_FINANCING(1.0.0),_T,F_4_3,CHF_R_POP_R_MH,A,2011,120.63,0,A,3
CH1.COU:DF_COU_HEALTH_FINANCING(1.0.0),_T,F_4_3,CHF_R_POP_R_MH,A,2012,122.163,0,A,3
CH1.COU:DF_COU_HEALTH_FINANCING(1.0.0),_T,F_4_3,CHF_R_POP_R_MH,A,2013,121.246,0,A,3
CH1.COU:DF_COU_HEALTH_FINANCING(1.0.0),_T,F_4_3,CHF_R_POP_R_MH,A,2014,121.676,0,A,3
CH1.COU:DF_COU_HEALTH_FINANCING(1.0.0),_T,F_4_3,CHF_R_POP_R_MH,A,2015,119.528,0,A,3
CH1.COU:DF_COU_HEALTH_FINANCING(1.0.0),_T,F_4_3,CHF_R_POP_R_MH,A,2016,116.306,0,A,3
CH1.COU:DF_COU_HEALTH_FINANCING(1.0.0),_T,F_4_3,CHF_R_POP_R_MH,A,2017,120.635,0,A,3
CH1.COU:DF_COU_HEALTH_FINANCING(1.0.0),_T,F_4_3,CHF_R_POP_R_MH,A,2018,123.859,0,A,3
CH1.COU:DF_COU_HEALTH_FINANCING(1.0.0),_T,F_4_3,CHF_R_POP_R_MH,A,2019,126.699,0,A,3
CH1.COU:DF_COU_HEALTH_FINANCING(1.0.0),_T,F_4_3,CHF_R_POP_R_MH,A,2020,120.656,0,A,3
CH1.COU:DF_COU_HEALTH_FINANCING(1.0.0),_T,F_4_3,CHF_R_POP_R_MH,A,2021,134.091,0,A,3
CH1.COU:DF_COU_HEALTH_FINANCING(1.0.0),_T,F_4_3,CHF_R_POP_R_MH,A,2022,139.754,0,A,3
CH1.COU:DF_COU_HEALTH_FINANCING(1.0.0),_T,F_4_3,CHF_R_POP_R_MH,A,2023,136.777,0,A,3
CH1.COU:DF_COU_HEALTH_FINANCING(1.0.0),_T,F_4_3,CHF_R_POP_R_MH,A,2024,139.828,0,P,3
CH1.COU:DF_COU_HEALTH_FINANCING(1.0.0),_T,_T,CHF,A,1995,36440.492,6,A,3
CH1.COU:DF_COU_HEALTH_FINANCING(1.0.0),_T,_T,CHF,A,1996,38185.02,6,A,3
CH1.COU:DF_COU_HEALTH_FINANCING(1.0.0),_T,_T,CHF,A,1997,38926.312,6,A,3
CH1.COU:DF_COU_HEALTH_FINANCING(1.0.0),_T,_T,CHF,A,1998,40467.992,6,A,3
CH1.COU:DF_COU_HEALTH_FINANCING(1.0.0),_T,_T,CHF,A,1999,41693.645,6,A,3
CH1.COU:DF_COU_HEALTH_FINANCING(1.0.0),_T,_T,CHF,A,2000,43453.926,6,A,3
CH1.COU:DF_COU_HEALTH_FINANCING(1.0.0),_T,_T,CHF,A,2001,46143.152,6,A,3
CH1.COU:DF_COU_HEALTH_FINANCING(1.0.0),_T,_T,CHF,A,2002,48002.59,6,A,3
CH1.COU:DF_COU_HEALTH_FINANCING(1.0.0),_T,_T,CHF,A,2003,49807.613,6,A,3
CH1.COU:DF_COU_HEALTH_FINANCING(1.0.0),_T,_T,CHF,A,2004,51748.203,6,A,3
CH1.COU:DF_COU_HEALTH_FINANCING(1.0.0),_T,_T,CHF,A,2005,52823.688,6,A,3
CH1.COU:DF_COU_HEALTH_FINANCING(1.0.0),_T,_T,CHF,A,2006,53501.637,6,A,3
CH1.COU:DF_COU_HEALTH_FINANCING(1.0.0),_T,_T,CHF,A,2007,55957.895,6,A,3
CH1.COU:DF_COU_HEALTH_FINANCING(1.0.0),_T,_T,CHF,A,2008,59052.01,6,A,3
CH1.COU:DF_COU_HEALTH_FINANCING(1.0.0),_T,_T,CHF,A,2009,61655.477,6,A,3
CH1.COU:DF_COU_HEALTH_FINANCING(1.0.0),_T,_T,CHF,A,2010,63062.324,6,A,3
CH1.COU:DF_COU_HEALTH_FINANCING(1.0.0),_T,_T,CHF,A,2011,65974.94,6,A,3
CH1.COU:DF_COU_HEALTH_FINANCING(1.0.0),_T,_T,CHF,A,2012,70585.44,6,A,3
CH1.COU:DF_COU_HEALTH_FINANCING(1.0.0),_T,_T,CHF,A,2013,72120.92,6,A,3
CH1.COU:DF_COU_HEALTH_FINANCING(1.0.0),_T,_T,CHF,A,2014,72967.93,6,A,3
CH1.COU:DF_COU_HEALTH_FINANCING(1.0.0),_T,_T,CHF,A,2015,74680.96,6,A,3
CH1.COU:DF_COU_HEALTH_FINANCING(1.0.0),_T,_T,CHF,A,2016,77382.66,6,A,3
CH1.COU:DF_COU_HEALTH_FINANCING(1.0.0),_T,_T,CHF,A,2017,80066.36,6,A,3
CH1.COU:DF_COU_HEALTH_FINANCING(1.0.0),_T,_T,CHF,A,2018,82690.31,6,A,3
CH1.COU:DF_COU_HEALTH_FINANCING(1.0.0),_T,_T,CHF,A,2019,83899.78,6,A,3
CH1.COU:DF_COU_HEALTH_FINANCING(1.0.0),_T,_T,CHF,A,2020,86138.55,6,A,3
CH1.COU:DF_COU_HEALTH_FINANCING(1.0.0),_T,_T,CHF,A,2021,90624.16,6,A,3
CH1.COU:DF_COU_HEALTH_FINANCING(1.0.0),_T,_T,CHF,A,2022,93148.56,6,A,3
CH1.COU:DF_COU_HEALTH_FINANCING(1.0.0),_T,_T,CHF,A,2023,94369.99,6,A,3
CH1.COU:DF_COU_HEALTH_FINANCING(1.0.0),_T,_T,CHF,A,2024,98268.86,6,P,3
CH1.COU:DF_COU_HEALTH_FINANCING(1.0.0),Q_1,F_1,CHF,A,1995,182.847,6,A,3
CH1.COU:DF_COU_HEALTH_FINANCING(1.0.0),Q_1,F_1,CHF,A,1996,177.393,6,A,3
CH1.COU:DF_COU_HEALTH_FINANCING(1.0.0),Q_1,F_1,CHF,A,1997,163.877,6,A,3
CH1.COU:DF_COU_HEALTH_FINANCING(1.0.0),Q_1,F_1,CHF,A,1998,163.003,6,A,3
CH1.COU:DF_COU_HEALTH_FINANCING(1.0.0),Q_1,F_1,CHF,A,1999,176.591,6,A,3
CH1.COU:DF_COU_HEALTH_FINANCING(1.0.0),Q_1,F_1,CHF,A,2000,200.916,6,A,3
CH1.COU:DF_COU_HEALTH_FINANCING(1.0.0),Q_1,F_1,CHF,A,2001,222.32,6,A,3
CH1.COU:DF_COU_HEALTH_FINANCING(1.0.0),Q_1,F_1,CHF,A,2002,314.003,6,A,3
CH1.COU:DF_COU_HEALTH_FINANCING(1.0.0),Q_1,F_1,CHF,A,2003,232.988,6,A,3
CH1.COU:DF_COU_HEALTH_FINANCING(1.0.0),Q_1,F_1,CHF,A,2004,231.929,6,A,3
CH1.COU:DF_COU_HEALTH_FINANCING(1.0.0),Q_1,F_1,CHF,A,2005,217.092,6,A,3
CH1.COU:DF_COU_HEALTH_FINANCING(1.0.0),Q_1,F_1,CHF,A,2006,213.344,6,A,3
CH1.COU:DF_COU_HEALTH_FINANCING(1.0.0),Q_1,F_1,CHF,A,2007,282.73,6,A,3
CH1.COU:DF_COU_HEALTH_FINANCING(1.0.0),Q_1,F_1,CHF,A,2008,298.517,6,A,3
CH1.COU:DF_COU_HEALTH_FINANCING(1.0.0),Q_1,F_1,CHF,A,2009,363.194,6,A,3
CH1.COU:DF_COU_HEALTH_FINANCING(1.0.0),Q_1,F_1,CHF,A,2010,263.039,6,A,3
CH1.COU:DF_COU_HEALTH_FINANCING(1.0.0),Q_1,F_1,CHF,A,2011,232.285,6,A,3
CH1.COU:DF_COU_HEALTH_FINANCING(1.0.0),Q_1,F_1,CHF,A,2012,246.493,6,A,3
CH1.COU:DF_COU_HEALTH_FINANCING(1.0.0),Q_1,F_1,CHF,A,2013,245.918,6,A,3
CH1.COU:DF_COU_HEALTH_FINANCING(1.0.0),Q_1,F_1,CHF,A,2014,228.164,6,A,3
CH1.COU:DF_COU_HEALTH_FINANCING(1.0.0),Q_1,F_1,CHF,A,2015,222.243,6,A,3
CH1.COU:DF_COU_HEALTH_FINANCING(1.0.0),Q_1,F_1,CHF,A,2016,234.843,6,A,3
CH1.COU:DF_COU_HEALTH_FINANCING(1.0.0),Q_1,F_1,CHF,A,2017,271.606,6,A,3
CH1.COU:DF_COU_HEALTH_FINANCING(1.0.0),Q_1,F_1,CHF,A,2018,184.278,6,A,3
CH1.COU:DF_COU_HEALTH_FINANCING(1.0.0),Q_1,F_1,CHF,A,2019,176.881,6,A,3
CH1.COU:DF_COU_HEALTH_FINANCING(1.0.0),Q_1,F_1,CHF,A,2020,1026.241,6,A,3
CH1.COU:DF_COU_HEALTH_FINANCING(1.0.0),Q_1,F_1,CHF,A,2021,2148.346,6,A,3
CH1.COU:DF_COU_HEALTH_FINANCING(1.0.0),Q_1,F_1,CHF,A,2022,2076.358,6,A,3
CH1.COU:DF_COU_HEALTH_FINANCING(1.0.0),Q_1,F_1,CHF,A,2023,397.708,6,A,3
CH1.COU:DF_COU_HEALTH_FINANCING(1.0.0),Q_1,F_1,CHF,A,2024,203.443,6,P,3
CH1.COU:DF_COU_HEALTH_FINANCING(1.0.0),Q_1,F_1,CHF_R_POP_R_MH,A,1995,2.164,0,A,3
CH1.COU:DF_COU_HEALTH_FINANCING(1.0.0),Q_1,F_1,CHF_R_POP_R_MH,A,1996,2.09,0,A,3
CH1.COU:DF_COU_HEALTH_FINANCING(1.0.0),Q_1,F_1,CHF_R_POP_R_MH,A,1997,1.926,0,A,3
CH1.COU:DF_COU_HEALTH_FINANCING(1.0.0),Q_1,F_1,CHF_R_POP_R_MH,A,1998,1.91,0,A,3
CH1.COU:DF_COU_HEALTH_FINANCING(1.0.0),Q_1,F_1,CHF_R_POP_R_MH,A,1999,2.06,0,A,3
CH1.COU:DF_COU_HEALTH_FINANCING(1.0.0),Q_1,F_1,CHF_R_POP_R_MH,A,2000,2.331,0,A,3
CH1.COU:DF_COU_HEALTH_FINANCING(1.0.0),Q_1,F_1,CHF_R_POP_R_MH,A,2001,2.564,0,A,3
CH1.COU:DF_COU_HEALTH_FINANCING(1.0.0),Q_1,F_1,CHF_R_POP_R_MH,A,2002,3.592,0,A,3
CH1.COU:DF_COU_HEALTH_FINANCING(1.0.0),Q_1,F_1,CHF_R_POP_R_MH,A,2003,2.646,0,A,3
CH1.COU:DF_COU_HEALTH_FINANCING(1.0.0),Q_1,F_1,CHF_R_POP_R_MH,A,2004,2.615,0,A,3
CH1.COU:DF_COU_HEALTH_FINANCING(1.0.0),Q_1,F_1,CHF_R_POP_R_MH,A,2005,2.433,0,A,3
CH1.COU:DF_COU_HEALTH_FINANCING(1.0.0),Q_1,F_1,CHF_R_POP_R_MH,A,2006,2.376,0,A,3
CH1.COU:DF_COU_HEALTH_FINANCING(1.0.0),Q_1,F_1,CHF_R_POP_R_MH,A,2007,3.12,0,A,3
CH1.COU:DF_COU_HEALTH_FINANCING(1.0.0),Q_1,F_1,CHF_R_POP_R_MH,A,2008,3.253,0,A,3
CH1.COU:DF_COU_HEALTH_FINANCING(1.0.0),Q_1,F_1,CHF_R_POP_R_MH,A,2009,3.908,0,A,3
CH1.COU:DF_COU_HEALTH_FINANCING(1.0.0),Q_1,F_1,CHF_R_POP_R_MH,A,2010,2.801,0,A,3
CH1.COU:DF_COU_HEALTH_FINANCING(1.0.0),Q_1,F_1,CHF_R_POP_R_MH,A,2011,2.446,0,A,3
CH1.COU:DF_COU_HEALTH_FINANCING(1.0.0),Q_1,F_1,CHF_R_POP_R_MH,A,2012,2.569,0,A,3
CH1.COU:DF_COU_HEALTH_FINANCING(1.0.0),Q_1,F_1,CHF_R_POP_R_MH,A,2013,2.533,0,A,3
CH1.COU:DF_COU_HEALTH_FINANCING(1.0.0),Q_1,F_1,CHF_R_POP_R_MH,A,2014,2.322,0,A,3
CH1.COU:DF_COU_HEALTH_FINANCING(1.0.0),Q_1,F_1,CHF_R_POP_R_MH,A,2015,2.236,0,A,3
CH1.COU:DF_COU_HEALTH_FINANCING(1.0.0),Q_1,F_1,CHF_R_POP_R_MH,A,2016,2.337,0,A,3
CH1.COU:DF_COU_HEALTH_FINANCING(1.0.0),Q_1,F_1,CHF_R_POP_R_MH,A,2017,2.678,0,A,3
CH1.COU:DF_COU_HEALTH_FINANCING(1.0.0),Q_1,F_1,CHF_R_POP_R_MH,A,2018,1.804,0,A,3
CH1.COU:DF_COU_HEALTH_FINANCING(1.0.0),Q_1,F_1,CHF_R_POP_R_MH,A,2019,1.719,0,A,3
CH1.COU:DF_COU_HEALTH_FINANCING(1.0.0),Q_1,F_1,CHF_R_POP_R_MH,A,2020,9.9,0,A,3
CH1.COU:DF_COU_HEALTH_FINANCING(1.0.0),Q_1,F_1,CHF_R_POP_R_MH,A,2021,20.567,0,A,3
CH1.COU:DF_COU_HEALTH_FINANCING(1.0.0),Q_1,F_1,CHF_R_POP_R_MH,A,2022,19.714,0,A,3
CH1.COU:DF_COU_HEALTH_FINANCING(1.0.0),Q_1,F_1,CHF_R_POP_R_MH,A,2023,3.729,0,A,3
CH1.COU:DF_COU_HEALTH_FINANCING(1.0.0),Q_1,F_1,CHF_R_POP_R_MH,A,2024,1.882,0,P,3
CH1.COU:DF_COU_HEALTH_FINANCING(1.0.0),Q_1,F_2_5,CHF_R_POP_R_MH,A,1995,0.482,0,A,3
CH1.COU:DF_COU_HEALTH_FINANCING(1.0.0),Q_1,F_2_5,CHF_R_POP_R_MH,A,1996,0.438,0,A,3
CH1.COU:DF_COU_HEALTH_FINANCING(1.0.0),Q_1,F_2_5,CHF_R_POP_R_MH,A,1997,0.445,0,A,3
CH1.COU:DF_COU_HEALTH_FINANCING(1.0.0),Q_1,F_2_5,CHF_R_POP_R_MH,A,1998,0.423,0,A,3
CH1.COU:DF_COU_HEALTH_FINANCING(1.0.0),Q_1,F_2_5,CHF_R_POP_R_MH,A,1999,0.488,0,A,3
CH1.COU:DF_COU_HEALTH_FINANCING(1.0.0),Q_1,F_2_5,CHF_R_POP_R_MH,A,2000,0.508,0,A,3
CH1.COU:DF_COU_HEALTH_FINANCING(1.0.0),Q_1,F_2_5,CHF_R_POP_R_MH,A,2001,0.531,0,A,3
CH1.COU:DF_COU_HEALTH_FINANCING(1.0.0),Q_1,F_2_5,CHF_R_POP_R_MH,A,2002,0.546,0,A,3
CH1.COU:DF_COU_HEALTH_FINANCING(1.0.0),Q_1,F_2_5,CHF_R_POP_R_MH,A,2003,0.56,0,A,3
CH1.COU:DF_COU_HEALTH_FINANCING(1.0.0),Q_1,F_2_5,CHF_R_POP_R_MH,A,2004,0.553,0,A,3
CH1.COU:DF_COU_HEALTH_FINANCING(1.0.0),Q_1,F_2_5,CHF_R_POP_R_MH,A,2005,0.559,0,A,3
CH1.COU:DF_COU_HEALTH_FINANCING(1.0.0),Q_1,F_2_5,CHF_R_POP_R_MH,A,2006,0.543,0,A,3
CH1.COU:DF_COU_HEALTH_FINANCING(1.0.0),Q_1,F_2_5,CHF_R_POP_R_MH,A,2007,0.564,0,A,3
CH1.COU:DF_COU_HEALTH_FINANCING(1.0.0),Q_1,F_2_5,CHF_R_POP_R_MH,A,2008,0.576,0,A,3
CH1.COU:DF_COU_HEALTH_FINANCING(1.0.0),Q_1,F_2_5,CHF_R_POP_R_MH,A,2009,0.585,0,A,3
CH1.COU:DF_COU_HEALTH_FINANCING(1.0.0),Q_1,F_2_5,CHF_R_POP_R_MH,A,2010,0.81,0,A,3
CH1.COU:DF_COU_HEALTH_FINANCING(1.0.0),Q_1,F_2_5,CHF_R_POP_R_MH,A,2011,0.805,0,A,3
CH1.COU:DF_COU_HEALTH_FINANCING(1.0.0),Q_1,F_2_5,CHF_R_POP_R_MH,A,2012,0.838,0,A,3
CH1.COU:DF_COU_HEALTH_FINANCING(1.0.0),Q_1,F_2_5,CHF_R_POP_R_MH,A,2013,0.88,0,A,3
CH1.COU:DF_COU_HEALTH_FINANCING(1.0.0),Q_1,F_2_5,CHF_R_POP_R_MH,A,2014,0.871,0,A,3
CH1.COU:DF_COU_HEALTH_FINANCING(1.0.0),Q_1,F_2_5,CHF_R_POP_R_MH,A,2015,0.912,0,A,3
CH1.COU:DF_COU_HEALTH_FINANCING(1.0.0),Q_1,F_2_5,CHF_R_POP_R_MH,A,2016,0.905,0,A,3
CH1.COU:DF_COU_HEALTH_FINANCING(1.0.0),Q_1,F_2_5,CHF_R_POP_R_MH,A,2017,0.898,0,A,3
CH1.COU:DF_COU_HEALTH_FINANCING(1.0.0),Q_1,F_2_5,CHF_R_POP_R_MH,A,2018,0.839,0,A,3
CH1.COU:DF_COU_HEALTH_FINANCING(1.0.0),Q_1,F_2_5,CHF_R_POP_R_MH,A,2019,0.895,0,A,3
CH1.COU:DF_COU_HEALTH_FINANCING(1.0.0),Q_1,F_2_5,CHF_R_POP_R_MH,A,2020,0.869,0,A,3
CH1.COU:DF_COU_HEALTH_FINANCING(1.0.0),Q_1,F_2_5,CHF_R_POP_R_MH,A,2021,0.873,0,A,3
CH1.COU:DF_COU_HEALTH_FINANCING(1.0.0),Q_1,F_2_5,CHF_R_POP_R_MH,A,2022,0.852,0,A,3
CH1.COU:DF_COU_HEALTH_FINANCING(1.0.0),Q_1,F_2_5,CHF_R_POP_R_MH,A,2023,0.892,0,A,3
CH1.COU:DF_COU_HEALTH_FINANCING(1.0.0),Q_1,F_2_5,CHF_R_POP_R_MH,A,2024,0.898,0,P,3
CH1.COU:DF_COU_HEALTH_FINANCING(1.0.0),Q_3,_T,CHF_R_POP_R_MH,A,1995,10.83,0,A,3
CH1.COU:DF_COU_HEALTH_FINANCING(1.0.0),Q_3,_T,CHF_R_POP_R_MH,A,1996,10.989,0,A,3
CH1.COU:DF_COU_HEALTH_FINANCING(1.0.0),Q_3,_T,CHF_R_POP_R_MH,A,1997,11.175,0,A,3
CH1.COU:DF_COU_HEALTH_FINANCING(1.0.0),Q_3,_T,CHF_R_POP_R_MH,A,1998,11.783,0,A,3
CH1.COU:DF_COU_HEALTH_FINANCING(1.0.0),Q_3,_T,CHF_R_POP_R_MH,A,1999,11.843,0,A,3
CH1.COU:DF_COU_HEALTH_FINANCING(1.0.0),Q_3,_T,CHF_R_POP_R_MH,A,2000,11.985,0,A,3
CH1.COU:DF_COU_HEALTH_FINANCING(1.0.0),Q_3,_T,CHF_R_POP_R_MH,A,2001,13.605,0,A,3
CH1.COU:DF_COU_HEALTH_FINANCING(1.0.0),Q_3,_T,CHF_R_POP_R_MH,A,2002,13.862,0,A,3
CH1.COU:DF_COU_HEALTH_FINANCING(1.0.0),Q_3,_T,CHF_R_POP_R_MH,A,2003,13.404,0,A,3
CH1.COU:DF_COU_HEALTH_FINANCING(1.0.0),Q_3,_T,CHF_R_POP_R_MH,A,2004,13.491,0,A,3
CH1.COU:DF_COU_HEALTH_FINANCING(1.0.0),Q_3,_T,CHF_R_POP_R_MH,A,2005,11.949,0,A,3
CH1.COU:DF_COU_HEALTH_FINANCING(1.0.0),Q_3,_T,CHF_R_POP_R_MH,A,2006,9.599,0,A,3
CH1.COU:DF_COU_HEALTH_FINANCING(1.0.0),Q_3,_T,CHF_R_POP_R_MH,A,2007,10.586,0,A,3
CH1.COU:DF_COU_HEALTH_FINANCING(1.0.0),Q_3,_T,CHF_R_POP_R_MH,A,2008,17.361,0,A,3
CH1.COU:DF_COU_HEALTH_FINANCING(1.0.0),Q_3,_T,CHF_R_POP_R_MH,A,2009,18.102,0,A,3
CH1.COU:DF_COU_HEALTH_FINANCING(1.0.0),Q_3,_T,CHF_R_POP_R_MH,A,2010,16.874,0,A,3
CH1.COU:DF_COU_HEALTH_FINANCING(1.0.0),Q_3,_T,CHF_R_POP_R_MH,A,2011,19.526,0,A,3
CH1.COU:DF_COU_HEALTH_FINANCING(1.0.0),Q_3,_T,CHF_R_POP_R_MH,A,2012,20.306,0,A,3
CH1.COU:DF_COU_HEALTH_FINANCING(1.0.0),Q_3,_T,CHF_R_POP_R_MH,A,2013,21.485,0,A,3
CH1.COU:DF_COU_HEALTH_FINANCING(1.0.0),Q_3,_T,CHF_R_POP_R_MH,A,2014,19.951,0,A,3
CH1.COU:DF_COU_HEALTH_FINANCING(1.0.0),Q_3,_T,CHF_R_POP_R_MH,A,2015,21.695,0,A,3
CH1.COU:DF_COU_HEALTH_FINANCING(1.0.0),Q_3,_T,CHF_R_POP_R_MH,A,2016,22.17,0,A,3
CH1.COU:DF_COU_HEALTH_FINANCING(1.0.0),Q_3,_T,CHF_R_POP_R_MH,A,2017,22.167,0,A,3
CH1.COU:DF_COU_HEALTH_FINANCING(1.0.0),Q_3,_T,CHF_R_POP_R_MH,A,2018,22.824,0,A,3
CH1.COU:DF_COU_HEALTH_FINANCING(1.0.0),Q_3,_T,CHF_R_POP_R_MH,A,2019,25.521,0,A,3
CH1.COU:DF_COU_HEALTH_FINANCING(1.0.0),Q_3,_T,CHF_R_POP_R_MH,A,2020,26.029,0,A,3
CH1.COU:DF_COU_HEALTH_FINANCING(1.0.0),Q_3,_T,CHF_R_POP_R_MH,A,2021,26.514,0,A,3
CH1.COU:DF_COU_HEALTH_FINANCING(1.0.0),Q_3,_T,CHF_R_POP_R_MH,A,2022,27.439,0,A,3
CH1.COU:DF_COU_HEALTH_FINANCING(1.0.0),Q_3,_T,CHF_R_POP_R_MH,A,2023,29.729,0,A,3
CH1.COU:DF_COU_HEALTH_FINANCING(1.0.0),Q_3,_T,CHF_R_POP_R_MH,A,2024,30.117,0,P,3
CH1.COU:DF_COU_HEALTH_FINANCING(1.0.0),Q_4,F_4,CHF,A,1995,10878.64,6,A,3
CH1.COU:DF_COU_HEALTH_FINANCING(1.0.0),Q_4,F_4,CHF,A,1996,11198.302,6,A,3
CH1.COU:DF_COU_HEALTH_FINANCING(1.0.0),Q_4,F_4,CHF,A,1997,11339.211,6,A,3
CH1.COU:DF_COU_HEALTH_FINANCING(1.0.0),Q_4,F_4,CHF,A,1998,11708.435,6,A,3
CH1.COU:DF_COU_HEALTH_FINANCING(1.0.0),Q_4,F_4,CHF,A,1999,11983.285,6,A,3
CH1.COU:DF_COU_HEALTH_FINANCING(1.0.0),Q_4,F_4,CHF,A,2000,12465.557,6,A,3
CH1.COU:DF_COU_HEALTH_FINANCING(1.0.0),Q_4,F_4,CHF,A,2001,12859.244,6,A,3
CH1.COU:DF_COU_HEALTH_FINANCING(1.0.0),Q_4,F_4,CHF,A,2002,12914.007,6,A,3
CH1.COU:DF_COU_HEALTH_FINANCING(1.0.0),Q_4,F_4,CHF,A,2003,13268.178,6,A,3
CH1.COU:DF_COU_HEALTH_FINANCING(1.0.0),Q_4,F_4,CHF,A,2004,13798.139,6,A,3
CH1.COU:DF_COU_HEALTH_FINANCING(1.0.0),Q_4,F_4,CHF,A,2005,13744.782,6,A,3
CH1.COU:DF_COU_HEALTH_FINANCING(1.0.0),Q_4,F_4,CHF,A,2006,13847.558,6,A,3
CH1.COU:DF_COU_HEALTH_FINANCING(1.0.0),Q_4,F_4,CHF,A,2007,14509.409,6,A,3
CH1.COU:DF_COU_HEALTH_FINANCING(1.0.0),Q_4,F_4,CHF,A,2008,14825.173,6,A,3
CH1.COU:DF_COU_HEALTH_FINANCING(1.0.0),Q_4,F_4,CHF,A,2009,15247.709,6,A,3
CH1.COU:DF_COU_HEALTH_FINANCING(1.0.0),Q_4,F_4,CHF,A,2010,15016.68,6,A,3
CH1.COU:DF_COU_HEALTH_FINANCING(1.0.0),Q_4,F_4,CHF,A,2011,15131.347,6,A,3
CH1.COU:DF_COU_HEALTH_FINANCING(1.0.0),Q_4,F_4,CHF,A,2012,15535.142,6,A,3
CH1.COU:DF_COU_HEALTH_FINANCING(1.0.0),Q_4,F_4,CHF,A,2013,15792.261,6,A,3
CH1.COU:DF_COU_HEALTH_FINANCING(1.0.0),Q_4,F_4,CHF,A,2014,16068.451,6,A,3
CH1.COU:DF_COU_HEALTH_FINANCING(1.0.0),Q_4,F_4,CHF,A,2015,16170.068,6,A,3
CH1.COU:DF_COU_HEALTH_FINANCING(1.0.0),Q_4,F_4,CHF,A,2016,16153.134,6,A,3
CH1.COU:DF_COU_HEALTH_FINANCING(1.0.0),Q_4,F_4,CHF,A,2017,16787.252,6,A,3
CH1.COU:DF_COU_HEALTH_FINANCING(1.0.0),Q_4,F_4,CHF,A,2018,17293.295,6,A,3
CH1.COU:DF_COU_HEALTH_FINANCING(1.0.0),Q_4,F_4,CHF,A,2019,17843.922,6,A,3
CH1.COU:DF_COU_HEALTH_FINANCING(1.0.0),Q_4,F_4,CHF,A,2020,17309.346,6,A,3
CH1.COU:DF_COU_HEALTH_FINANCING(1.0.0),Q_4,F_4,CHF,A,2021,19030.752,6,A,3
CH1.COU:DF_COU_HEALTH_FINANCING(1.0.0),Q_4,F_4,CHF,A,2022,19951.498,6,A,3
CH1.COU:DF_COU_HEALTH_FINANCING(1.0.0),Q_4,F_4,CHF,A,2023,20069.404,6,A,3
CH1.COU:DF_COU_HEALTH_FINANCING(1.0.0),Q_4,F_4,CHF,A,2024,20907.21,6,P,3
CH1.COU:DF_COU_HEALTH_FINANCING(1.0.0),Q_4,F_4,CHF_R_POP_R_MH,A,1995,128.759,0,A,3
CH1.COU:DF_COU_HEALTH_FINANCING(1.0.0),Q_4,F_4,CHF_R_POP_R_MH,A,1996,131.959,0,A,3
CH1.COU:DF_COU_HEALTH_FINANCING(1.0.0),Q_4,F_4,CHF_R_POP_R_MH,A,1997,133.298,0,A,3
CH1.COU:DF_COU_HEALTH_FINANCING(1.0.0),Q_4,F_4,CHF_R_POP_R_MH,A,1998,137.23,0,A,3
CH1.COU:DF_COU_HEALTH_FINANCING(1.0.0),Q_4,F_4,CHF_R_POP_R_MH,A,1999,139.783,0,A,3
CH1.COU:DF_COU_HEALTH_FINANCING(1.0.0),Q_4,F_4,CHF_R_POP_R_MH,A,2000,144.594,0,A,3
CH1.COU:DF_COU_HEALTH_FINANCING(1.0.0),Q_4,F_4,CHF_R_POP_R_MH,A,2001,148.285,0,A,3
CH1.COU:DF_COU_HEALTH_FINANCING(1.0.0),Q_4,F_4,CHF_R_POP_R_MH,A,2002,147.729,0,A,3
CH1.COU:DF_COU_HEALTH_FINANCING(1.0.0),Q_4,F_4,CHF_R_POP_R_MH,A,2003,150.658,0,A,3
CH1.COU:DF_COU_HEALTH_FINANCING(1.0.0),Q_4,F_4,CHF_R_POP_R_MH,A,2004,155.603,0,A,3
CH1.COU:DF_COU_HEALTH_FINANCING(1.0.0),Q_4,F_4,CHF_R_POP_R_MH,A,2005,154.011,0,A,3
CH1.COU:DF_COU_HEALTH_FINANCING(1.0.0),Q_4,F_4,CHF_R_POP_R_MH,A,2006,154.192,0,A,3
CH1.COU:DF_COU_HEALTH_FINANCING(1.0.0),Q_4,F_4,CHF_R_POP_R_MH,A,2007,160.124,0,A,3
CH1.COU:DF_COU_HEALTH_FINANCING(1.0.0),Q_4,F_4,CHF_R_POP_R_MH,A,2008,161.543,0,A,3
CH1.COU:DF_COU_HEALTH_FINANCING(1.0.0),Q_4,F_4,CHF_R_POP_R_MH,A,2009,164.084,0,A,3
CH1.COU:DF_COU_HEALTH_FINANCING(1.0.0),Q_4,F_4,CHF_R_POP_R_MH,A,2010,159.924,0,A,3
CH1.COU:DF_COU_HEALTH_FINANCING(1.0.0),Q_4,F_4,CHF_R_POP_R_MH,A,2011,159.363,0,A,3
CH1.COU:DF_COU_HEALTH_FINANCING(1.0.0),Q_4,F_4,CHF_R_POP_R_MH,A,2012,161.888,0,A,3
CH1.COU:DF_COU_HEALTH_FINANCING(1.0.0),Q_4,F_4,CHF_R_POP_R_MH,A,2013,162.686,0,A,3
CH1.COU:DF_COU_HEALTH_FINANCING(1.0.0),Q_4,F_4,CHF_R_POP_R_MH,A,2014,163.524,0,A,3
CH1.COU:DF_COU_HEALTH_FINANCING(1.0.0),Q_4,F_4,CHF_R_POP_R_MH,A,2015,162.695,0,A,3
CH1.COU:DF_COU_HEALTH_FINANCING(1.0.0),Q_4,F_4,CHF_R_POP_R_MH,A,2016,160.76,0,A,3
CH1.COU:DF_COU_HEALTH_FINANCING(1.0.0),Q_4,F_4,CHF_R_POP_R_MH,A,2017,165.519,0,A,3
CH1.COU:DF_COU_HEALTH_FINANCING(1.0.0),Q_4,F_4,CHF_R_POP_R_MH,A,2018,169.257,0,A,3
CH1.COU:DF_COU_HEALTH_FINANCING(1.0.0),Q_4,F_4,CHF_R_POP_R_MH,A,2019,173.405,0,A,3
CH1.COU:DF_COU_HEALTH_FINANCING(1.0.0),Q_4,F_4,CHF_R_POP_R_MH,A,2020,166.985,0,A,3
CH1.COU:DF_COU_HEALTH_FINANCING(1.0.0),Q_4,F_4,CHF_R_POP_R_MH,A,2021,182.192,0,A,3
CH1.COU:DF_COU_HEALTH_FINANCING(1.0.0),Q_4,F_4,CHF_R_POP_R_MH,A,2022,189.428,0,A,3
CH1.COU:DF_COU_HEALTH_FINANCING(1.0.0),Q_4,F_4,CHF_R_POP_R_MH,A,2023,188.152,0,A,3
CH1.COU:DF_COU_HEALTH_FINANCING(1.0.0),Q_4,F_4,CHF_R_POP_R_MH,A,2024,193.442,0,P,3
CH1.COU:DF_COU_HEALTH_FINANCING(1.0.0),Q_5_1,F_2_3,CHF,A,2010,362.713,6,A,3
CH1.COU:DF_COU_HEALTH_FINANCING(1.0.0),Q_5_1,F_2_3,CHF,A,2011,325.463,6,A,3
CH1.COU:DF_COU_HEALTH_FINANCING(1.0.0),Q_5_1,F_2_3,CHF,A,2012,339.769,6,A,3
CH1.COU:DF_COU_HEALTH_FINANCING(1.0.0),Q_5_1,F_2_3,CHF,A,2013,350.148,6,A,3
CH1.COU:DF_COU_HEALTH_FINANCING(1.0.0),Q_5_1,F_2_3,CHF,A,2014,361.383,6,A,3
CH1.COU:DF_COU_HEALTH_FINANCING(1.0.0),Q_5_1,F_2_3,CHF,A,2015,374.797,6,A,3
CH1.COU:DF_COU_HEALTH_FINANCING(1.0.0),Q_5_1,F_2_3,CHF,A,2016,394.859,6,A,3
CH1.COU:DF_COU_HEALTH_FINANCING(1.0.0),Q_5_1,F_2_3,CHF,A,2017,411.949,6,A,3
CH1.COU:DF_COU_HEALTH_FINANCING(1.0.0),Q_5_1,F_2_3,CHF,A,2018,445.595,6,A,3
CH1.COU:DF_COU_HEALTH_FINANCING(1.0.0),Q_5_1,F_2_3,CHF,A,2019,523.854,6,A,3
CH1.COU:DF_COU_HEALTH_FINANCING(1.0.0),Q_5_1,F_2_3,CHF,A,2020,535.96,6,A,3
CH1.COU:DF_COU_HEALTH_FINANCING(1.0.0),Q_5_1,F_2_3,CHF,A,2021,540.797,6,A,3
CH1.COU:DF_COU_HEALTH_FINANCING(1.0.0),Q_5_1,F_2_3,CHF,A,2022,505.197,6,A,3
CH1.COU:DF_COU_HEALTH_FINANCING(1.0.0),Q_5_1,F_2_3,CHF,A,2023,554.428,6,A,3
CH1.COU:DF_COU_HEALTH_FINANCING(1.0.0),Q_5_1,F_2_3,CHF,A,2024,576.466,6,P,3
CH1.COU:DF_COU_HEALTH_FINANCING(1.0.0),Q_5_1,F_3_3,CHF_R_POP_R_MH,A,2010,6.125,0,A,3
CH1.COU:DF_COU_HEALTH_FINANCING(1.0.0),Q_5_1,F_3_3,CHF_R_POP_R_MH,A,2011,5.621,0,A,3
CH1.COU:DF_COU_HEALTH_FINANCING(1.0.0),Q_5_1,F_3_3,CHF_R_POP_R_MH,A,2012,5.907,0,A,3
CH1.COU:DF_COU_HEALTH_FINANCING(1.0.0),Q_5_1,F_3_3,CHF_R_POP_R_MH,A,2013,7.724,0,A,3
CH1.COU:DF_COU_HEALTH_FINANCING(1.0.0),Q_5_1,F_3_3,CHF_R_POP_R_MH,A,2014,7.448,0,A,3
CH1.COU:DF_COU_HEALTH_FINANCING(1.0.0),Q_5_1,F_3_3,CHF_R_POP_R_MH,A,2015,7.909,0,A,3
CH1.COU:DF_COU_HEALTH_FINANCING(1.0.0),Q_5_1,F_3_3,CHF_R_POP_R_MH,A,2016,7.409,0,A,3
CH1.COU:DF_COU_HEALTH_FINANCING(1.0.0),Q_5_1,F_3_3,CHF_R_POP_R_MH,A,2017,7.455,0,A,3
CH1.COU:DF_COU_HEALTH_FINANCING(1.0.0),Q_5_1,F_3_3,CHF_R_POP_R_MH,A,2018,8.799,0,A,3
CH1.COU:DF_COU_HEALTH_FINANCING(1.0.0),Q_5_1,F_3_3,CHF_R_POP_R_MH,A,2019,8.727,0,A,3
CH1.COU:DF_COU_HEALTH_FINANCING(1.0.0),Q_5_1,F_3_3,CHF_R_POP_R_MH,A,2020,12.003,0,A,3
CH1.COU:DF_COU_HEALTH_FINANCING(1.0.0),Q_5_1,F_3_3,CHF_R_POP_R_MH,A,2021,10.411,0,A,3
CH1.COU:DF_COU_HEALTH_FINANCING(1.0.0),Q_5_1,F_3_3,CHF_R_POP_R_MH,A,2022,11.97,0,A,3
CH1.COU:DF_COU_HEALTH_FINANCING(1.0.0),Q_5_1,F_3_3,CHF_R_POP_R_MH,A,2023,12.3,0,A,3
CH1.COU:DF_COU_HEALTH_FINANCING(1.0.0),Q_5_1,F_3_3,CHF_R_POP_R_MH,A,2024,10.577,0,P,3
CH1.COU:DF_COU_HEALTH_FINANCING(1.0.0),Q_5_2,_T,CHF_R_POP_R_MH,A,2010,0.788,0,A,3
CH1.COU:DF_COU_HEALTH_FINANCING(1.0.0),Q_5_2,_T,CHF_R_POP_R_MH,A,2011,0.672,0,A,3
CH1.COU:DF_COU_HEALTH_FINANCING(1.0.0),Q_5_2,_T,CHF_R_POP_R_MH,A,2012,0.64,0,A,3
CH1.COU:DF_COU_HEALTH_FINANCING(1.0.0),Q_5_2,_T,CHF_R_POP_R_MH,A,2013,0.653,0,A,3
CH1.COU:DF_COU_HEALTH_FINANCING(1.0.0),Q_5_2,_T,CHF_R_POP_R_MH,A,2014,0.63,0,A,3
CH1.COU:DF_COU_HEALTH_FINANCING(1.0.0),Q_5_2,_T,CHF_R_POP_R_MH,A,2015,0.659,0,A,3
CH1.COU:DF_COU_HEALTH_FINANCING(1.0.0),Q_5_2,_T,CHF_R_POP_R_MH,A,2016,0.663,0,A,3
CH1.COU:DF_COU_HEALTH_FINANCING(1.0.0),Q_5_2,_T,CHF_R_POP_R_MH,A,2017,0.648,0,A,3
CH1.COU:DF_COU_HEALTH_FINANCING(1.0.0),Q_5_2,_T,CHF_R_POP_R_MH,A,2018,0.743,0,A,3
CH1.COU:DF_COU_HEALTH_FINANCING(1.0.0),Q_5_2,_T,CHF_R_POP_R_MH,A,2019,0.769,0,A,3
CH1.COU:DF_COU_HEALTH_FINANCING(1.0.0),Q_5_2,_T,CHF_R_POP_R_MH,A,2020,0.769,0,A,3
CH1.COU:DF_COU_HEALTH_FINANCING(1.0.0),Q_5_2,_T,CHF_R_POP_R_MH,A,2021,0.745,0,A,3
CH1.COU:DF_COU_HEALTH_FINANCING(1.0.0),Q_5_2,_T,CHF_R_POP_R_MH,A,2022,0.757,0,A,3
CH1.COU:DF_COU_HEALTH_FINANCING(1.0.0),Q_5_2,_T,CHF_R_POP_R_MH,A,2023,0.71,0,A,3
CH1.COU:DF_COU_HEALTH_FINANCING(1.0.0),Q_5_2,_T,CHF_R_POP_R_MH,A,2024,0.693,0,P,3
CH1.COU:DF_COU_HEALTH_FINANCING(1.0.0),Q_5_3,F_2_2,CHF_R_POP_R_MH,A,2010,0.404,0,A,3
CH1.COU:DF_COU_HEALTH_FINANCING(1.0.0),Q_5_3,F_2_2,CHF_R_POP_R_MH,A,2011,0.42,0,A,3
CH1.COU:DF_COU_HEALTH_FINANCING(1.0.0),Q_5_3,F_2_2,CHF_R_POP_R_MH,A,2012,0.331,0,A,3
CH1.COU:DF_COU_HEALTH_FINANCING(1.0.0),Q_5_3,F_2_2,CHF_R_POP_R_MH,A,2013,0.249,0,A,3
CH1.COU:DF_COU_HEALTH_FINANCING(1.0.0),Q_5_3,F_2_2,CHF_R_POP_R_MH,A,2014,0.27,0,A,3
CH1.COU:DF_COU_HEALTH_FINANCING(1.0.0),Q_5_3,F_2_2,CHF_R_POP_R_MH,A,2015,0.276,0,A,3
CH1.COU:DF_COU_HEALTH_FINANCING(1.0.0),Q_5_3,F_2_2,CHF_R_POP_R_MH,A,2016,0.293,0,A,3
CH1.COU:DF_COU_HEALTH_FINANCING(1.0.0),Q_5_3,F_2_2,CHF_R_POP_R_MH,A,2017,0.303,0,A,3
CH1.COU:DF_COU_HEALTH_FINANCING(1.0.0),Q_5_3,F_2_2,CHF_R_POP_R_MH,A,2018,0.315,0,A,3
CH1.COU:DF_COU_HEALTH_FINANCING(1.0.0),Q_5_3,F_2_2,CHF_R_POP_R_MH,A,2019,0.376,0,A,3
CH1.COU:DF_COU_HEALTH_FINANCING(1.0.0),Q_5_3,F_2_2,CHF_R_POP_R_MH,A,2020,0.373,0,A,3
CH1.COU:DF_COU_HEALTH_FINANCING(1.0.0),Q_5_3,F_2_2,CHF_R_POP_R_MH,A,2021,0.401,0,A,3
CH1.COU:DF_COU_HEALTH_FINANCING(1.0.0),Q_5_3,F_2_2,CHF_R_POP_R_MH,A,2022,0.345,0,A,3
CH1.COU:DF_COU_HEALTH_FINANCING(1.0.0),Q_5_3,F_2_2,CHF_R_POP_R_MH,A,2023,0.476,0,A,3
CH1.COU:DF_COU_HEALTH_FINANCING(1.0.0),Q_5_3,F_2_2,CHF_R_POP_R_MH,A,2024,0.467,0,P,3
CH1.COU:DF_COU_HEALTH_FINANCING(1.0.0),Q_6,F_2,CHF,A,2010,148.32,6,A,3
CH1.COU:DF_COU_HEALTH_FINANCING(1.0.0),Q_6,F_2,CHF,A,2015,32.76,6,A,3
CH1.COU:DF_COU_HEALTH_FINANCING(1.0.0),Q_6,F_2,CHF,A,2021,434.619,6,A,3
CH1.COU:DF_COU_HEALTH_FINANCING(1.0.0),Q_6,F_2,CHF,A,2022,1422.696,6,A,3
CH1.COU:DF_COU_HEALTH_FINANCING(1.0.0),Q_6,F_2,CHF,A,2023,1158.414,6,A,3
CH1.COU:DF_COU_HEALTH_FINANCING(1.0.0),Q_5,F_2,CHF_R_POP_R_MH,A,1995,22.098,0,A,3
CH1.COU:DF_COU_HEALTH_FINANCING(1.0.0),Q_5,F_2,CHF_R_POP_R_MH,A,1996,22.528,0,A,3
CH1.COU:DF_COU_HEALTH_FINANCING(1.0.0),Q_5,F_2,CHF_R_POP_R_MH,A,1997,23.306,0,A,3
CH1.COU:DF_COU_HEALTH_FINANCING(1.0.0),Q_5,F_2,CHF_R_POP_R_MH,A,1998,24.885,0,A,3
CH1.COU:DF_COU_HEALTH_FINANCING(1.0.0),Q_5,F_2,CHF_R_POP_R_MH,A,1999,25.963,0,A,3
CH1.COU:DF_COU_HEALTH_FINANCING(1.0.0),Q_5,F_2,CHF_R_POP_R_MH,A,2000,26.705,0,A,3
CH1.COU:DF_COU_HEALTH_FINANCING(1.0.0),Q_5,F_2,CHF_R_POP_R_MH,A,2001,27.84,0,A,3
CH1.COU:DF_COU_HEALTH_FINANCING(1.0.0),Q_5,F_2,CHF_R_POP_R_MH,A,2002,27.41,0,A,3
CH1.COU:DF_COU_HEALTH_FINANCING(1.0.0),Q_5,F_2,CHF_R_POP_R_MH,A,2003,28.955,0,A,3
CH1.COU:DF_COU_HEALTH_FINANCING(1.0.0),Q_5,F_2,CHF_R_POP_R_MH,A,2004,29.827,0,A,3
CH1.COU:DF_COU_HEALTH_FINANCING(1.0.0),Q_5,F_2,CHF_R_POP_R_MH,A,2005,31.464,0,A,3
CH1.COU:DF_COU_HEALTH_FINANCING(1.0.0),Q_5,F_2,CHF_R_POP_R_MH,A,2006,30.392,0,A,3
CH1.COU:DF_COU_HEALTH_FINANCING(1.0.0),Q_5,F_2,CHF_R_POP_R_MH,A,2007,30.353,0,A,3
CH1.COU:DF_COU_HEALTH_FINANCING(1.0.0),Q_5,F_2,CHF_R_POP_R_MH,A,2008,29.903,0,A,3
CH1.COU:DF_COU_HEALTH_FINANCING(1.0.0),Q_5,F_2,CHF_R_POP_R_MH,A,2009,34.663,0,A,3
CH1.COU:DF_COU_HEALTH_FINANCING(1.0.0),Q_5,F_2,CHF_R_POP_R_MH,A,2010,29.388,0,A,3
CH1.COU:DF_COU_HEALTH_FINANCING(1.0.0),Q_5,F_2,CHF_R_POP_R_MH,A,2011,28.576,0,A,3
CH1.COU:DF_COU_HEALTH_FINANCING(1.0.0),Q_5,F_2,CHF_R_POP_R_MH,A,2012,28.903,0,A,3
CH1.COU:DF_COU_HEALTH_FINANCING(1.0.0),Q_5,F_2,CHF_R_POP_R_MH,A,2013,30.966,0,A,3
CH1.COU:DF_COU_HEALTH_FINANCING(1.0.0),Q_5,F_2,CHF_R_POP_R_MH,A,2014,30.954,0,A,3
CH1.COU:DF_COU_HEALTH_FINANCING(1.0.0),Q_5,F_2,CHF_R_POP_R_MH,A,2015,31.374,0,A,3
CH1.COU:DF_COU_HEALTH_FINANCING(1.0.0),Q_5,F_2,CHF_R_POP_R_MH,A,2016,32.394,0,A,3
CH1.COU:DF_COU_HEALTH_FINANCING(1.0.0),Q_5,F_2,CHF_R_POP_R_MH,A,2017,31.848,0,A,3
CH1.COU:DF_COU_HEALTH_FINANCING(1.0.0),Q_5,F_2,CHF_R_POP_R_MH,A,2018,32.91,0,A,3
CH1.COU:DF_COU_HEALTH_FINANCING(1.0.0),Q_5,F_2,CHF_R_POP_R_MH,A,2019,34.934,0,A,3
CH1.COU:DF_COU_HEALTH_FINANCING(1.0.0),Q_5,F_2,CHF_R_POP_R_MH,A,2020,34.13,0,A,3
CH1.COU:DF_COU_HEALTH_FINANCING(1.0.0),Q_5,F_2,CHF_R_POP_R_MH,A,2021,33.953,0,A,3
CH1.COU:DF_COU_HEALTH_FINANCING(1.0.0),Q_5,F_2,CHF_R_POP_R_MH,A,2022,33.479,0,A,3
CH1.COU:DF_COU_HEALTH_FINANCING(1.0.0),Q_5,F_2,CHF_R_POP_R_MH,A,2023,35.867,0,A,3
CH1.COU:DF_COU_HEALTH_FINANCING(1.0.0),Q_5,F_2,CHF_R_POP_R_MH,A,2024,35.48,0,P,3
CH1.COU:DF_COU_HEALTH_FINANCING(1.0.0),_T,F_2_7,CHF_R_POP_R_MH,A,1995,4.101,0,A,3
CH1.COU:DF_COU_HEALTH_FINANCING(1.0.0),_T,F_2_7,CHF_R_POP_R_MH,A,1996,4.198,0,A,3
CH1.COU:DF_COU_HEALTH_FINANCING(1.0.0),_T,F_2_7,CHF_R_POP_R_MH,A,1997,4.497,0,A,3
CH1.COU:DF_COU_HEALTH_FINANCING(1.0.0),_T,F_2_7,CHF_R_POP_R_MH,A,1998,4.82,0,A,3
CH1.COU:DF_COU_HEALTH_FINANCING(1.0.0),_T,F_2_7,CHF_R_POP_R_MH,A,1999,5.107,0,A,3
CH1.COU:DF_COU_HEALTH_FINANCING(1.0.0),_T,F_2_7,CHF_R_POP_R_MH,A,2000,5.287,0,A,3
CH1.COU:DF_COU_HEALTH_FINANCING(1.0.0),_T,F_2_7,CHF_R_POP_R_MH,A,2001,5.48,0,A,3
CH1.COU:DF_COU_HEALTH_FINANCING(1.0.0),_T,F_2_7,CHF_R_POP_R_MH,A,2002,5.908,0,A,3
CH1.COU:DF_COU_HEALTH_FINANCING(1.0.0),_T,F_2_7,CHF_R_POP_R_MH,A,2003,6.25,0,A,3
CH1.COU:DF_COU_HEALTH_FINANCING(1.0.0),_T,F_2_7,CHF_R_POP_R_MH,A,2004,6.621,0,A,3
CH1.COU:DF_COU_HEALTH_FINANCING(1.0.0),_T,F_2_7,CHF_R_POP_R_MH,A,2005,6.761,0,A,3
CH1.COU:DF_COU_HEALTH_FINANCING(1.0.0),_T,F_2_7,CHF_R_POP_R_MH,A,2006,6.938,0,A,3
CH1.COU:DF_COU_HEALTH_FINANCING(1.0.0),_T,F_2_7,CHF_R_POP_R_MH,A,2007,7.291,0,A,3
CH1.COU:DF_COU_HEALTH_FINANCING(1.0.0),_T,F_2_7,CHF_R_POP_R_MH,A,2008,9.233,0,A,3
CH1.COU:DF_COU_HEALTH_FINANCING(1.0.0),_T,F_2_7,CHF_R_POP_R_MH,A,2009,9.718,0,A,3
CH1.COU:DF_COU_HEALTH_FINANCING(1.0.0),_T,F_2_7,CHF_R_POP_R_MH,A,2010,7.331,0,A,3
CH1.COU:DF_COU_HEALTH_FINANCING(1.0.0),_T,F_2_7,CHF_R_POP_R_MH,A,2011,7.563,0,A,3
CH1.COU:DF_COU_HEALTH_FINANCING(1.0.0),_T,F_2_7,CHF_R_POP_R_MH,A,2012,7.808,0,A,3
CH1.COU:DF_COU_HEALTH_FINANCING(1.0.0),_T,F_2_7,CHF_R_POP_R_MH,A,2013,7.534,0,A,3
CH1.COU:DF_COU_HEALTH_FINANCING(1.0.0),_T,F_2_7,CHF_R_POP_R_MH,A,2014,7.513,0,A,3
CH1.COU:DF_COU_HEALTH_FINANCING(1.0.0),_T,F_2_7,CHF_R_POP_R_MH,A,2015,7.56,0,A,3
CH1.COU:DF_COU_HEALTH_FINANCING(1.0.0),_T,F_2_7,CHF_R_POP_R_MH,A,2016,7.746,0,A,3
CH1.COU:DF_COU_HEALTH_FINANCING(1.0.0),_T,F_2_7,CHF_R_POP_R_MH,A,2017,7.461,0,A,3
CH1.COU:DF_COU_HEALTH_FINANCING(1.0.0),_T,F_2_7,CHF_R_POP_R_MH,A,2018,7.627,0,A,3
CH1.COU:DF_COU_HEALTH_FINANCING(1.0.0),_T,F_2_7,CHF_R_POP_R_MH,A,2019,7.7,0,A,3
CH1.COU:DF_COU_HEALTH_FINANCING(1.0.0),_T,F_2_7,CHF_R_POP_R_MH,A,2020,7.76,0,A,3
CH1.COU:DF_COU_HEALTH_FINANCING(1.0.0),_T,F_2_7,CHF_R_POP_R_MH,A,2021,7.765,0,A,3
CH1.COU:DF_COU_HEALTH_FINANCING(1.0.0),_T,F_2_7,CHF_R_POP_R_MH,A,2022,7.786,0,A,3
CH1.COU:DF_COU_HEALTH_FINANCING(1.0.0),_T,F_2_7,CHF_R_POP_R_MH,A,2023,7.755,0,A,3
CH1.COU:DF_COU_HEALTH_FINANCING(1.0.0),_T,F_2_7,CHF_R_POP_R_MH,A,2024,7.846,0,P,3
CH1.COU:DF_COU_HEALTH_FINANCING(1.0.0),Q_1,F_2_6,CHF,A,1995,151.193,6,A,3
CH1.COU:DF_COU_HEALTH_FINANCING(1.0.0),Q_1,F_2_6,CHF,A,1996,141.736,6,A,3
CH1.COU:DF_COU_HEALTH_FINANCING(1.0.0),Q_1,F_2_6,CHF,A,1997,134.954,6,A,3
CH1.COU:DF_COU_HEALTH_FINANCING(1.0.0),Q_1,F_2_6,CHF,A,1998,150.227,6,A,3
CH1.COU:DF_COU_HEALTH_FINANCING(1.0.0),Q_1,F_2_6,CHF,A,1999,157.44,6,A,3
CH1.COU:DF_COU_HEALTH_FINANCING(1.0.0),Q_1,F_2_6,CHF,A,2000,180.037,6,A,3
CH1.COU:DF_COU_HEALTH_FINANCING(1.0.0),Q_1,F_2_6,CHF,A,2001,178.645,6,A,3
CH1.COU:DF_COU_HEALTH_FINANCING(1.0.0),Q_1,F_2_6,CHF,A,2002,195.268,6,A,3
CH1.COU:DF_COU_HEALTH_FINANCING(1.0.0),Q_1,F_2_6,CHF,A,2003,213.048,6,A,3
CH1.COU:DF_COU_HEALTH_FINANCING(1.0.0),Q_1,F_2_6,CHF,A,2004,239.47,6,A,3
CH1.COU:DF_COU_HEALTH_FINANCING(1.0.0),Q_1,F_2_6,CHF,A,2005,254.132,6,A,3
CH1.COU:DF_COU_HEALTH_FINANCING(1.0.0),Q_1,F_2_6,CHF,A,2006,270.225,6,A,3
CH1.COU:DF_COU_HEALTH_FINANCING(1.0.0),Q_1,F_2_6,CHF,A,2007,282.234,6,A,3
CH1.COU:DF_COU_HEALTH_FINANCING(1.0.0),Q_1,F_2_6,CHF,A,2008,133.766,6,A,3
CH1.COU:DF_COU_HEALTH_FINANCING(1.0.0),Q_1,F_2_6,CHF,A,2009,146.379,6,A,3
CH1.COU:DF_COU_HEALTH_FINANCING(1.0.0),Q_1,F_2_6,CHF,A,2010,146.787,6,A,3
CH1.COU:DF_COU_HEALTH_FINANCING(1.0.0),Q_1,F_2_6,CHF,A,2011,153.728,6,A,3
CH1.COU:DF_COU_HEALTH_FINANCING(1.0.0),Q_1,F_2_6,CHF,A,2012,151.808,6,A,3
CH1.COU:DF_COU_HEALTH_FINANCING(1.0.0),Q_1,F_2_6,CHF,A,2013,152.447,6,A,3
CH1.COU:DF_COU_HEALTH_FINANCING(1.0.0),Q_1,F_2_6,CHF,A,2014,153.703,6,A,3
CH1.COU:DF_COU_HEALTH_FINANCING(1.0.0),Q_1,F_2_6,CHF,A,2015,150.791,6,A,3
CH1.COU:DF_COU_HEALTH_FINANCING(1.0.0),Q_1,F_2_6,CHF,A,2016,149.902,6,A,3
CH1.COU:DF_COU_HEALTH_FINANCING(1.0.0),Q_1,F_2_6,CHF,A,2017,150.588,6,A,3
CH1.COU:DF_COU_HEALTH_FINANCING(1.0.0),Q_1,F_2_6,CHF,A,2018,149.717,6,A,3
CH1.COU:DF_COU_HEALTH_FINANCING(1.0.0),Q_1,F_2_6,CHF,A,2019,153.518,6,A,3
CH1.COU:DF_COU_HEALTH_FINANCING(1.0.0),Q_1,F_2_6,CHF,A,2020,150.157,6,A,3
CH1.COU:DF_COU_HEALTH_FINANCING(1.0.0),Q_1,F_2_6,CHF,A,2021,141.639,6,A,3
CH1.COU:DF_COU_HEALTH_FINANCING(1.0.0),Q_1,F_2_6,CHF,A,2022,140.052,6,A,3
CH1.COU:DF_COU_HEALTH_FINANCING(1.0.0),Q_1,F_2_6,CHF,A,2023,142.426,6,A,3
CH1.COU:DF_COU_HEALTH_FINANCING(1.0.0),Q_1,F_2_6,CHF,A,2024,141.116,6,P,3
CH1.COU:DF_COU_HEALTH_FINANCING(1.0.0),Q_4,F_4_1,CHF,A,1995,1421.997,6,A,3
CH1.COU:DF_COU_HEALTH_FINANCING(1.0.0),Q_4,F_4_1,CHF,A,1996,1866.476,6,A,3
CH1.COU:DF_COU_HEALTH_FINANCING(1.0.0),Q_4,F_4_1,CHF,A,1997,1851.964,6,A,3
CH1.COU:DF_COU_HEALTH_FINANCING(1.0.0),Q_4,F_4_1,CHF,A,1998,2162.93,6,A,3
CH1.COU:DF_COU_HEALTH_FINANCING(1.0.0),Q_4,F_4_1,CHF,A,1999,2220.024,6,A,3
CH1.COU:DF_COU_HEALTH_FINANCING(1.0.0),Q_4,F_4_1,CHF,A,2000,2328.782,6,A,3
CH1.COU:DF_COU_HEALTH_FINANCING(1.0.0),Q_4,F_4_1,CHF,A,2001,2376.721,6,A,3
CH1.COU:DF_COU_HEALTH_FINANCING(1.0.0),Q_4,F_4_1,CHF,A,2002,2537.733,6,A,3
CH1.COU:DF_COU_HEALTH_FINANCING(1.0.0),Q_4,F_4_1,CHF,A,2003,2629.565,6,A,3
CH1.COU:DF_COU_HEALTH_FINANCING(1.0.0),Q_4,F_4_1,CHF,A,2004,2870.789,6,A,3
CH1.COU:DF_COU_HEALTH_FINANCING(1.0.0),Q_4,F_4_1,CHF,A,2005,3024.697,6,A,3
CH1.COU:DF_COU_HEALTH_FINANCING(1.0.0),Q_4,F_4_1,CHF,A,2006,3060.16,6,A,3
CH1.COU:DF_COU_HEALTH_FINANCING(1.0.0),Q_4,F_4_1,CHF,A,2007,3174.001,6,A,3
CH1.COU:DF_COU_HEALTH_FINANCING(1.0.0),Q_4,F_4_1,CHF,A,2008,3307.851,6,A,3
CH1.COU:DF_COU_HEALTH_FINANCING(1.0.0),Q_4,F_4_1,CHF,A,2009,3415.33,6,A,3
CH1.COU:DF_COU_HEALTH_FINANCING(1.0.0),Q_4,F_4_1,CHF,A,2010,3419.659,6,A,3
CH1.COU:DF_COU_HEALTH_FINANCING(1.0.0),Q_4,F_4_1,CHF,A,2011,3571.462,6,A,3
CH1.COU:DF_COU_HEALTH_FINANCING(1.0.0),Q_4,F_4_1,CHF,A,2012,3700.124,6,A,3
CH1.COU:DF_COU_HEALTH_FINANCING(1.0.0),Q_4,F_4_1,CHF,A,2013,3892.834,6,A,3
CH1.COU:DF_COU_HEALTH_FINANCING(1.0.0),Q_4,F_4_1,CHF,A,2014,3981.098,6,A,3
CH1.COU:DF_COU_HEALTH_FINANCING(1.0.0),Q_4,F_4_1,CHF,A,2015,4140.99,6,A,3
CH1.COU:DF_COU_HEALTH_FINANCING(1.0.0),Q_4,F_4_1,CHF,A,2016,4313.318,6,A,3
CH1.COU:DF_COU_HEALTH_FINANCING(1.0.0),Q_4,F_4_1,CHF,A,2017,4406.372,6,A,3
CH1.COU:DF_COU_HEALTH_FINANCING(1.0.0),Q_4,F_4_1,CHF,A,2018,4502.067,6,A,3
CH1.COU:DF_COU_HEALTH_FINANCING(1.0.0),Q_4,F_4_1,CHF,A,2019,4667.313,6,A,3
CH1.COU:DF_COU_HEALTH_FINANCING(1.0.0),Q_4,F_4_1,CHF,A,2020,4675.721,6,A,3
CH1.COU:DF_COU_HEALTH_FINANCING(1.0.0),Q_4,F_4_1,CHF,A,2021,4904.332,6,A,3
CH1.COU:DF_COU_HEALTH_FINANCING(1.0.0),Q_4,F_4_1,CHF,A,2022,5114.123,6,A,3
CH1.COU:DF_COU_HEALTH_FINANCING(1.0.0),Q_4,F_4_1,CHF,A,2023,5350.095,6,A,3
CH1.COU:DF_COU_HEALTH_FINANCING(1.0.0),Q_4,F_4_1,CHF,A,2024,5662.841,6,P,3
CH1.COU:DF_COU_HEALTH_FINANCING(1.0.0),Q_5_1,_T,CHF,A,2010,1499.82,6,A,3
CH1.COU:DF_COU_HEALTH_FINANCING(1.0.0),Q_5_1,_T,CHF,A,2011,1432.902,6,A,3
CH1.COU:DF_COU_HEALTH_FINANCING(1.0.0),Q_5_1,_T,CHF,A,2012,1493.364,6,A,3
CH1.COU:DF_COU_HEALTH_FINANCING(1.0.0),Q_5_1,_T,CHF,A,2013,1737.141,6,A,3
CH1.COU:DF_COU_HEALTH_FINANCING(1.0.0),Q_5_1,_T,CHF,A,2014,1728.739,6,A,3
CH1.COU:DF_COU_HEALTH_FINANCING(1.0.0),Q_5_1,_T,CHF,A,2015,1800.847,6,A,3
CH1.COU:DF_COU_HEALTH_FINANCING(1.0.0),Q_5_1,_T,CHF,A,2016,1810.346,6,A,3
CH1.COU:DF_COU_HEALTH_FINANCING(1.0.0),Q_5_1,_T,CHF,A,2017,1823.046,6,A,3
CH1.COU:DF_COU_HEALTH_FINANCING(1.0.0),Q_5_1,_T,CHF,A,2018,2004.093,6,A,3
CH1.COU:DF_COU_HEALTH_FINANCING(1.0.0),Q_5_1,_T,CHF,A,2019,2091.827,6,A,3
CH1.COU:DF_COU_HEALTH_FINANCING(1.0.0),Q_5_1,_T,CHF,A,2020,2422.954,6,A,3
CH1.COU:DF_COU_HEALTH_FINANCING(1.0.0),Q_5_1,_T,CHF,A,2021,2275.109,6,A,3
CH1.COU:DF_COU_HEALTH_FINANCING(1.0.0),Q_5_1,_T,CHF,A,2022,2400.456,6,A,3
CH1.COU:DF_COU_HEALTH_FINANCING(1.0.0),Q_5_1,_T,CHF,A,2023,2563.997,6,A,3
CH1.COU:DF_COU_HEALTH_FINANCING(1.0.0),Q_5_1,_T,CHF,A,2024,2401.749,6,P,3
CH1.COU:DF_COU_HEALTH_FINANCING(1.0.0),Q_5_2,F_2,CHF_R_POP_R_MH,A,2010,0.788,0,A,3
CH1.COU:DF_COU_HEALTH_FINANCING(1.0.0),Q_5_2,F_2,CHF_R_POP_R_MH,A,2011,0.672,0,A,3
CH1.COU:DF_COU_HEALTH_FINANCING(1.0.0),Q_5_2,F_2,CHF_R_POP_R_MH,A,2012,0.64,0,A,3
CH1.COU:DF_COU_HEALTH_FINANCING(1.0.0),Q_5_2,F_2,CHF_R_POP_R_MH,A,2013,0.653,0,A,3
CH1.COU:DF_COU_HEALTH_FINANCING(1.0.0),Q_5_2,F_2,CHF_R_POP_R_MH,A,2014,0.63,0,A,3
CH1.COU:DF_COU_HEALTH_FINANCING(1.0.0),Q_5_2,F_2,CHF_R_POP_R_MH,A,2015,0.659,0,A,3
CH1.COU:DF_COU_HEALTH_FINANCING(1.0.0),Q_5_2,F_2,CHF_R_POP_R_MH,A,2016,0.663,0,A,3
CH1.COU:DF_COU_HEALTH_FINANCING(1.0.0),Q_5_2,F_2,CHF_R_POP_R_MH,A,2017,0.648,0,A,3
CH1.COU:DF_COU_HEALTH_FINANCING(1.0.0),Q_5_2,F_2,CHF_R_POP_R_MH,A,2018,0.743,0,A,3
CH1.COU:DF_COU_HEALTH_FINANCING(1.0.0),Q_5_2,F_2,CHF_R_POP_R_MH,A,2019,0.769,0,A,3
CH1.COU:DF_COU_HEALTH_FINANCING(1.0.0),Q_5_2,F_2,CHF_R_POP_R_MH,A,2020,0.769,0,A,3
CH1.COU:DF_COU_HEALTH_FINANCING(1.0.0),Q_5_2,F_2,CHF_R_POP_R_MH,A,2021,0.745,0,A,3
CH1.COU:DF_COU_HEALTH_FINANCING(1.0.0),Q_5_2,F_2,CHF_R_POP_R_MH,A,2022,0.757,0,A,3
CH1.COU:DF_COU_HEALTH_FINANCING(1.0.0),Q_5_2,F_2,CHF_R_POP_R_MH,A,2023,0.71,0,A,3
CH1.COU:DF_COU_HEALTH_FINANCING(1.0.0),Q_5_2,F_2,CHF_R_POP_R_MH,A,2024,0.693,0,P,3
CH1.COU:DF_COU_HEALTH_FINANCING(1.0.0),Q_6,_T,CHF,A,1995,693.676,6,A,3
CH1.COU:DF_COU_HEALTH_FINANCING(1.0.0),Q_6,_T,CHF,A,1996,532.719,6,A,3
CH1.COU:DF_COU_HEALTH_FINANCING(1.0.0),Q_6,_T,CHF,A,1997,664.759,6,A,3
CH1.COU:DF_COU_HEALTH_FINANCING(1.0.0),Q_6,_T,CHF,A,1998,708.93,6,A,3
CH1.COU:DF_COU_HEALTH_FINANCING(1.0.0),Q_6,_T,CHF,A,1999,839.224,6,A,3
CH1.COU:DF_COU_HEALTH_FINANCING(1.0.0),Q_6,_T,CHF,A,2000,811.592,6,A,3
CH1.COU:DF_COU_HEALTH_FINANCING(1.0.0),Q_6,_T,CHF,A,2001,823.64,6,A,3
CH1.COU:DF_COU_HEALTH_FINANCING(1.0.0),Q_6,_T,CHF,A,2002,812.852,6,A,3
CH1.COU:DF_COU_HEALTH_FINANCING(1.0.0),Q_6,_T,CHF,A,2003,743.754,6,A,3
CH1.COU:DF_COU_HEALTH_FINANCING(1.0.0),Q_6,_T,CHF,A,2004,816.079,6,A,3
CH1.COU:DF_COU_HEALTH_FINANCING(1.0.0),Q_6,_T,CHF,A,2005,317.26,6,A,3
CH1.COU:DF_COU_HEALTH_FINANCING(1.0.0),Q_6,_T,CHF,A,2006,497.961,6,A,3
CH1.COU:DF_COU_HEALTH_FINANCING(1.0.0),Q_6,_T,CHF,A,2007,419.723,6,A,3
CH1.COU:DF_COU_HEALTH_FINANCING(1.0.0),Q_6,_T,CHF,A,2008,384.947,6,A,3
CH1.COU:DF_COU_HEALTH_FINANCING(1.0.0),Q_6,_T,CHF,A,2009,417.58,6,A,3
CH1.COU:DF_COU_HEALTH_FINANCING(1.0.0),Q_6,_T,CHF,A,2010,530.836,6,A,3
CH1.COU:DF_COU_HEALTH_FINANCING(1.0.0),Q_6,_T,CHF,A,2011,593.953,6,A,3
CH1.COU:DF_COU_HEALTH_FINANCING(1.0.0),Q_6,_T,CHF,A,2012,837.551,6,A,3
CH1.COU:DF_COU_HEALTH_FINANCING(1.0.0),Q_6,_T,CHF,A,2013,720.963,6,A,3
CH1.COU:DF_COU_HEALTH_FINANCING(1.0.0),Q_6,_T,CHF,A,2014,1086.395,6,A,3
CH1.COU:DF_COU_HEALTH_FINANCING(1.0.0),Q_6,_T,CHF,A,2015,1017.111,6,A,3
CH1.COU:DF_COU_HEALTH_FINANCING(1.0.0),Q_6,_T,CHF,A,2016,1263.102,6,A,3
CH1.COU:DF_COU_HEALTH_FINANCING(1.0.0),Q_6,_T,CHF,A,2017,1137.014,6,A,3
CH1.COU:DF_COU_HEALTH_FINANCING(1.0.0),Q_6,_T,CHF,A,2018,1633.165,6,A,3
CH1.COU:DF_COU_HEALTH_FINANCING(1.0.0),Q_6,_T,CHF,A,2019,1159.985,6,A,3
CH1.COU:DF_COU_HEALTH_FINANCING(1.0.0),Q_6,_T,CHF,A,2020,773.93,6,A,3
CH1.COU:DF_COU_HEALTH_FINANCING(1.0.0),Q_6,_T,CHF,A,2021,2031.93,6,A,3
CH1.COU:DF_COU_HEALTH_FINANCING(1.0.0),Q_6,_T,CHF,A,2022,2789.334,6,A,3
CH1.COU:DF_COU_HEALTH_FINANCING(1.0.0),Q_6,_T,CHF,A,2023,2487.854,6,A,3
CH1.COU:DF_COU_HEALTH_FINANCING(1.0.0),Q_6,_T,CHF,A,2024,1585.019,6,P,3
CH1.COU:DF_COU_HEALTH_FINANCING(1.0.0),_T,F_2_2,CHF_R_POP_R_MH,A,1995,5.738,0,A,3
CH1.COU:DF_COU_HEALTH_FINANCING(1.0.0),_T,F_2_2,CHF_R_POP_R_MH,A,1996,6.14,0,A,3
CH1.COU:DF_COU_HEALTH_FINANCING(1.0.0),_T,F_2_2,CHF_R_POP_R_MH,A,1997,6.612,0,A,3
CH1.COU:DF_COU_HEALTH_FINANCING(1.0.0),_T,F_2_2,CHF_R_POP_R_MH,A,1998,6.622,0,A,3
CH1.COU:DF_COU_HEALTH_FINANCING(1.0.0),_T,F_2_2,CHF_R_POP_R_MH,A,1999,6.771,0,A,3
CH1.COU:DF_COU_HEALTH_FINANCING(1.0.0),_T,F_2_2,CHF_R_POP_R_MH,A,2000,6.794,0,A,3
CH1.COU:DF_COU_HEALTH_FINANCING(1.0.0),_T,F_2_2,CHF_R_POP_R_MH,A,2001,7.221,0,A,3
CH1.COU:DF_COU_HEALTH_FINANCING(1.0.0),_T,F_2_2,CHF_R_POP_R_MH,A,2002,7.363,0,A,3
CH1.COU:DF_COU_HEALTH_FINANCING(1.0.0),_T,F_2_2,CHF_R_POP_R_MH,A,2003,7.774,0,A,3
CH1.COU:DF_COU_HEALTH_FINANCING(1.0.0),_T,F_2_2,CHF_R_POP_R_MH,A,2004,7.795,0,A,3
CH1.COU:DF_COU_HEALTH_FINANCING(1.0.0),_T,F_2_2,CHF_R_POP_R_MH,A,2005,8.109,0,A,3
CH1.COU:DF_COU_HEALTH_FINANCING(1.0.0),_T,F_2_2,CHF_R_POP_R_MH,A,2006,8.123,0,A,3
CH1.COU:DF_COU_HEALTH_FINANCING(1.0.0),_T,F_2_2,CHF_R_POP_R_MH,A,2007,8.312,0,A,3
CH1.COU:DF_COU_HEALTH_FINANCING(1.0.0),_T,F_2_2,CHF_R_POP_R_MH,A,2008,6.323,0,A,3
CH1.COU:DF_COU_HEALTH_FINANCING(1.0.0),_T,F_2_2,CHF_R_POP_R_MH,A,2009,6.491,0,A,3
CH1.COU:DF_COU_HEALTH_FINANCING(1.0.0),_T,F_2_2,CHF_R_POP_R_MH,A,2010,6.193,0,A,3
CH1.COU:DF_COU_HEALTH_FINANCING(1.0.0),_T,F_2_2,CHF_R_POP_R_MH,A,2011,6.577,0,A,3
CH1.COU:DF_COU_HEALTH_FINANCING(1.0.0),_T,F_2_2,CHF_R_POP_R_MH,A,2012,6.475,0,A,3
CH1.COU:DF_COU_HEALTH_FINANCING(1.0.0),_T,F_2_2,CHF_R_POP_R_MH,A,2013,6.348,0,A,3
CH1.COU:DF_COU_HEALTH_FINANCING(1.0.0),_T,F_2_2,CHF_R_POP_R_MH,A,2014,6.366,0,A,3
CH1.COU:DF_COU_HEALTH_FINANCING(1.0.0),_T,F_2_2,CHF_R_POP_R_MH,A,2015,6.427,0,A,3
CH1.COU:DF_COU_HEALTH_FINANCING(1.0.0),_T,F_2_2,CHF_R_POP_R_MH,A,2016,6.528,0,A,3
CH1.COU:DF_COU_HEALTH_FINANCING(1.0.0),_T,F_2_2,CHF_R_POP_R_MH,A,2017,6.644,0,A,3
CH1.COU:DF_COU_HEALTH_FINANCING(1.0.0),_T,F_2_2,CHF_R_POP_R_MH,A,2018,6.697,0,A,3
CH1.COU:DF_COU_HEALTH_FINANCING(1.0.0),_T,F_2_2,CHF_R_POP_R_MH,A,2019,7.08,0,A,3
CH1.COU:DF_COU_HEALTH_FINANCING(1.0.0),_T,F_2_2,CHF_R_POP_R_MH,A,2020,7.016,0,A,3
CH1.COU:DF_COU_HEALTH_FINANCING(1.0.0),_T,F_2_2,CHF_R_POP_R_MH,A,2021,6.89,0,A,3
CH1.COU:DF_COU_HEALTH_FINANCING(1.0.0),_T,F_2_2,CHF_R_POP_R_MH,A,2022,6.823,0,A,3
CH1.COU:DF_COU_HEALTH_FINANCING(1.0.0),_T,F_2_2,CHF_R_POP_R_MH,A,2023,7.405,0,A,3
CH1.COU:DF_COU_HEALTH_FINANCING(1.0.0),_T,F_2_2,CHF_R_POP_R_MH,A,2024,7.728,0,P,3
CH1.COU:DF_COU_HEALTH_FINANCING(1.0.0),_T,F_3,CHF,A,1995,4940.965,6,A,3
CH1.COU:DF_COU_HEALTH_FINANCING(1.0.0),_T,F_3,CHF,A,1996,5162.249,6,A,3
CH1.COU:DF_COU_HEALTH_FINANCING(1.0.0),_T,F_3,CHF,A,1997,4987.036,6,A,3
CH1.COU:DF_COU_HEALTH_FINANCING(1.0.0),_T,F_3,CHF,A,1998,5135.994,6,A,3
CH1.COU:DF_COU_HEALTH_FINANCING(1.0.0),_T,F_3,CHF,A,1999,5002.712,6,A,3
CH1.COU:DF_COU_HEALTH_FINANCING(1.0.0),_T,F_3,CHF,A,2000,5210.943,6,A,3
CH1.COU:DF_COU_HEALTH_FINANCING(1.0.0),_T,F_3,CHF,A,2001,5363.104,6,A,3
CH1.COU:DF_COU_HEALTH_FINANCING(1.0.0),_T,F_3,CHF,A,2002,5306.486,6,A,3
CH1.COU:DF_COU_HEALTH_FINANCING(1.0.0),_T,F_3,CHF,A,2003,5373.615,6,A,3
CH1.COU:DF_COU_HEALTH_FINANCING(1.0.0),_T,F_3,CHF,A,2004,5538.984,6,A,3
CH1.COU:DF_COU_HEALTH_FINANCING(1.0.0),_T,F_3,CHF,A,2005,5749.762,6,A,3
CH1.COU:DF_COU_HEALTH_FINANCING(1.0.0),_T,F_3,CHF,A,2006,6048.302,6,A,3
CH1.COU:DF_COU_HEALTH_FINANCING(1.0.0),_T,F_3,CHF,A,2007,6363.923,6,A,3
CH1.COU:DF_COU_HEALTH_FINANCING(1.0.0),_T,F_3,CHF,A,2008,6513.109,6,A,3
CH1.COU:DF_COU_HEALTH_FINANCING(1.0.0),_T,F_3,CHF,A,2009,6659.798,6,A,3
CH1.COU:DF_COU_HEALTH_FINANCING(1.0.0),_T,F_3,CHF,A,2010,7167.331,6,A,3
CH1.COU:DF_COU_HEALTH_FINANCING(1.0.0),_T,F_3,CHF,A,2011,7434.735,6,A,3
CH1.COU:DF_COU_HEALTH_FINANCING(1.0.0),_T,F_3,CHF,A,2012,7547.347,6,A,3
CH1.COU:DF_COU_HEALTH_FINANCING(1.0.0),_T,F_3,CHF,A,2013,7977.014,6,A,3
CH1.COU:DF_COU_HEALTH_FINANCING(1.0.0),_T,F_3,CHF,A,2014,7744.3,6,A,3
CH1.COU:DF_COU_HEALTH_FINANCING(1.0.0),_T,F_3,CHF,A,2015,7942.091,6,A,3
CH1.COU:DF_COU_HEALTH_FINANCING(1.0.0),_T,F_3,CHF,A,2016,8086.525,6,A,3
CH1.COU:DF_COU_HEALTH_FINANCING(1.0.0),_T,F_3,CHF,A,2017,8298.339,6,A,3
CH1.COU:DF_COU_HEALTH_FINANCING(1.0.0),_T,F_3,CHF,A,2018,8593.893,6,A,3
CH1.COU:DF_COU_HEALTH_FINANCING(1.0.0),_T,F_3,CHF,A,2019,8428.449,6,A,3
CH1.COU:DF_COU_HEALTH_FINANCING(1.0.0),_T,F_3,CHF,A,2020,8960.164,6,A,3
CH1.COU:DF_COU_HEALTH_FINANCING(1.0.0),_T,F_3,CHF,A,2021,8893.497,6,A,3
CH1.COU:DF_COU_HEALTH_FINANCING(1.0.0),_T,F_3,CHF,A,2022,9135.417,6,A,3
CH1.COU:DF_COU_HEALTH_FINANCING(1.0.0),_T,F_3,CHF,A,2023,9369.473,6,A,3
CH1.COU:DF_COU_HEALTH_FINANCING(1.0.0),_T,F_3,CHF,A,2024,9235.106,6,P,3
CH1.COU:DF_COU_HEALTH_FINANCING(1.0.0),_T,F_3_3,CHF_R_POP_R_MH,A,1995,3.946,0,A,3
CH1.COU:DF_COU_HEALTH_FINANCING(1.0.0),_T,F_3_3,CHF_R_POP_R_MH,A,1996,3.611,0,A,3
CH1.COU:DF_COU_HEALTH_FINANCING(1.0.0),_T,F_3_3,CHF_R_POP_R_MH,A,1997,4.001,0,A,3
CH1.COU:DF_COU_HEALTH_FINANCING(1.0.0),_T,F_3_3,CHF_R_POP_R_MH,A,1998,4.179,0,A,3
CH1.COU:DF_COU_HEALTH_FINANCING(1.0.0),_T,F_3_3,CHF_R_POP_R_MH,A,1999,4.632,0,A,3
CH1.COU:DF_COU_HEALTH_FINANCING(1.0.0),_T,F_3_3,CHF_R_POP_R_MH,A,2000,4.668,0,A,3
CH1.COU:DF_COU_HEALTH_FINANCING(1.0.0),_T,F_3_3,CHF_R_POP_R_MH,A,2001,4.77,0,A,3
CH1.COU:DF_COU_HEALTH_FINANCING(1.0.0),_T,F_3_3,CHF_R_POP_R_MH,A,2002,4.963,0,A,3
CH1.COU:DF_COU_HEALTH_FINANCING(1.0.0),_T,F_3_3,CHF_R_POP_R_MH,A,2003,4.83,0,A,3
CH1.COU:DF_COU_HEALTH_FINANCING(1.0.0),_T,F_3_3,CHF_R_POP_R_MH,A,2004,5.005,0,A,3
CH1.COU:DF_COU_HEALTH_FINANCING(1.0.0),_T,F_3_3,CHF_R_POP_R_MH,A,2005,3.918,0,A,3
CH1.COU:DF_COU_HEALTH_FINANCING(1.0.0),_T,F_3_3,CHF_R_POP_R_MH,A,2006,4.467,0,A,3
CH1.COU:DF_COU_HEALTH_FINANCING(1.0.0),_T,F_3_3,CHF_R_POP_R_MH,A,2007,4.443,0,A,3
CH1.COU:DF_COU_HEALTH_FINANCING(1.0.0),_T,F_3_3,CHF_R_POP_R_MH,A,2008,4.68,0,A,3
CH1.COU:DF_COU_HEALTH_FINANCING(1.0.0),_T,F_3_3,CHF_R_POP_R_MH,A,2009,4.597,0,A,3
CH1.COU:DF_COU_HEALTH_FINANCING(1.0.0),_T,F_3_3,CHF_R_POP_R_MH,A,2010,6.125,0,A,3
CH1.COU:DF_COU_HEALTH_FINANCING(1.0.0),_T,F_3_3,CHF_R_POP_R_MH,A,2011,5.621,0,A,3
CH1.COU:DF_COU_HEALTH_FINANCING(1.0.0),_T,F_3_3,CHF_R_POP_R_MH,A,2012,5.907,0,A,3
CH1.COU:DF_COU_HEALTH_FINANCING(1.0.0),_T,F_3_3,CHF_R_POP_R_MH,A,2013,7.724,0,A,3
CH1.COU:DF_COU_HEALTH_FINANCING(1.0.0),_T,F_3_3,CHF_R_POP_R_MH,A,2014,7.448,0,A,3
CH1.COU:DF_COU_HEALTH_FINANCING(1.0.0),_T,F_3_3,CHF_R_POP_R_MH,A,2015,7.909,0,A,3
CH1.COU:DF_COU_HEALTH_FINANCING(1.0.0),_T,F_3_3,CHF_R_POP_R_MH,A,2016,7.409,0,A,3
CH1.COU:DF_COU_HEALTH_FINANCING(1.0.0),_T,F_3_3,CHF_R_POP_R_MH,A,2017,7.455,0,A,3
CH1.COU:DF_COU_HEALTH_FINANCING(1.0.0),_T,F_3_3,CHF_R_POP_R_MH,A,2018,8.799,0,A,3
CH1.COU:DF_COU_HEALTH_FINANCING(1.0.0),_T,F_3_3,CHF_R_POP_R_MH,A,2019,8.727,0,A,3
CH1.COU:DF_COU_HEALTH_FINANCING(1.0.0),_T,F_3_3,CHF_R_POP_R_MH,A,2020,12.003,0,A,3
CH1.COU:DF_COU_HEALTH_FINANCING(1.0.0),_T,F_3_3,CHF_R_POP_R_MH,A,2021,10.411,0,A,3
CH1.COU:DF_COU_HEALTH_FINANCING(1.0.0),_T,F_3_3,CHF_R_POP_R_MH,A,2022,11.97,0,A,3
CH1.COU:DF_COU_HEALTH_FINANCING(1.0.0),_T,F_3_3,CHF_R_POP_R_MH,A,2023,12.3,0,A,3
CH1.COU:DF_COU_HEALTH_FINANCING(1.0.0),_T,F_3_3,CHF_R_POP_R_MH,A,2024,10.577,0,P,3
CH1.COU:DF_COU_HEALTH_FINANCING(1.0.0),Q_1,F_2,CHF_R_POP_R_MH,A,1995,37.684,0,A,3
CH1.COU:DF_COU_HEALTH_FINANCING(1.0.0),Q_1,F_2,CHF_R_POP_R_MH,A,1996,32.954,0,A,3
CH1.COU:DF_COU_HEALTH_FINANCING(1.0.0),Q_1,F_2,CHF_R_POP_R_MH,A,1997,35.395,0,A,3
CH1.COU:DF_COU_HEALTH_FINANCING(1.0.0),Q_1,F_2,CHF_R_POP_R_MH,A,1998,36.691,0,A,3
CH1.COU:DF_COU_HEALTH_FINANCING(1.0.0),Q_1,F_2,CHF_R_POP_R_MH,A,1999,38.251,0,A,3
CH1.COU:DF_COU_HEALTH_FINANCING(1.0.0),Q_1,F_2,CHF_R_POP_R_MH,A,2000,39.512,0,A,3
CH1.COU:DF_COU_HEALTH_FINANCING(1.0.0),Q_1,F_2,CHF_R_POP_R_MH,A,2001,41.323,0,A,3
CH1.COU:DF_COU_HEALTH_FINANCING(1.0.0),Q_1,F_2,CHF_R_POP_R_MH,A,2002,43.094,0,A,3
CH1.COU:DF_COU_HEALTH_FINANCING(1.0.0),Q_1,F_2,CHF_R_POP_R_MH,A,2003,44.657,0,A,3
CH1.COU:DF_COU_HEALTH_FINANCING(1.0.0),Q_1,F_2,CHF_R_POP_R_MH,A,2004,48.013,0,A,3
CH1.COU:DF_COU_HEALTH_FINANCING(1.0.0),Q_1,F_2,CHF_R_POP_R_MH,A,2005,50.042,0,A,3
CH1.COU:DF_COU_HEALTH_FINANCING(1.0.0),Q_1,F_2,CHF_R_POP_R_MH,A,2006,50.468,0,A,3
CH1.COU:DF_COU_HEALTH_FINANCING(1.0.0),Q_1,F_2,CHF_R_POP_R_MH,A,2007,53.383,0,A,3
CH1.COU:DF_COU_HEALTH_FINANCING(1.0.0),Q_1,F_2,CHF_R_POP_R_MH,A,2008,39.732,0,A,3
CH1.COU:DF_COU_HEALTH_FINANCING(1.0.0),Q_1,F_2,CHF_R_POP_R_MH,A,2009,35.407,0,A,3
CH1.COU:DF_COU_HEALTH_FINANCING(1.0.0),Q_1,F_2,CHF_R_POP_R_MH,A,2010,37.308,0,A,3
CH1.COU:DF_COU_HEALTH_FINANCING(1.0.0),Q_1,F_2,CHF_R_POP_R_MH,A,2011,39.866,0,A,3
CH1.COU:DF_COU_HEALTH_FINANCING(1.0.0),Q_1,F_2,CHF_R_POP_R_MH,A,2012,39.585,0,A,3
CH1.COU:DF_COU_HEALTH_FINANCING(1.0.0),Q_1,F_2,CHF_R_POP_R_MH,A,2013,39.864,0,A,3
CH1.COU:DF_COU_HEALTH_FINANCING(1.0.0),Q_1,F_2,CHF_R_POP_R_MH,A,2014,40.049,0,A,3
CH1.COU:DF_COU_HEALTH_FINANCING(1.0.0),Q_1,F_2,CHF_R_POP_R_MH,A,2015,41.341,0,A,3
CH1.COU:DF_COU_HEALTH_FINANCING(1.0.0),Q_1,F_2,CHF_R_POP_R_MH,A,2016,42.156,0,A,3
CH1.COU:DF_COU_HEALTH_FINANCING(1.0.0),Q_1,F_2,CHF_R_POP_R_MH,A,2017,43.339,0,A,3
CH1.COU:DF_COU_HEALTH_FINANCING(1.0.0),Q_1,F_2,CHF_R_POP_R_MH,A,2018,43.912,0,A,3
CH1.COU:DF_COU_HEALTH_FINANCING(1.0.0),Q_1,F_2,CHF_R_POP_R_MH,A,2019,44.579,0,A,3
CH1.COU:DF_COU_HEALTH_FINANCING(1.0.0),Q_1,F_2,CHF_R_POP_R_MH,A,2020,44.753,0,A,3
CH1.COU:DF_COU_HEALTH_FINANCING(1.0.0),Q_1,F_2,CHF_R_POP_R_MH,A,2021,44.536,0,A,3
CH1.COU:DF_COU_HEALTH_FINANCING(1.0.0),Q_1,F_2,CHF_R_POP_R_MH,A,2022,44.646,0,A,3
CH1.COU:DF_COU_HEALTH_FINANCING(1.0.0),Q_1,F_2,CHF_R_POP_R_MH,A,2023,45.983,0,A,3
CH1.COU:DF_COU_HEALTH_FINANCING(1.0.0),Q_1,F_2,CHF_R_POP_R_MH,A,2024,48.729,0,P,3
CH1.COU:DF_COU_HEALTH_FINANCING(1.0.0),Q_1,F_2_1,CHF,A,1995,1829.74,6,A,3
CH1.COU:DF_COU_HEALTH_FINANCING(1.0.0),Q_1,F_2_1,CHF,A,1996,1377.625,6,A,3
CH1.COU:DF_COU_HEALTH_FINANCING(1.0.0),Q_1,F_2_1,CHF,A,1997,1540.562,6,A,3
CH1.COU:DF_COU_HEALTH_FINANCING(1.0.0),Q_1,F_2_1,CHF,A,1998,1616.205,6,A,3
CH1.COU:DF_COU_HEALTH_FINANCING(1.0.0),Q_1,F_2_1,CHF,A,1999,1715.309,6,A,3
CH1.COU:DF_COU_HEALTH_FINANCING(1.0.0),Q_1,F_2_1,CHF,A,2000,1756.459,6,A,3
CH1.COU:DF_COU_HEALTH_FINANCING(1.0.0),Q_1,F_2_1,CHF,A,2001,1835.68,6,A,3
CH1.COU:DF_COU_HEALTH_FINANCING(1.0.0),Q_1,F_2_1,CHF,A,2002,1932.365,6,A,3
CH1.COU:DF_COU_HEALTH_FINANCING(1.0.0),Q_1,F_2_1,CHF,A,2003,2010.445,6,A,3
CH1.COU:DF_COU_HEALTH_FINANCING(1.0.0),Q_1,F_2_1,CHF,A,2004,2052.275,6,A,3
CH1.COU:DF_COU_HEALTH_FINANCING(1.0.0),Q_1,F_2_1,CHF,A,2005,2109.236,6,A,3
CH1.COU:DF_COU_HEALTH_FINANCING(1.0.0),Q_1,F_2_1,CHF,A,2006,2187.384,6,A,3
CH1.COU:DF_COU_HEALTH_FINANCING(1.0.0),Q_1,F_2_1,CHF,A,2007,2324.854,6,A,3
CH1.COU:DF_COU_HEALTH_FINANCING(1.0.0),Q_1,F_2_1,CHF,A,2008,1793.321,6,A,3
CH1.COU:DF_COU_HEALTH_FINANCING(1.0.0),Q_1,F_2_1,CHF,A,2009,1830.766,6,A,3
CH1.COU:DF_COU_HEALTH_FINANCING(1.0.0),Q_1,F_2_1,CHF,A,2010,1971.893,6,A,3
CH1.COU:DF_COU_HEALTH_FINANCING(1.0.0),Q_1,F_2_1,CHF,A,2011,2112.308,6,A,3
CH1.COU:DF_COU_HEALTH_FINANCING(1.0.0),Q_1,F_2_1,CHF,A,2012,2147.809,6,A,3
CH1.COU:DF_COU_HEALTH_FINANCING(1.0.0),Q_1,F_2_1,CHF,A,2013,2175.934,6,A,3
CH1.COU:DF_COU_HEALTH_FINANCING(1.0.0),Q_1,F_2_1,CHF,A,2014,2237.99,6,A,3
CH1.COU:DF_COU_HEALTH_FINANCING(1.0.0),Q_1,F_2_1,CHF,A,2015,2351.237,6,A,3
CH1.COU:DF_COU_HEALTH_FINANCING(1.0.0),Q_1,F_2_1,CHF,A,2016,2475.652,6,A,3
CH1.COU:DF_COU_HEALTH_FINANCING(1.0.0),Q_1,F_2_1,CHF,A,2017,2611.489,6,A,3
CH1.COU:DF_COU_HEALTH_FINANCING(1.0.0),Q_1,F_2_1,CHF,A,2018,2740.662,6,A,3
CH1.COU:DF_COU_HEALTH_FINANCING(1.0.0),Q_1,F_2_1,CHF,A,2019,2823.36,6,A,3
CH1.COU:DF_COU_HEALTH_FINANCING(1.0.0),Q_1,F_2_1,CHF,A,2020,2844.439,6,A,3
CH1.COU:DF_COU_HEALTH_FINANCING(1.0.0),Q_1,F_2_1,CHF,A,2021,2868.295,6,A,3
CH1.COU:DF_COU_HEALTH_FINANCING(1.0.0),Q_1,F_2_1,CHF,A,2022,2866.268,6,A,3
CH1.COU:DF_COU_HEALTH_FINANCING(1.0.0),Q_1,F_2_1,CHF,A,2023,3039.161,6,A,3
CH1.COU:DF_COU_HEALTH_FINANCING(1.0.0),Q_1,F_2_1,CHF,A,2024,3338.79,6,P,3
CH1.COU:DF_COU_HEALTH_FINANCING(1.0.0),Q_3,F_2,CHF_R_POP_R_MH,A,1995,2.7,0,A,3
CH1.COU:DF_COU_HEALTH_FINANCING(1.0.0),Q_3,F_2,CHF_R_POP_R_MH,A,1996,2.498,0,A,3
CH1.COU:DF_COU_HEALTH_FINANCING(1.0.0),Q_3,F_2,CHF_R_POP_R_MH,A,1997,2.507,0,A,3
CH1.COU:DF_COU_HEALTH_FINANCING(1.0.0),Q_3,F_2,CHF_R_POP_R_MH,A,1998,2.514,0,A,3
CH1.COU:DF_COU_HEALTH_FINANCING(1.0.0),Q_3,F_2,CHF_R_POP_R_MH,A,1999,2.545,0,A,3
CH1.COU:DF_COU_HEALTH_FINANCING(1.0.0),Q_3,F_2,CHF_R_POP_R_MH,A,2000,2.548,0,A,3
CH1.COU:DF_COU_HEALTH_FINANCING(1.0.0),Q_3,F_2,CHF_R_POP_R_MH,A,2001,2.577,0,A,3
CH1.COU:DF_COU_HEALTH_FINANCING(1.0.0),Q_3,F_2,CHF_R_POP_R_MH,A,2002,2.791,0,A,3
CH1.COU:DF_COU_HEALTH_FINANCING(1.0.0),Q_3,F_2,CHF_R_POP_R_MH,A,2003,2.88,0,A,3
CH1.COU:DF_COU_HEALTH_FINANCING(1.0.0),Q_3,F_2,CHF_R_POP_R_MH,A,2004,2.963,0,A,3
CH1.COU:DF_COU_HEALTH_FINANCING(1.0.0),Q_3,F_2,CHF_R_POP_R_MH,A,2005,2.995,0,A,3
CH1.COU:DF_COU_HEALTH_FINANCING(1.0.0),Q_3,F_2,CHF_R_POP_R_MH,A,2006,2.873,0,A,3
CH1.COU:DF_COU_HEALTH_FINANCING(1.0.0),Q_3,F_2,CHF_R_POP_R_MH,A,2007,3.039,0,A,3
CH1.COU:DF_COU_HEALTH_FINANCING(1.0.0),Q_3,F_2,CHF_R_POP_R_MH,A,2008,5.865,0,A,3
CH1.COU:DF_COU_HEALTH_FINANCING(1.0.0),Q_3,F_2,CHF_R_POP_R_MH,A,2009,6.168,0,A,3
CH1.COU:DF_COU_HEALTH_FINANCING(1.0.0),Q_3,F_2_6,CHF,A,1995,178.128,6,A,3
CH1.COU:DF_COU_HEALTH_FINANCING(1.0.0),Q_3,F_2_6,CHF,A,1996,159.342,6,A,3
CH1.COU:DF_COU_HEALTH_FINANCING(1.0.0),Q_3,F_2_6,CHF,A,1997,153.819,6,A,3
CH1.COU:DF_COU_HEALTH_FINANCING(1.0.0),Q_3,F_2_6,CHF,A,1998,152.534,6,A,3
CH1.COU:DF_COU_HEALTH_FINANCING(1.0.0),Q_3,F_2_6,CHF,A,1999,151.994,6,A,3
CH1.COU:DF_COU_HEALTH_FINANCING(1.0.0),Q_3,F_2_6,CHF,A,2000,151.778,6,A,3
CH1.COU:DF_COU_HEALTH_FINANCING(1.0.0),Q_3,F_2_6,CHF,A,2001,151.211,6,A,3
CH1.COU:DF_COU_HEALTH_FINANCING(1.0.0),Q_3,F_2_6,CHF,A,2002,164.021,6,A,3
CH1.COU:DF_COU_HEALTH_FINANCING(1.0.0),Q_3,F_2_6,CHF,A,2003,168.254,6,A,3
CH1.COU:DF_COU_HEALTH_FINANCING(1.0.0),Q_3,F_2_6,CHF,A,2004,173.68,6,A,3
CH1.COU:DF_COU_HEALTH_FINANCING(1.0.0),Q_3,F_2_6,CHF,A,2005,176.446,6,A,3
CH1.COU:DF_COU_HEALTH_FINANCING(1.0.0),Q_3,F_2_6,CHF,A,2006,168.758,6,A,3
CH1.COU:DF_COU_HEALTH_FINANCING(1.0.0),Q_3,F_2_6,CHF,A,2007,180.012,6,A,3
CH1.COU:DF_COU_HEALTH_FINANCING(1.0.0),Q_3,F_2_6,CHF,A,2008,300.449,6,A,3
CH1.COU:DF_COU_HEALTH_FINANCING(1.0.0),Q_3,F_2_6,CHF,A,2009,320.939,6,A,3
CH1.COU:DF_COU_HEALTH_FINANCING(1.0.0),Q_5_3,F_2_4,CHF,A,2010,1300.085,6,A,3
CH1.COU:DF_COU_HEALTH_FINANCING(1.0.0),Q_5_3,F_2_4,CHF,A,2011,1327.844,6,A,3
CH1.COU:DF_COU_HEALTH_FINANCING(1.0.0),Q_5_3,F_2_4,CHF,A,2012,1362.467,6,A,3
CH1.COU:DF_COU_HEALTH_FINANCING(1.0.0),Q_5_3,F_2_4,CHF,A,2013,1525.361,6,A,3
CH1.COU:DF_COU_HEALTH_FINANCING(1.0.0),Q_5_3,F_2_4,CHF,A,2014,1535.682,6,A,3
CH1.COU:DF_COU_HEALTH_FINANCING(1.0.0),Q_5_3,F_2_4,CHF,A,2015,1576.496,6,A,3
CH1.COU:DF_COU_HEALTH_FINANCING(1.0.0),Q_5_3,F_2_4,CHF,A,2016,1630.979,6,A,3
CH1.COU:DF_COU_HEALTH_FINANCING(1.0.0),Q_5_3,F_2_4,CHF,A,2017,1586.53,6,A,3
CH1.COU:DF_COU_HEALTH_FINANCING(1.0.0),Q_5_3,F_2_4,CHF,A,2018,1639.979,6,A,3
CH1.COU:DF_COU_HEALTH_FINANCING(1.0.0),Q_5_3,F_2_4,CHF,A,2019,1701.62,6,A,3
CH1.COU:DF_COU_HEALTH_FINANCING(1.0.0),Q_5_3,F_2_4,CHF,A,2020,1642.916,6,A,3
CH1.COU:DF_COU_HEALTH_FINANCING(1.0.0),Q_5_3,F_2_4,CHF,A,2021,1627.51,6,A,3
CH1.COU:DF_COU_HEALTH_FINANCING(1.0.0),Q_5_3,F_2_4,CHF,A,2022,1704.245,6,A,3
CH1.COU:DF_COU_HEALTH_FINANCING(1.0.0),Q_5_3,F_2_4,CHF,A,2023,1835.435,6,A,3
CH1.COU:DF_COU_HEALTH_FINANCING(1.0.0),Q_5_3,F_2_4,CHF,A,2024,1817.858,6,P,3
CH1.COU:DF_COU_HEALTH_FINANCING(1.0.0),Q_5_3,_T,CHF,A,2010,1700.751,6,A,3
CH1.COU:DF_COU_HEALTH_FINANCING(1.0.0),Q_5_3,_T,CHF,A,2011,1693.14,6,A,3
CH1.COU:DF_COU_HEALTH_FINANCING(1.0.0),Q_5_3,_T,CHF,A,2012,1733.993,6,A,3
CH1.COU:DF_COU_HEALTH_FINANCING(1.0.0),Q_5_3,_T,CHF,A,2013,1899.677,6,A,3
CH1.COU:DF_COU_HEALTH_FINANCING(1.0.0),Q_5_3,_T,CHF,A,2014,1923.59,6,A,3
CH1.COU:DF_COU_HEALTH_FINANCING(1.0.0),Q_5_3,_T,CHF,A,2015,1978.679,6,A,3
CH1.COU:DF_COU_HEALTH_FINANCING(1.0.0),Q_5_3,_T,CHF,A,2016,2055.249,6,A,3
CH1.COU:DF_COU_HEALTH_FINANCING(1.0.0),Q_5_3,_T,CHF,A,2017,2029.188,6,A,3
CH1.COU:DF_COU_HEALTH_FINANCING(1.0.0),Q_5_3,_T,CHF,A,2018,2117.709,6,A,3
CH1.COU:DF_COU_HEALTH_FINANCING(1.0.0),Q_5_3,_T,CHF,A,2019,2264.158,6,A,3
CH1.COU:DF_COU_HEALTH_FINANCING(1.0.0),Q_5_3,_T,CHF,A,2020,2217.497,6,A,3
CH1.COU:DF_COU_HEALTH_FINANCING(1.0.0),Q_5_3,_T,CHF,A,2021,2210.235,6,A,3
CH1.COU:DF_COU_HEALTH_FINANCING(1.0.0),Q_5_3,_T,CHF,A,2022,2245.747,6,A,3
CH1.COU:DF_COU_HEALTH_FINANCING(1.0.0),Q_5_3,_T,CHF,A,2023,2440.64,6,A,3
CH1.COU:DF_COU_HEALTH_FINANCING(1.0.0),Q_5_3,_T,CHF,A,2024,2444.753,6,P,3
CH1.COU:DF_COU_HEALTH_FINANCING(1.0.0),_T,F_1_3,CHF,A,1995,686.906,6,A,3
CH1.COU:DF_COU_HEALTH_FINANCING(1.0.0),_T,F_1_3,CHF,A,1996,720.572,6,A,3
CH1.COU:DF_COU_HEALTH_FINANCING(1.0.0),_T,F_1_3,CHF,A,1997,737.401,6,A,3
CH1.COU:DF_COU_HEALTH_FINANCING(1.0.0),_T,F_1_3,CHF,A,1998,790.823,6,A,3
CH1.COU:DF_COU_HEALTH_FINANCING(1.0.0),_T,F_1_3,CHF,A,1999,797.077,6,A,3
CH1.COU:DF_COU_HEALTH_FINANCING(1.0.0),_T,F_1_3,CHF,A,2000,813.591,6,A,3
CH1.COU:DF_COU_HEALTH_FINANCING(1.0.0),_T,F_1_3,CHF,A,2001,956.378,6,A,3
CH1.COU:DF_COU_HEALTH_FINANCING(1.0.0),_T,F_1_3,CHF,A,2002,967.76,6,A,3
CH1.COU:DF_COU_HEALTH_FINANCING(1.0.0),_T,F_1_3,CHF,A,2003,926.827,6,A,3
CH1.COU:DF_COU_HEALTH_FINANCING(1.0.0),_T,F_1_3,CHF,A,2004,933.527,6,A,3
CH1.COU:DF_COU_HEALTH_FINANCING(1.0.0),_T,F_1_3,CHF,A,2005,799.151,6,A,3
CH1.COU:DF_COU_HEALTH_FINANCING(1.0.0),_T,F_1_3,CHF,A,2006,604.053,6,A,3
CH1.COU:DF_COU_HEALTH_FINANCING(1.0.0),_T,F_1_3,CHF,A,2007,683.881,6,A,3
CH1.COU:DF_COU_HEALTH_FINANCING(1.0.0),_T,F_1_3,CHF,A,2008,1054.986,6,A,3
CH1.COU:DF_COU_HEALTH_FINANCING(1.0.0),_T,F_1_3,CHF,A,2009,1108.893,6,A,3
CH1.COU:DF_COU_HEALTH_FINANCING(1.0.0),_T,F_1_3,CHF,A,2010,1584.487,6,A,3
CH1.COU:DF_COU_HEALTH_FINANCING(1.0.0),_T,F_1_3,CHF,A,2011,1853.976,6,A,3
CH1.COU:DF_COU_HEALTH_FINANCING(1.0.0),_T,F_1_3,CHF,A,2012,1948.648,6,A,3
CH1.COU:DF_COU_HEALTH_FINANCING(1.0.0),_T,F_1_3,CHF,A,2013,2085.644,6,A,3
CH1.COU:DF_COU_HEALTH_FINANCING(1.0.0),_T,F_1_3,CHF,A,2014,1960.468,6,A,3
CH1.COU:DF_COU_HEALTH_FINANCING(1.0.0),_T,F_1_3,CHF,A,2015,2156.272,6,A,3
CH1.COU:DF_COU_HEALTH_FINANCING(1.0.0),_T,F_1_3,CHF,A,2016,2227.666,6,A,3
CH1.COU:DF_COU_HEALTH_FINANCING(1.0.0),_T,F_1_3,CHF,A,2017,2248.202,6,A,3
CH1.COU:DF_COU_HEALTH_FINANCING(1.0.0),_T,F_1_3,CHF,A,2018,2332.016,6,A,3
CH1.COU:DF_COU_HEALTH_FINANCING(1.0.0),_T,F_1_3,CHF,A,2019,2626.221,6,A,3
CH1.COU:DF_COU_HEALTH_FINANCING(1.0.0),_T,F_1_3,CHF,A,2020,2698.07,6,A,3
CH1.COU:DF_COU_HEALTH_FINANCING(1.0.0),_T,F_1_3,CHF,A,2021,2769.458,6,A,3
CH1.COU:DF_COU_HEALTH_FINANCING(1.0.0),_T,F_1_3,CHF,A,2022,2890.047,6,A,3
CH1.COU:DF_COU_HEALTH_FINANCING(1.0.0),_T,F_1_3,CHF,A,2023,3171.117,6,A,3
CH1.COU:DF_COU_HEALTH_FINANCING(1.0.0),_T,F_1_3,CHF,A,2024,3255.058,6,P,3
CH1.COU:DF_COU_HEALTH_FINANCING(1.0.0),_T,F_2_5,CHF_R_POP_R_MH,A,1995,0.482,0,A,3
CH1.COU:DF_COU_HEALTH_FINANCING(1.0.0),_T,F_2_5,CHF_R_POP_R_MH,A,1996,0.438,0,A,3
CH1.COU:DF_COU_HEALTH_FINANCING(1.0.0),_T,F_2_5,CHF_R_POP_R_MH,A,1997,0.445,0,A,3
CH1.COU:DF_COU_HEALTH_FINANCING(1.0.0),_T,F_2_5,CHF_R_POP_R_MH,A,1998,0.423,0,A,3
CH1.COU:DF_COU_HEALTH_FINANCING(1.0.0),_T,F_2_5,CHF_R_POP_R_MH,A,1999,0.488,0,A,3
CH1.COU:DF_COU_HEALTH_FINANCING(1.0.0),_T,F_2_5,CHF_R_POP_R_MH,A,2000,0.508,0,A,3
CH1.COU:DF_COU_HEALTH_FINANCING(1.0.0),_T,F_2_5,CHF_R_POP_R_MH,A,2001,0.531,0,A,3
CH1.COU:DF_COU_HEALTH_FINANCING(1.0.0),_T,F_2_5,CHF_R_POP_R_MH,A,2002,0.546,0,A,3
CH1.COU:DF_COU_HEALTH_FINANCING(1.0.0),_T,F_2_5,CHF_R_POP_R_MH,A,2003,0.56,0,A,3
CH1.COU:DF_COU_HEALTH_FINANCING(1.0.0),_T,F_2_5,CHF_R_POP_R_MH,A,2004,0.553,0,A,3
CH1.COU:DF_COU_HEALTH_FINANCING(1.0.0),_T,F_2_5,CHF_R_POP_R_MH,A,2005,0.559,0,A,3
CH1.COU:DF_COU_HEALTH_FINANCING(1.0.0),_T,F_2_5,CHF_R_POP_R_MH,A,2006,0.543,0,A,3
CH1.COU:DF_COU_HEALTH_FINANCING(1.0.0),_T,F_2_5,CHF_R_POP_R_MH,A,2007,0.564,0,A,3
CH1.COU:DF_COU_HEALTH_FINANCING(1.0.0),_T,F_2_5,CHF_R_POP_R_MH,A,2008,0.576,0,A,3
CH1.COU:DF_COU_HEALTH_FINANCING(1.0.0),_T,F_2_5,CHF_R_POP_R_MH,A,2009,0.585,0,A,3
CH1.COU:DF_COU_HEALTH_FINANCING(1.0.0),_T,F_2_5,CHF_R_POP_R_MH,A,2010,0.81,0,A,3
CH1.COU:DF_COU_HEALTH_FINANCING(1.0.0),_T,F_2_5,CHF_R_POP_R_MH,A,2011,0.805,0,A,3
CH1.COU:DF_COU_HEALTH_FINANCING(1.0.0),_T,F_2_5,CHF_R_POP_R_MH,A,2012,0.838,0,A,3
CH1.COU:DF_COU_HEALTH_FINANCING(1.0.0),_T,F_2_5,CHF_R_POP_R_MH,A,2013,0.88,0,A,3
CH1.COU:DF_COU_HEALTH_FINANCING(1.0.0),_T,F_2_5,CHF_R_POP_R_MH,A,2014,0.871,0,A,3
CH1.COU:DF_COU_HEALTH_FINANCING(1.0.0),_T,F_2_5,CHF_R_POP_R_MH,A,2015,0.912,0,A,3
CH1.COU:DF_COU_HEALTH_FINANCING(1.0.0),_T,F_2_5,CHF_R_POP_R_MH,A,2016,0.905,0,A,3
CH1.COU:DF_COU_HEALTH_FINANCING(1.0.0),_T,F_2_5,CHF_R_POP_R_MH,A,2017,0.898,0,A,3
CH1.COU:DF_COU_HEALTH_FINANCING(1.0.0),_T,F_2_5,CHF_R_POP_R_MH,A,2018,0.839,0,A,3
CH1.COU:DF_COU_HEALTH_FINANCING(1.0.0),_T,F_2_5,CHF_R_POP_R_MH,A,2019,0.895,0,A,3
CH1.COU:DF_COU_HEALTH_FINANCING(1.0.0),_T,F_2_5,CHF_R_POP_R_MH,A,2020,0.869,0,A,3
CH1.COU:DF_COU_HEALTH_FINANCING(1.0.0),_T,F_2_5,CHF_R_POP_R_MH,A,2021,0.873,0,A,3
CH1.COU:DF_COU_HEALTH_FINANCING(1.0.0),_T,F_2_5,CHF_R_POP_R_MH,A,2022,0.852,0,A,3
CH1.COU:DF_COU_HEALTH_FINANCING(1.0.0),_T,F_2_5,CHF_R_POP_R_MH,A,2023,0.892,0,A,3
CH1.COU:DF_COU_HEALTH_FINANCING(1.0.0),_T,F_2_5,CHF_R_POP_R_MH,A,2024,0.898,0,P,3
CH1.COU:DF_COU_HEALTH_FINANCING(1.0.0),_T,F_5,CHF,A,1995,693.676,6,A,3
CH1.COU:DF_COU_HEALTH_FINANCING(1.0.0),_T,F_5,CHF,A,1996,532.719,6,A,3
CH1.COU:DF_COU_HEALTH_FINANCING(1.0.0),_T,F_5,CHF,A,1997,664.759,6,A,3
CH1.COU:DF_COU_HEALTH_FINANCING(1.0.0),_T,F_5,CHF,A,1998,708.93,6,A,3
CH1.COU:DF_COU_HEALTH_FINANCING(1.0.0),_T,F_5,CHF,A,1999,839.224,6,A,3
CH1.COU:DF_COU_HEALTH_FINANCING(1.0.0),_T,F_5,CHF,A,2000,811.592,6,A,3
CH1.COU:DF_COU_HEALTH_FINANCING(1.0.0),_T,F_5,CHF,A,2001,823.64,6,A,3
CH1.COU:DF_COU_HEALTH_FINANCING(1.0.0),_T,F_5,CHF,A,2002,812.852,6,A,3
CH1.COU:DF_COU_HEALTH_FINANCING(1.0.0),_T,F_5,CHF,A,2003,743.754,6,A,3
CH1.COU:DF_COU_HEALTH_FINANCING(1.0.0),_T,F_5,CHF,A,2004,816.079,6,A,3
CH1.COU:DF_COU_HEALTH_FINANCING(1.0.0),_T,F_5,CHF,A,2005,317.26,6,A,3
CH1.COU:DF_COU_HEALTH_FINANCING(1.0.0),_T,F_5,CHF,A,2006,497.961,6,A,3
CH1.COU:DF_COU_HEALTH_FINANCING(1.0.0),_T,F_5,CHF,A,2007,419.723,6,A,3
CH1.COU:DF_COU_HEALTH_FINANCING(1.0.0),_T,F_5,CHF,A,2008,384.947,6,A,3
CH1.COU:DF_COU_HEALTH_FINANCING(1.0.0),_T,F_5,CHF,A,2009,417.58,6,A,3
CH1.COU:DF_COU_HEALTH_FINANCING(1.0.0),_T,F_5,CHF,A,2010,382.516,6,A,3
CH1.COU:DF_COU_HEALTH_FINANCING(1.0.0),_T,F_5,CHF,A,2011,593.953,6,A,3
CH1.COU:DF_COU_HEALTH_FINANCING(1.0.0),_T,F_5,CHF,A,2012,837.551,6,A,3
CH1.COU:DF_COU_HEALTH_FINANCING(1.0.0),_T,F_5,CHF,A,2013,720.963,6,A,3
CH1.COU:DF_COU_HEALTH_FINANCING(1.0.0),_T,F_5,CHF,A,2014,1086.395,6,A,3
CH1.COU:DF_COU_HEALTH_FINANCING(1.0.0),_T,F_5,CHF,A,2015,984.35,6,A,3
CH1.COU:DF_COU_HEALTH_FINANCING(1.0.0),_T,F_5,CHF,A,2016,1263.102,6,A,3
CH1.COU:DF_COU_HEALTH_FINANCING(1.0.0),_T,F_5,CHF,A,2017,1137.014,6,A,3
CH1.COU:DF_COU_HEALTH_FINANCING(1.0.0),_T,F_5,CHF,A,2018,1633.165,6,A,3
CH1.COU:DF_COU_HEALTH_FINANCING(1.0.0),_T,F_5,CHF,A,2019,1159.985,6,A,3
CH1.COU:DF_COU_HEALTH_FINANCING(1.0.0),_T,F_5,CHF,A,2020,773.93,6,A,3
CH1.COU:DF_COU_HEALTH_FINANCING(1.0.0),_T,F_5,CHF,A,2021,1597.311,6,A,3
CH1.COU:DF_COU_HEALTH_FINANCING(1.0.0),_T,F_5,CHF,A,2022,1366.638,6,A,3
CH1.COU:DF_COU_HEALTH_FINANCING(1.0.0),_T,F_5,CHF,A,2023,1329.44,6,A,3
CH1.COU:DF_COU_HEALTH_FINANCING(1.0.0),_T,F_5,CHF,A,2024,1585.019,6,P,3
CH1.COU:DF_COU_HEALTH_FINANCING(1.0.0),Q_1,F_2,CHF,A,1995,3183.878,6,A,3
CH1.COU:DF_COU_HEALTH_FINANCING(1.0.0),Q_1,F_2,CHF,A,1996,2796.575,6,A,3
CH1.COU:DF_COU_HEALTH_FINANCING(1.0.0),Q_1,F_2,CHF,A,1997,3010.929,6,A,3
CH1.COU:DF_COU_HEALTH_FINANCING(1.0.0),Q_1,F_2,CHF,A,1998,3130.464,6,A,3
CH1.COU:DF_COU_HEALTH_FINANCING(1.0.0),Q_1,F_2,CHF,A,1999,3279.195,6,A,3
CH1.COU:DF_COU_HEALTH_FINANCING(1.0.0),Q_1,F_2,CHF,A,2000,3406.372,6,A,3
CH1.COU:DF_COU_HEALTH_FINANCING(1.0.0),Q_1,F_2,CHF,A,2001,3583.51,6,A,3
CH1.COU:DF_COU_HEALTH_FINANCING(1.0.0),Q_1,F_2,CHF,A,2002,3767.123,6,A,3
CH1.COU:DF_COU_HEALTH_FINANCING(1.0.0),Q_1,F_2,CHF,A,2003,3932.88,6,A,3
CH1.COU:DF_COU_HEALTH_FINANCING(1.0.0),Q_1,F_2,CHF,A,2004,4257.6,6,A,3
CH1.COU:DF_COU_HEALTH_FINANCING(1.0.0),Q_1,F_2,CHF,A,2005,4466.038,6,A,3
CH1.COU:DF_COU_HEALTH_FINANCING(1.0.0),Q_1,F_2,CHF,A,2006,4532.374,6,A,3
CH1.COU:DF_COU_HEALTH_FINANCING(1.0.0),Q_1,F_2,CHF,A,2007,4837.215,6,A,3
CH1.COU:DF_COU_HEALTH_FINANCING(1.0.0),Q_1,F_2,CHF,A,2008,3646.271,6,A,3
CH1.COU:DF_COU_HEALTH_FINANCING(1.0.0),Q_1,F_2,CHF,A,2009,3290.192,6,A,3
CH1.COU:DF_COU_HEALTH_FINANCING(1.0.0),Q_1,F_2,CHF,A,2010,3503.203,6,A,3
CH1.COU:DF_COU_HEALTH_FINANCING(1.0.0),Q_1,F_2,CHF,A,2011,3785.192,6,A,3
CH1.COU:DF_COU_HEALTH_FINANCING(1.0.0),Q_1,F_2,CHF,A,2012,3798.707,6,A,3
CH1.COU:DF_COU_HEALTH_FINANCING(1.0.0),Q_1,F_2,CHF,A,2013,3869.701,6,A,3
CH1.COU:DF_COU_HEALTH_FINANCING(1.0.0),Q_1,F_2,CHF,A,2014,3935.359,6,A,3
CH1.COU:DF_COU_HEALTH_FINANCING(1.0.0),Q_1,F_2,CHF,A,2015,4108.851,6,A,3
CH1.COU:DF_COU_HEALTH_FINANCING(1.0.0),Q_1,F_2,CHF,A,2016,4235.789,6,A,3
CH1.COU:DF_COU_HEALTH_FINANCING(1.0.0),Q_1,F_2,CHF,A,2017,4395.542,6,A,3
CH1.COU:DF_COU_HEALTH_FINANCING(1.0.0),Q_1,F_2,CHF,A,2018,4486.601,6,A,3
CH1.COU:DF_COU_HEALTH_FINANCING(1.0.0),Q_1,F_2,CHF,A,2019,4587.348,6,A,3
CH1.COU:DF_COU_HEALTH_FINANCING(1.0.0),Q_1,F_2,CHF,A,2020,4638.978,6,A,3
CH1.COU:DF_COU_HEALTH_FINANCING(1.0.0),Q_1,F_2,CHF,A,2021,4651.948,6,A,3
CH1.COU:DF_COU_HEALTH_FINANCING(1.0.0),Q_1,F_2,CHF,A,2022,4702.337,6,A,3
CH1.COU:DF_COU_HEALTH_FINANCING(1.0.0),Q_1,F_2,CHF,A,2023,4904.816,6,A,3
CH1.COU:DF_COU_HEALTH_FINANCING(1.0.0),Q_1,F_2,CHF,A,2024,5266.632,6,P,3
CH1.COU:DF_COU_HEALTH_FINANCING(1.0.0),Q_2,F_2_1,CHF,A,1995,277.386,6,A,3
CH1.COU:DF_COU_HEALTH_FINANCING(1.0.0),Q_2,F_2_1,CHF,A,1996,455.006,6,A,3
CH1.COU:DF_COU_HEALTH_FINANCING(1.0.0),Q_2,F_2_1,CHF,A,1997,566.081,6,A,3
CH1.COU:DF_COU_HEALTH_FINANCING(1.0.0),Q_2,F_2_1,CHF,A,1998,668.204,6,A,3
CH1.COU:DF_COU_HEALTH_FINANCING(1.0.0),Q_2,F_2_1,CHF,A,1999,784.182,6,A,3
CH1.COU:DF_COU_HEALTH_FINANCING(1.0.0),Q_2,F_2_1,CHF,A,2000,799.712,6,A,3
CH1.COU:DF_COU_HEALTH_FINANCING(1.0.0),Q_2,F_2_1,CHF,A,2001,859.529,6,A,3
CH1.COU:DF_COU_HEALTH_FINANCING(1.0.0),Q_2,F_2_1,CHF,A,2002,941.264,6,A,3
CH1.COU:DF_COU_HEALTH_FINANCING(1.0.0),Q_2,F_2_1,CHF,A,2003,976.874,6,A,3
CH1.COU:DF_COU_HEALTH_FINANCING(1.0.0),Q_2,F_2_1,CHF,A,2004,1001.107,6,A,3
CH1.COU:DF_COU_HEALTH_FINANCING(1.0.0),Q_2,F_2_1,CHF,A,2005,1035.122,6,A,3
CH1.COU:DF_COU_HEALTH_FINANCING(1.0.0),Q_2,F_2_1,CHF,A,2006,1068.963,6,A,3
CH1.COU:DF_COU_HEALTH_FINANCING(1.0.0),Q_2,F_2_1,CHF,A,2007,1139.381,6,A,3
CH1.COU:DF_COU_HEALTH_FINANCING(1.0.0),Q_2,F_2_1,CHF,A,2008,1632.228,6,A,3
CH1.COU:DF_COU_HEALTH_FINANCING(1.0.0),Q_2,F_2_1,CHF,A,2009,1742.405,6,A,3
CH1.COU:DF_COU_HEALTH_FINANCING(1.0.0),Q_2,F_2_1,CHF,A,2010,2000.439,6,A,3
CH1.COU:DF_COU_HEALTH_FINANCING(1.0.0),Q_2,F_2_1,CHF,A,2011,1951.061,6,A,3
CH1.COU:DF_COU_HEALTH_FINANCING(1.0.0),Q_2,F_2_1,CHF,A,2012,1813.453,6,A,3
CH1.COU:DF_COU_HEALTH_FINANCING(1.0.0),Q_2,F_2_1,CHF,A,2013,1832.334,6,A,3
CH1.COU:DF_COU_HEALTH_FINANCING(1.0.0),Q_2,F_2_1,CHF,A,2014,1761.936,6,A,3
CH1.COU:DF_COU_HEALTH_FINANCING(1.0.0),Q_2,F_2_1,CHF,A,2015,1760.049,6,A,3
CH1.COU:DF_COU_HEALTH_FINANCING(1.0.0),Q_2,F_2_1,CHF,A,2016,1827.307,6,A,3
CH1.COU:DF_COU_HEALTH_FINANCING(1.0.0),Q_2,F_2_1,CHF,A,2017,1870.768,6,A,3
CH1.COU:DF_COU_HEALTH_FINANCING(1.0.0),Q_2,F_2_1,CHF,A,2018,1978.509,6,A,3
CH1.COU:DF_COU_HEALTH_FINANCING(1.0.0),Q_2,F_2_1,CHF,A,2019,2142.513,6,A,3
CH1.COU:DF_COU_HEALTH_FINANCING(1.0.0),Q_2,F_2_1,CHF,A,2020,2610.652,6,A,3
CH1.COU:DF_COU_HEALTH_FINANCING(1.0.0),Q_2,F_2_1,CHF,A,2021,2570.485,6,A,3
CH1.COU:DF_COU_HEALTH_FINANCING(1.0.0),Q_2,F_2_1,CHF,A,2022,2479.104,6,A,3
CH1.COU:DF_COU_HEALTH_FINANCING(1.0.0),Q_2,F_2_1,CHF,A,2023,2891.494,6,A,3
CH1.COU:DF_COU_HEALTH_FINANCING(1.0.0),Q_2,F_2_1,CHF,A,2024,3263.104,6,P,3
CH1.COU:DF_COU_HEALTH_FINANCING(1.0.0),Q_2,F_2_1,CHF_R_POP_R_MH,A,1995,3.283,0,A,3
CH1.COU:DF_COU_HEALTH_FINANCING(1.0.0),Q_2,F_2_1,CHF_R_POP_R_MH,A,1996,5.362,0,A,3
CH1.COU:DF_COU_HEALTH_FINANCING(1.0.0),Q_2,F_2_1,CHF_R_POP_R_MH,A,1997,6.655,0,A,3
CH1.COU:DF_COU_HEALTH_FINANCING(1.0.0),Q_2,F_2_1,CHF_R_POP_R_MH,A,1998,7.832,0,A,3
CH1.COU:DF_COU_HEALTH_FINANCING(1.0.0),Q_2,F_2_1,CHF_R_POP_R_MH,A,1999,9.147,0,A,3
CH1.COU:DF_COU_HEALTH_FINANCING(1.0.0),Q_2,F_2_1,CHF_R_POP_R_MH,A,2000,9.276,0,A,3
CH1.COU:DF_COU_HEALTH_FINANCING(1.0.0),Q_2,F_2_1,CHF_R_POP_R_MH,A,2001,9.912,0,A,3
CH1.COU:DF_COU_HEALTH_FINANCING(1.0.0),Q_2,F_2_1,CHF_R_POP_R_MH,A,2002,10.768,0,A,3
CH1.COU:DF_COU_HEALTH_FINANCING(1.0.0),Q_2,F_2_1,CHF_R_POP_R_MH,A,2003,11.092,0,A,3
CH1.COU:DF_COU_HEALTH_FINANCING(1.0.0),Q_2,F_2_1,CHF_R_POP_R_MH,A,2004,11.29,0,A,3
CH1.COU:DF_COU_HEALTH_FINANCING(1.0.0),Q_2,F_2_1,CHF_R_POP_R_MH,A,2005,11.599,0,A,3
CH1.COU:DF_COU_HEALTH_FINANCING(1.0.0),Q_2,F_2_1,CHF_R_POP_R_MH,A,2006,11.903,0,A,3
CH1.COU:DF_COU_HEALTH_FINANCING(1.0.0),Q_2,F_2_1,CHF_R_POP_R_MH,A,2007,12.574,0,A,3
CH1.COU:DF_COU_HEALTH_FINANCING(1.0.0),Q_2,F_2_1,CHF_R_POP_R_MH,A,2008,17.786,0,A,3
CH1.COU:DF_COU_HEALTH_FINANCING(1.0.0),Q_2,F_2_1,CHF_R_POP_R_MH,A,2009,18.75,0,A,3
CH1.COU:DF_COU_HEALTH_FINANCING(1.0.0),Q_2,F_2_1,CHF_R_POP_R_MH,A,2010,21.304,0,A,3
CH1.COU:DF_COU_HEALTH_FINANCING(1.0.0),Q_2,F_2_1,CHF_R_POP_R_MH,A,2011,20.549,0,A,3
CH1.COU:DF_COU_HEALTH_FINANCING(1.0.0),Q_2,F_2_1,CHF_R_POP_R_MH,A,2012,18.898,0,A,3
CH1.COU:DF_COU_HEALTH_FINANCING(1.0.0),Q_2,F_2_1,CHF_R_POP_R_MH,A,2013,18.876,0,A,3
CH1.COU:DF_COU_HEALTH_FINANCING(1.0.0),Q_2,F_2_1,CHF_R_POP_R_MH,A,2014,17.931,0,A,3
CH1.COU:DF_COU_HEALTH_FINANCING(1.0.0),Q_2,F_2_1,CHF_R_POP_R_MH,A,2015,17.709,0,A,3
CH1.COU:DF_COU_HEALTH_FINANCING(1.0.0),Q_2,F_2_1,CHF_R_POP_R_MH,A,2016,18.186,0,A,3
CH1.COU:DF_COU_HEALTH_FINANCING(1.0.0),Q_2,F_2_1,CHF_R_POP_R_MH,A,2017,18.445,0,A,3
CH1.COU:DF_COU_HEALTH_FINANCING(1.0.0),Q_2,F_2_1,CHF_R_POP_R_MH,A,2018,19.365,0,A,3
CH1.COU:DF_COU_HEALTH_FINANCING(1.0.0),Q_2,F_2_1,CHF_R_POP_R_MH,A,2019,20.821,0,A,3
CH1.COU:DF_COU_HEALTH_FINANCING(1.0.0),Q_2,F_2_1,CHF_R_POP_R_MH,A,2020,25.185,0,A,3
CH1.COU:DF_COU_HEALTH_FINANCING(1.0.0),Q_2,F_2_1,CHF_R_POP_R_MH,A,2021,24.609,0,A,3
CH1.COU:DF_COU_HEALTH_FINANCING(1.0.0),Q_2,F_2_1,CHF_R_POP_R_MH,A,2022,23.538,0,A,3
CH1.COU:DF_COU_HEALTH_FINANCING(1.0.0),Q_2,F_2_1,CHF_R_POP_R_MH,A,2023,27.108,0,A,3
CH1.COU:DF_COU_HEALTH_FINANCING(1.0.0),Q_2,F_2_1,CHF_R_POP_R_MH,A,2024,30.192,0,P,3
CH1.COU:DF_COU_HEALTH_FINANCING(1.0.0),Q_2,F_2_7,CHF_R_POP_R_MH,A,1995,2.12,0,A,3
CH1.COU:DF_COU_HEALTH_FINANCING(1.0.0),Q_2,F_2_7,CHF_R_POP_R_MH,A,1996,2.281,0,A,3
CH1.COU:DF_COU_HEALTH_FINANCING(1.0.0),Q_2,F_2_7,CHF_R_POP_R_MH,A,1997,2.567,0,A,3
CH1.COU:DF_COU_HEALTH_FINANCING(1.0.0),Q_2,F_2_7,CHF_R_POP_R_MH,A,1998,2.727,0,A,3
CH1.COU:DF_COU_HEALTH_FINANCING(1.0.0),Q_2,F_2_7,CHF_R_POP_R_MH,A,1999,2.909,0,A,3
CH1.COU:DF_COU_HEALTH_FINANCING(1.0.0),Q_2,F_2_7,CHF_R_POP_R_MH,A,2000,2.879,0,A,3
CH1.COU:DF_COU_HEALTH_FINANCING(1.0.0),Q_2,F_2_7,CHF_R_POP_R_MH,A,2001,3.048,0,A,3
CH1.COU:DF_COU_HEALTH_FINANCING(1.0.0),Q_2,F_2_7,CHF_R_POP_R_MH,A,2002,3.26,0,A,3
CH1.COU:DF_COU_HEALTH_FINANCING(1.0.0),Q_2,F_2_7,CHF_R_POP_R_MH,A,2003,3.403,0,A,3
CH1.COU:DF_COU_HEALTH_FINANCING(1.0.0),Q_2,F_2_7,CHF_R_POP_R_MH,A,2004,3.52,0,A,3
CH1.COU:DF_COU_HEALTH_FINANCING(1.0.0),Q_2,F_2_7,CHF_R_POP_R_MH,A,2005,3.533,0,A,3
CH1.COU:DF_COU_HEALTH_FINANCING(1.0.0),Q_2,F_2_7,CHF_R_POP_R_MH,A,2006,3.609,0,A,3
CH1.COU:DF_COU_HEALTH_FINANCING(1.0.0),Q_2,F_2_7,CHF_R_POP_R_MH,A,2007,3.821,0,A,3
CH1.COU:DF_COU_HEALTH_FINANCING(1.0.0),Q_2,F_2_7,CHF_R_POP_R_MH,A,2008,4.729,0,A,3
CH1.COU:DF_COU_HEALTH_FINANCING(1.0.0),Q_2,F_2_7,CHF_R_POP_R_MH,A,2009,4.983,0,A,3
CH1.COU:DF_COU_HEALTH_FINANCING(1.0.0),Q_2,F_2_7,CHF_R_POP_R_MH,A,2010,6.074,0,A,3
CH1.COU:DF_COU_HEALTH_FINANCING(1.0.0),Q_2,F_2_7,CHF_R_POP_R_MH,A,2011,6.273,0,A,3
CH1.COU:DF_COU_HEALTH_FINANCING(1.0.0),Q_2,F_2_7,CHF_R_POP_R_MH,A,2012,6.526,0,A,3
CH1.COU:DF_COU_HEALTH_FINANCING(1.0.0),Q_2,F_2_7,CHF_R_POP_R_MH,A,2013,6.277,0,A,3
CH1.COU:DF_COU_HEALTH_FINANCING(1.0.0),Q_2,F_2_7,CHF_R_POP_R_MH,A,2014,6.256,0,A,3
CH1.COU:DF_COU_HEALTH_FINANCING(1.0.0),Q_2,F_2_7,CHF_R_POP_R_MH,A,2015,6.311,0,A,3
CH1.COU:DF_COU_HEALTH_FINANCING(1.0.0),Q_2,F_2_7,CHF_R_POP_R_MH,A,2016,6.474,0,A,3
CH1.COU:DF_COU_HEALTH_FINANCING(1.0.0),Q_2,F_2_7,CHF_R_POP_R_MH,A,2017,6.189,0,A,3
CH1.COU:DF_COU_HEALTH_FINANCING(1.0.0),Q_2,F_2_7,CHF_R_POP_R_MH,A,2018,6.338,0,A,3
CH1.COU:DF_COU_HEALTH_FINANCING(1.0.0),Q_2,F_2_7,CHF_R_POP_R_MH,A,2019,6.407,0,A,3
CH1.COU:DF_COU_HEALTH_FINANCING(1.0.0),Q_2,F_2_7,CHF_R_POP_R_MH,A,2020,6.468,0,A,3
CH1.COU:DF_COU_HEALTH_FINANCING(1.0.0),Q_2,F_2_7,CHF_R_POP_R_MH,A,2021,6.475,0,A,3
CH1.COU:DF_COU_HEALTH_FINANCING(1.0.0),Q_2,F_2_7,CHF_R_POP_R_MH,A,2022,6.484,0,A,3
CH1.COU:DF_COU_HEALTH_FINANCING(1.0.0),Q_2,F_2_7,CHF_R_POP_R_MH,A,2023,6.481,0,A,3
CH1.COU:DF_COU_HEALTH_FINANCING(1.0.0),Q_2,F_2_7,CHF_R_POP_R_MH,A,2024,6.592,0,P,3
CH1.COU:DF_COU_HEALTH_FINANCING(1.0.0),Q_3,F_1,CHF,A,1995,686.906,6,A,3
CH1.COU:DF_COU_HEALTH_FINANCING(1.0.0),Q_3,F_1,CHF,A,1996,720.572,6,A,3
CH1.COU:DF_COU_HEALTH_FINANCING(1.0.0),Q_3,F_1,CHF,A,1997,737.401,6,A,3
CH1.COU:DF_COU_HEALTH_FINANCING(1.0.0),Q_3,F_1,CHF,A,1998,790.823,6,A,3
CH1.COU:DF_COU_HEALTH_FINANCING(1.0.0),Q_3,F_1,CHF,A,1999,797.077,6,A,3
CH1.COU:DF_COU_HEALTH_FINANCING(1.0.0),Q_3,F_1,CHF,A,2000,813.591,6,A,3
CH1.COU:DF_COU_HEALTH_FINANCING(1.0.0),Q_3,F_1,CHF,A,2001,956.378,6,A,3
CH1.COU:DF_COU_HEALTH_FINANCING(1.0.0),Q_3,F_1,CHF,A,2002,967.76,6,A,3
CH1.COU:DF_COU_HEALTH_FINANCING(1.0.0),Q_3,F_1,CHF,A,2003,926.827,6,A,3
CH1.COU:DF_COU_HEALTH_FINANCING(1.0.0),Q_3,F_1,CHF,A,2004,933.527,6,A,3
CH1.COU:DF_COU_HEALTH_FINANCING(1.0.0),Q_3,F_1,CHF,A,2005,799.151,6,A,3
CH1.COU:DF_COU_HEALTH_FINANCING(1.0.0),Q_3,F_1,CHF,A,2006,604.053,6,A,3
CH1.COU:DF_COU_HEALTH_FINANCING(1.0.0),Q_3,F_1,CHF,A,2007,683.881,6,A,3
CH1.COU:DF_COU_HEALTH_FINANCING(1.0.0),Q_3,F_1,CHF,A,2008,1054.986,6,A,3
CH1.COU:DF_COU_HEALTH_FINANCING(1.0.0),Q_3,F_1,CHF,A,2009,1108.893,6,A,3
CH1.COU:DF_COU_HEALTH_FINANCING(1.0.0),Q_3,F_1,CHF,A,2010,1584.487,6,A,3
CH1.COU:DF_COU_HEALTH_FINANCING(1.0.0),Q_3,F_1,CHF,A,2011,1853.976,6,A,3
CH1.COU:DF_COU_HEALTH_FINANCING(1.0.0),Q_3,F_1,CHF,A,2012,1948.648,6,A,3
CH1.COU:DF_COU_HEALTH_FINANCING(1.0.0),Q_3,F_1,CHF,A,2013,2085.644,6,A,3
CH1.COU:DF_COU_HEALTH_FINANCING(1.0.0),Q_3,F_1,CHF,A,2014,1960.468,6,A,3
CH1.COU:DF_COU_HEALTH_FINANCING(1.0.0),Q_3,F_1,CHF,A,2015,2156.272,6,A,3
CH1.COU:DF_COU_HEALTH_FINANCING(1.0.0),Q_3,F_1,CHF,A,2016,2227.666,6,A,3
CH1.COU:DF_COU_HEALTH_FINANCING(1.0.0),Q_3,F_1,CHF,A,2017,2248.202,6,A,3
CH1.COU:DF_COU_HEALTH_FINANCING(1.0.0),Q_3,F_1,CHF,A,2018,2332.016,6,A,3
CH1.COU:DF_COU_HEALTH_FINANCING(1.0.0),Q_3,F_1,CHF,A,2019,2626.221,6,A,3
CH1.COU:DF_COU_HEALTH_FINANCING(1.0.0),Q_3,F_1,CHF,A,2020,2698.07,6,A,3
CH1.COU:DF_COU_HEALTH_FINANCING(1.0.0),Q_3,F_1,CHF,A,2021,2769.458,6,A,3
CH1.COU:DF_COU_HEALTH_FINANCING(1.0.0),Q_3,F_1,CHF,A,2022,2890.047,6,A,3
CH1.COU:DF_COU_HEALTH_FINANCING(1.0.0),Q_3,F_1,CHF,A,2023,3171.117,6,A,3
CH1.COU:DF_COU_HEALTH_FINANCING(1.0.0),Q_3,F_1,CHF,A,2024,3255.058,6,P,3
CH1.COU:DF_COU_HEALTH_FINANCING(1.0.0),Q_4,F_3,CHF,A,1995,4607.588,6,A,3
CH1.COU:DF_COU_HEALTH_FINANCING(1.0.0),Q_4,F_3,CHF,A,1996,4855.854,6,A,3
CH1.COU:DF_COU_HEALTH_FINANCING(1.0.0),Q_4,F_3,CHF,A,1997,4646.725,6,A,3
CH1.COU:DF_COU_HEALTH_FINANCING(1.0.0),Q_4,F_3,CHF,A,1998,4779.446,6,A,3
CH1.COU:DF_COU_HEALTH_FINANCING(1.0.0),Q_4,F_3,CHF,A,1999,4605.615,6,A,3
CH1.COU:DF_COU_HEALTH_FINANCING(1.0.0),Q_4,F_3,CHF,A,2000,4808.518,6,A,3
CH1.COU:DF_COU_HEALTH_FINANCING(1.0.0),Q_4,F_3,CHF,A,2001,4949.44,6,A,3
CH1.COU:DF_COU_HEALTH_FINANCING(1.0.0),Q_4,F_3,CHF,A,2002,4872.669,6,A,3
CH1.COU:DF_COU_HEALTH_FINANCING(1.0.0),Q_4,F_3,CHF,A,2003,4948.234,6,A,3
CH1.COU:DF_COU_HEALTH_FINANCING(1.0.0),Q_4,F_3,CHF,A,2004,5095.16,6,A,3
CH1.COU:DF_COU_HEALTH_FINANCING(1.0.0),Q_4,F_3,CHF,A,2005,5400.104,6,A,3
CH1.COU:DF_COU_HEALTH_FINANCING(1.0.0),Q_4,F_3,CHF,A,2006,5647.122,6,A,3
CH1.COU:DF_COU_HEALTH_FINANCING(1.0.0),Q_4,F_3,CHF,A,2007,5961.343,6,A,3
CH1.COU:DF_COU_HEALTH_FINANCING(1.0.0),Q_4,F_3,CHF,A,2008,6083.588,6,A,3
CH1.COU:DF_COU_HEALTH_FINANCING(1.0.0),Q_4,F_3,CHF,A,2009,6232.575,6,A,3
CH1.COU:DF_COU_HEALTH_FINANCING(1.0.0),Q_4,F_3,CHF,A,2010,6592.223,6,A,3
CH1.COU:DF_COU_HEALTH_FINANCING(1.0.0),Q_4,F_3,CHF,A,2011,6901.071,6,A,3
CH1.COU:DF_COU_HEALTH_FINANCING(1.0.0),Q_4,F_3,CHF,A,2012,6980.506,6,A,3
CH1.COU:DF_COU_HEALTH_FINANCING(1.0.0),Q_4,F_3,CHF,A,2013,7227.188,6,A,3
CH1.COU:DF_COU_HEALTH_FINANCING(1.0.0),Q_4,F_3,CHF,A,2014,7012.475,6,A,3
CH1.COU:DF_COU_HEALTH_FINANCING(1.0.0),Q_4,F_3,CHF,A,2015,7156.008,6,A,3
CH1.COU:DF_COU_HEALTH_FINANCING(1.0.0),Q_4,F_3,CHF,A,2016,7342.106,6,A,3
CH1.COU:DF_COU_HEALTH_FINANCING(1.0.0),Q_4,F_3,CHF,A,2017,7542.198,6,A,3
CH1.COU:DF_COU_HEALTH_FINANCING(1.0.0),Q_4,F_3,CHF,A,2018,7694.845,6,A,3
CH1.COU:DF_COU_HEALTH_FINANCING(1.0.0),Q_4,F_3,CHF,A,2019,7530.431,6,A,3
CH1.COU:DF_COU_HEALTH_FINANCING(1.0.0),Q_4,F_3,CHF,A,2020,7715.913,6,A,3
CH1.COU:DF_COU_HEALTH_FINANCING(1.0.0),Q_4,F_3,CHF,A,2021,7806.071,6,A,3
CH1.COU:DF_COU_HEALTH_FINANCING(1.0.0),Q_4,F_3,CHF,A,2022,7874.655,6,A,3
CH1.COU:DF_COU_HEALTH_FINANCING(1.0.0),Q_4,F_3,CHF,A,2023,8057.513,6,A,3
CH1.COU:DF_COU_HEALTH_FINANCING(1.0.0),Q_4,F_3,CHF,A,2024,8091.915,6,P,3
CH1.COU:DF_COU_HEALTH_FINANCING(1.0.0),Q_4,F_4_2,CHF_R_POP_R_MH,A,1995,1.161,0,A,3
CH1.COU:DF_COU_HEALTH_FINANCING(1.0.0),Q_4,F_4_2,CHF_R_POP_R_MH,A,1996,1.267,0,A,3
CH1.COU:DF_COU_HEALTH_FINANCING(1.0.0),Q_4,F_4_2,CHF_R_POP_R_MH,A,1997,1.106,0,A,3
CH1.COU:DF_COU_HEALTH_FINANCING(1.0.0),Q_4,F_4_2,CHF_R_POP_R_MH,A,1998,1.107,0,A,3
CH1.COU:DF_COU_HEALTH_FINANCING(1.0.0),Q_4,F_4_2,CHF_R_POP_R_MH,A,1999,1.026,0,A,3
CH1.COU:DF_COU_HEALTH_FINANCING(1.0.0),Q_4,F_4_2,CHF_R_POP_R_MH,A,2000,1.082,0,A,3
CH1.COU:DF_COU_HEALTH_FINANCING(1.0.0),Q_4,F_4_2,CHF_R_POP_R_MH,A,2001,1.117,0,A,3
CH1.COU:DF_COU_HEALTH_FINANCING(1.0.0),Q_4,F_4_2,CHF_R_POP_R_MH,A,2002,1.083,0,A,3
CH1.COU:DF_COU_HEALTH_FINANCING(1.0.0),Q_4,F_4_2,CHF_R_POP_R_MH,A,2003,1.039,0,A,3
CH1.COU:DF_COU_HEALTH_FINANCING(1.0.0),Q_4,F_4_2,CHF_R_POP_R_MH,A,2004,1.036,0,A,3
CH1.COU:DF_COU_HEALTH_FINANCING(1.0.0),Q_4,F_4_2,CHF_R_POP_R_MH,A,2005,1.065,0,A,3
CH1.COU:DF_COU_HEALTH_FINANCING(1.0.0),Q_4,F_4_2,CHF_R_POP_R_MH,A,2006,1.089,0,A,3
CH1.COU:DF_COU_HEALTH_FINANCING(1.0.0),Q_4,F_4_2,CHF_R_POP_R_MH,A,2007,1.144,0,A,3
CH1.COU:DF_COU_HEALTH_FINANCING(1.0.0),Q_4,F_4_2,CHF_R_POP_R_MH,A,2008,1.156,0,A,3
CH1.COU:DF_COU_HEALTH_FINANCING(1.0.0),Q_4,F_4_2,CHF_R_POP_R_MH,A,2009,1.164,0,A,3
CH1.COU:DF_COU_HEALTH_FINANCING(1.0.0),Q_4,F_4_2,CHF_R_POP_R_MH,A,2010,1.085,0,A,3
CH1.COU:DF_COU_HEALTH_FINANCING(1.0.0),Q_4,F_4_2,CHF_R_POP_R_MH,A,2011,1.119,0,A,3
CH1.COU:DF_COU_HEALTH_FINANCING(1.0.0),Q_4,F_4_2,CHF_R_POP_R_MH,A,2012,1.167,0,A,3
CH1.COU:DF_COU_HEALTH_FINANCING(1.0.0),Q_4,F_4_2,CHF_R_POP_R_MH,A,2013,1.338,0,A,3
CH1.COU:DF_COU_HEALTH_FINANCING(1.0.0),Q_4,F_4_2,CHF_R_POP_R_MH,A,2014,1.333,0,A,3
CH1.COU:DF_COU_HEALTH_FINANCING(1.0.0),Q_4,F_4_2,CHF_R_POP_R_MH,A,2015,1.502,0,A,3
CH1.COU:DF_COU_HEALTH_FINANCING(1.0.0),Q_4,F_4_2,CHF_R_POP_R_MH,A,2016,1.527,0,A,3
CH1.COU:DF_COU_HEALTH_FINANCING(1.0.0),Q_4,F_4_2,CHF_R_POP_R_MH,A,2017,1.438,0,A,3
CH1.COU:DF_COU_HEALTH_FINANCING(1.0.0),Q_4,F_4_2,CHF_R_POP_R_MH,A,2018,1.335,0,A,3
CH1.COU:DF_COU_HEALTH_FINANCING(1.0.0),Q_4,F_4_2,CHF_R_POP_R_MH,A,2019,1.35,0,A,3
CH1.COU:DF_COU_HEALTH_FINANCING(1.0.0),Q_4,F_4_2,CHF_R_POP_R_MH,A,2020,1.222,0,A,3
CH1.COU:DF_COU_HEALTH_FINANCING(1.0.0),Q_4,F_4_2,CHF_R_POP_R_MH,A,2021,1.149,0,A,3
CH1.COU:DF_COU_HEALTH_FINANCING(1.0.0),Q_4,F_4_2,CHF_R_POP_R_MH,A,2022,1.118,0,A,3
CH1.COU:DF_COU_HEALTH_FINANCING(1.0.0),Q_4,F_4_2,CHF_R_POP_R_MH,A,2023,1.217,0,A,3
CH1.COU:DF_COU_HEALTH_FINANCING(1.0.0),Q_4,F_4_2,CHF_R_POP_R_MH,A,2024,1.219,0,P,3
CH1.COU:DF_COU_HEALTH_FINANCING(1.0.0),Q_5_1,F_2_4,CHF,A,2010,524.046,6,A,3
CH1.COU:DF_COU_HEALTH_FINANCING(1.0.0),Q_5_1,F_2_4,CHF,A,2011,533.942,6,A,3
CH1.COU:DF_COU_HEALTH_FINANCING(1.0.0),Q_5_1,F_2_4,CHF,A,2012,554.997,6,A,3
CH1.COU:DF_COU_HEALTH_FINANCING(1.0.0),Q_5_1,F_2_4,CHF,A,2013,612.999,6,A,3
CH1.COU:DF_COU_HEALTH_FINANCING(1.0.0),Q_5_1,F_2_4,CHF,A,2014,609.006,6,A,3
CH1.COU:DF_COU_HEALTH_FINANCING(1.0.0),Q_5_1,F_2_4,CHF,A,2015,612.581,6,A,3
CH1.COU:DF_COU_HEALTH_FINANCING(1.0.0),Q_5_1,F_2_4,CHF,A,2016,641.657,6,A,3
CH1.COU:DF_COU_HEALTH_FINANCING(1.0.0),Q_5_1,F_2_4,CHF,A,2017,624.247,6,A,3
CH1.COU:DF_COU_HEALTH_FINANCING(1.0.0),Q_5_1,F_2_4,CHF,A,2018,627.314,6,A,3
CH1.COU:DF_COU_HEALTH_FINANCING(1.0.0),Q_5_1,F_2_4,CHF,A,2019,631.271,6,A,3
CH1.COU:DF_COU_HEALTH_FINANCING(1.0.0),Q_5_1,F_2_4,CHF,A,2020,604.123,6,A,3
CH1.COU:DF_COU_HEALTH_FINANCING(1.0.0),Q_5_1,F_2_4,CHF,A,2021,604.958,6,A,3
CH1.COU:DF_COU_HEALTH_FINANCING(1.0.0),Q_5_1,F_2_4,CHF,A,2022,598.192,6,A,3
CH1.COU:DF_COU_HEALTH_FINANCING(1.0.0),Q_5_1,F_2_4,CHF,A,2023,646.831,6,A,3
CH1.COU:DF_COU_HEALTH_FINANCING(1.0.0),Q_5_1,F_2_4,CHF,A,2024,631.663,6,P,3
CH1.COU:DF_COU_HEALTH_FINANCING(1.0.0),Q_5_3,_T,CHF_R_POP_R_MH,A,2010,18.113,0,A,3
CH1.COU:DF_COU_HEALTH_FINANCING(1.0.0),Q_5_3,_T,CHF_R_POP_R_MH,A,2011,17.832,0,A,3
CH1.COU:DF_COU_HEALTH_FINANCING(1.0.0),Q_5_3,_T,CHF_R_POP_R_MH,A,2012,18.07,0,A,3
CH1.COU:DF_COU_HEALTH_FINANCING(1.0.0),Q_5_3,_T,CHF_R_POP_R_MH,A,2013,19.57,0,A,3
CH1.COU:DF_COU_HEALTH_FINANCING(1.0.0),Q_5_3,_T,CHF_R_POP_R_MH,A,2014,19.576,0,A,3
CH1.COU:DF_COU_HEALTH_FINANCING(1.0.0),Q_5_3,_T,CHF_R_POP_R_MH,A,2015,19.908,0,A,3
CH1.COU:DF_COU_HEALTH_FINANCING(1.0.0),Q_5_3,_T,CHF_R_POP_R_MH,A,2016,20.454,0,A,3
CH1.COU:DF_COU_HEALTH_FINANCING(1.0.0),Q_5_3,_T,CHF_R_POP_R_MH,A,2017,20.007,0,A,3
CH1.COU:DF_COU_HEALTH_FINANCING(1.0.0),Q_5_3,_T,CHF_R_POP_R_MH,A,2018,20.727,0,A,3
CH1.COU:DF_COU_HEALTH_FINANCING(1.0.0),Q_5_3,_T,CHF_R_POP_R_MH,A,2019,22.003,0,A,3
CH1.COU:DF_COU_HEALTH_FINANCING(1.0.0),Q_5_3,_T,CHF_R_POP_R_MH,A,2020,21.392,0,A,3
CH1.COU:DF_COU_HEALTH_FINANCING(1.0.0),Q_5_3,_T,CHF_R_POP_R_MH,A,2021,21.16,0,A,3
CH1.COU:DF_COU_HEALTH_FINANCING(1.0.0),Q_5_3,_T,CHF_R_POP_R_MH,A,2022,21.322,0,A,3
CH1.COU:DF_COU_HEALTH_FINANCING(1.0.0),Q_5_3,_T,CHF_R_POP_R_MH,A,2023,22.881,0,A,3
CH1.COU:DF_COU_HEALTH_FINANCING(1.0.0),Q_5_3,_T,CHF_R_POP_R_MH,A,2024,22.62,0,P,3
CH1.COU:DF_COU_HEALTH_FINANCING(1.0.0),Q_5,F_2_3,CHF,A,1995,609.203,6,A,3
CH1.COU:DF_COU_HEALTH_FINANCING(1.0.0),Q_5,F_2_3,CHF,A,1996,627.697,6,A,3
CH1.COU:DF_COU_HEALTH_FINANCING(1.0.0),Q_5,F_2_3,CHF,A,1997,660.208,6,A,3
CH1.COU:DF_COU_HEALTH_FINANCING(1.0.0),Q_5,F_2_3,CHF,A,1998,674.316,6,A,3
CH1.COU:DF_COU_HEALTH_FINANCING(1.0.0),Q_5,F_2_3,CHF,A,1999,688.695,6,A,3
CH1.COU:DF_COU_HEALTH_FINANCING(1.0.0),Q_5,F_2_3,CHF,A,2000,725.906,6,A,3
CH1.COU:DF_COU_HEALTH_FINANCING(1.0.0),Q_5,F_2_3,CHF,A,2001,781.696,6,A,3
CH1.COU:DF_COU_HEALTH_FINANCING(1.0.0),Q_5,F_2_3,CHF,A,2002,819.505,6,A,3
CH1.COU:DF_COU_HEALTH_FINANCING(1.0.0),Q_5,F_2_3,CHF,A,2003,855.599,6,A,3
CH1.COU:DF_COU_HEALTH_FINANCING(1.0.0),Q_5,F_2_3,CHF,A,2004,930.873,6,A,3
CH1.COU:DF_COU_HEALTH_FINANCING(1.0.0),Q_5,F_2_3,CHF,A,2005,971.692,6,A,3
CH1.COU:DF_COU_HEALTH_FINANCING(1.0.0),Q_5,F_2_3,CHF,A,2006,912.855,6,A,3
CH1.COU:DF_COU_HEALTH_FINANCING(1.0.0),Q_5,F_2_3,CHF,A,2007,882.306,6,A,3
CH1.COU:DF_COU_HEALTH_FINANCING(1.0.0),Q_5,F_2_3,CHF,A,2008,939.514,6,A,3
CH1.COU:DF_COU_HEALTH_FINANCING(1.0.0),Q_5,F_2_3,CHF,A,2009,1073.872,6,A,3
CH1.COU:DF_COU_HEALTH_FINANCING(1.0.0),Q_5,F_2_3,CHF,A,2010,791.416,6,A,3
CH1.COU:DF_COU_HEALTH_FINANCING(1.0.0),Q_5,F_2_3,CHF,A,2011,708.27,6,A,3
CH1.COU:DF_COU_HEALTH_FINANCING(1.0.0),Q_5,F_2_3,CHF,A,2012,736.044,6,A,3
CH1.COU:DF_COU_HEALTH_FINANCING(1.0.0),Q_5,F_2_3,CHF,A,2013,759.866,6,A,3
CH1.COU:DF_COU_HEALTH_FINANCING(1.0.0),Q_5,F_2_3,CHF,A,2014,780.72,6,A,3
CH1.COU:DF_COU_HEALTH_FINANCING(1.0.0),Q_5,F_2_3,CHF,A,2015,810.961,6,A,3
CH1.COU:DF_COU_HEALTH_FINANCING(1.0.0),Q_5,F_2_3,CHF,A,2016,852.071,6,A,3
CH1.COU:DF_COU_HEALTH_FINANCING(1.0.0),Q_5,F_2_3,CHF,A,2017,885.331,6,A,3
CH1.COU:DF_COU_HEALTH_FINANCING(1.0.0),Q_5,F_2_3,CHF,A,2018,962.237,6,A,3
CH1.COU:DF_COU_HEALTH_FINANCING(1.0.0),Q_5,F_2_3,CHF,A,2019,1121.753,6,A,3
CH1.COU:DF_COU_HEALTH_FINANCING(1.0.0),Q_5,F_2_3,CHF,A,2020,1146.606,6,A,3
CH1.COU:DF_COU_HEALTH_FINANCING(1.0.0),Q_5,F_2_3,CHF,A,2021,1154.284,6,A,3
CH1.COU:DF_COU_HEALTH_FINANCING(1.0.0),Q_5,F_2_3,CHF,A,2022,1084.819,6,A,3
CH1.COU:DF_COU_HEALTH_FINANCING(1.0.0),Q_5,F_2_3,CHF,A,2023,1178.719,6,A,3
CH1.COU:DF_COU_HEALTH_FINANCING(1.0.0),Q_5,F_2_3,CHF,A,2024,1222.334,6,P,3
CH1.COU:DF_COU_HEALTH_FINANCING(1.0.0),Q_5,F_2_3,CHF_R_POP_R_MH,A,1995,7.211,0,A,3
CH1.COU:DF_COU_HEALTH_FINANCING(1.0.0),Q_5,F_2_3,CHF_R_POP_R_MH,A,1996,7.397,0,A,3
CH1.COU:DF_COU_HEALTH_FINANCING(1.0.0),Q_5,F_2_3,CHF_R_POP_R_MH,A,1997,7.761,0,A,3
CH1.COU:DF_COU_HEALTH_FINANCING(1.0.0),Q_5,F_2_3,CHF_R_POP_R_MH,A,1998,7.903,0,A,3
CH1.COU:DF_COU_HEALTH_FINANCING(1.0.0),Q_5,F_2_3,CHF_R_POP_R_MH,A,1999,8.034,0,A,3
CH1.COU:DF_COU_HEALTH_FINANCING(1.0.0),Q_5,F_2_3,CHF_R_POP_R_MH,A,2000,8.42,0,A,3
CH1.COU:DF_COU_HEALTH_FINANCING(1.0.0),Q_5,F_2_3,CHF_R_POP_R_MH,A,2001,9.014,0,A,3
CH1.COU:DF_COU_HEALTH_FINANCING(1.0.0),Q_5,F_2_3,CHF_R_POP_R_MH,A,2002,9.375,0,A,3
CH1.COU:DF_COU_HEALTH_FINANCING(1.0.0),Q_5,F_2_3,CHF_R_POP_R_MH,A,2003,9.715,0,A,3
CH1.COU:DF_COU_HEALTH_FINANCING(1.0.0),Q_5,F_2_3,CHF_R_POP_R_MH,A,2004,10.498,0,A,3
CH1.COU:DF_COU_HEALTH_FINANCING(1.0.0),Q_5,F_2_3,CHF_R_POP_R_MH,A,2005,10.888,0,A,3
CH1.COU:DF_COU_HEALTH_FINANCING(1.0.0),Q_5,F_2_3,CHF_R_POP_R_MH,A,2006,10.165,0,A,3
CH1.COU:DF_COU_HEALTH_FINANCING(1.0.0),Q_5,F_2_3,CHF_R_POP_R_MH,A,2007,9.737,0,A,3
CH1.COU:DF_COU_HEALTH_FINANCING(1.0.0),Q_5,F_2_3,CHF_R_POP_R_MH,A,2008,10.237,0,A,3
CH1.COU:DF_COU_HEALTH_FINANCING(1.0.0),Q_5,F_2_3,CHF_R_POP_R_MH,A,2009,11.556,0,A,3
CH1.COU:DF_COU_HEALTH_FINANCING(1.0.0),Q_5,F_2_3,CHF_R_POP_R_MH,A,2010,8.428,0,A,3
CH1.COU:DF_COU_HEALTH_FINANCING(1.0.0),Q_5,F_2_3,CHF_R_POP_R_MH,A,2011,7.46,0,A,3
CH1.COU:DF_COU_HEALTH_FINANCING(1.0.0),Q_5,F_2_3,CHF_R_POP_R_MH,A,2012,7.67,0,A,3
CH1.COU:DF_COU_HEALTH_FINANCING(1.0.0),Q_5,F_2_3,CHF_R_POP_R_MH,A,2013,7.828,0,A,3
CH1.COU:DF_COU_HEALTH_FINANCING(1.0.0),Q_5,F_2_3,CHF_R_POP_R_MH,A,2014,7.945,0,A,3
CH1.COU:DF_COU_HEALTH_FINANCING(1.0.0),Q_5,F_2_3,CHF_R_POP_R_MH,A,2015,8.159,0,A,3
CH1.COU:DF_COU_HEALTH_FINANCING(1.0.0),Q_5,F_2_3,CHF_R_POP_R_MH,A,2016,8.48,0,A,3
CH1.COU:DF_COU_HEALTH_FINANCING(1.0.0),Q_5,F_2_3,CHF_R_POP_R_MH,A,2017,8.729,0,A,3
CH1.COU:DF_COU_HEALTH_FINANCING(1.0.0),Q_5,F_2_3,CHF_R_POP_R_MH,A,2018,9.418,0,A,3
CH1.COU:DF_COU_HEALTH_FINANCING(1.0.0),Q_5,F_2_3,CHF_R_POP_R_MH,A,2019,10.901,0,A,3
CH1.COU:DF_COU_HEALTH_FINANCING(1.0.0),Q_5,F_2_3,CHF_R_POP_R_MH,A,2020,11.061,0,A,3
CH1.COU:DF_COU_HEALTH_FINANCING(1.0.0),Q_5,F_2_3,CHF_R_POP_R_MH,A,2021,11.051,0,A,3
CH1.COU:DF_COU_HEALTH_FINANCING(1.0.0),Q_5,F_2_3,CHF_R_POP_R_MH,A,2022,10.3,0,A,3
CH1.COU:DF_COU_HEALTH_FINANCING(1.0.0),Q_5,F_2_3,CHF_R_POP_R_MH,A,2023,11.051,0,A,3
CH1.COU:DF_COU_HEALTH_FINANCING(1.0.0),Q_5,F_2_3,CHF_R_POP_R_MH,A,2024,11.31,0,P,3
CH1.COU:DF_COU_HEALTH_FINANCING(1.0.0),Q_5,F_2_4,CHF_R_POP_R_MH,A,1995,13.379,0,A,3
CH1.COU:DF_COU_HEALTH_FINANCING(1.0.0),Q_5,F_2_4,CHF_R_POP_R_MH,A,1996,13.437,0,A,3
CH1.COU:DF_COU_HEALTH_FINANCING(1.0.0),Q_5,F_2_4,CHF_R_POP_R_MH,A,1997,13.635,0,A,3
CH1.COU:DF_COU_HEALTH_FINANCING(1.0.0),Q_5,F_2_4,CHF_R_POP_R_MH,A,1998,15.083,0,A,3
CH1.COU:DF_COU_HEALTH_FINANCING(1.0.0),Q_5,F_2_4,CHF_R_POP_R_MH,A,1999,15.999,0,A,3
CH1.COU:DF_COU_HEALTH_FINANCING(1.0.0),Q_5,F_2_4,CHF_R_POP_R_MH,A,2000,16.331,0,A,3
CH1.COU:DF_COU_HEALTH_FINANCING(1.0.0),Q_5,F_2_4,CHF_R_POP_R_MH,A,2001,16.811,0,A,3
CH1.COU:DF_COU_HEALTH_FINANCING(1.0.0),Q_5,F_2_4,CHF_R_POP_R_MH,A,2002,15.993,0,A,3
CH1.COU:DF_COU_HEALTH_FINANCING(1.0.0),Q_5,F_2_4,CHF_R_POP_R_MH,A,2003,16.897,0,A,3
CH1.COU:DF_COU_HEALTH_FINANCING(1.0.0),Q_5,F_2_4,CHF_R_POP_R_MH,A,2004,16.99,0,A,3
CH1.COU:DF_COU_HEALTH_FINANCING(1.0.0),Q_5,F_2_4,CHF_R_POP_R_MH,A,2005,18.124,0,A,3
CH1.COU:DF_COU_HEALTH_FINANCING(1.0.0),Q_5,F_2_4,CHF_R_POP_R_MH,A,2006,17.788,0,A,3
CH1.COU:DF_COU_HEALTH_FINANCING(1.0.0),Q_5,F_2_4,CHF_R_POP_R_MH,A,2007,18.174,0,A,3
CH1.COU:DF_COU_HEALTH_FINANCING(1.0.0),Q_5,F_2_4,CHF_R_POP_R_MH,A,2008,18.667,0,A,3
CH1.COU:DF_COU_HEALTH_FINANCING(1.0.0),Q_5,F_2_4,CHF_R_POP_R_MH,A,2009,19.431,0,A,3
CH1.COU:DF_COU_HEALTH_FINANCING(1.0.0),Q_5,F_2_4,CHF_R_POP_R_MH,A,2010,20.066,0,A,3
CH1.COU:DF_COU_HEALTH_FINANCING(1.0.0),Q_5,F_2_4,CHF_R_POP_R_MH,A,2011,20.209,0,A,3
CH1.COU:DF_COU_HEALTH_FINANCING(1.0.0),Q_5,F_2_4,CHF_R_POP_R_MH,A,2012,20.52,0,A,3
CH1.COU:DF_COU_HEALTH_FINANCING(1.0.0),Q_5,F_2_4,CHF_R_POP_R_MH,A,2013,22.601,0,A,3
CH1.COU:DF_COU_HEALTH_FINANCING(1.0.0),Q_5,F_2_4,CHF_R_POP_R_MH,A,2014,22.429,0,A,3
CH1.COU:DF_COU_HEALTH_FINANCING(1.0.0),Q_5,F_2_4,CHF_R_POP_R_MH,A,2015,22.621,0,A,3
CH1.COU:DF_COU_HEALTH_FINANCING(1.0.0),Q_5,F_2_4,CHF_R_POP_R_MH,A,2016,23.286,0,A,3
CH1.COU:DF_COU_HEALTH_FINANCING(1.0.0),Q_5,F_2_4,CHF_R_POP_R_MH,A,2017,22.471,0,A,3
CH1.COU:DF_COU_HEALTH_FINANCING(1.0.0),Q_5,F_2_4,CHF_R_POP_R_MH,A,2018,22.816,0,A,3
CH1.COU:DF_COU_HEALTH_FINANCING(1.0.0),Q_5,F_2_4,CHF_R_POP_R_MH,A,2019,23.232,0,A,3
CH1.COU:DF_COU_HEALTH_FINANCING(1.0.0),Q_5,F_2_4,CHF_R_POP_R_MH,A,2020,22.275,0,A,3
CH1.COU:DF_COU_HEALTH_FINANCING(1.0.0),Q_5,F_2_4,CHF_R_POP_R_MH,A,2021,22.05,0,A,3
CH1.COU:DF_COU_HEALTH_FINANCING(1.0.0),Q_5,F_2_4,CHF_R_POP_R_MH,A,2022,22.439,0,A,3
CH1.COU:DF_COU_HEALTH_FINANCING(1.0.0),Q_5,F_2_4,CHF_R_POP_R_MH,A,2023,23.809,0,A,3
CH1.COU:DF_COU_HEALTH_FINANCING(1.0.0),Q_5,F_2_4,CHF_R_POP_R_MH,A,2024,23.186,0,P,3
CH1.COU:DF_COU_HEALTH_FINANCING(1.0.0),_T,F_2_5,CHF,A,1995,40.692,6,A,3
CH1.COU:DF_COU_HEALTH_FINANCING(1.0.0),_T,F_2_5,CHF,A,1996,37.184,6,A,3
CH1.COU:DF_COU_HEALTH_FINANCING(1.0.0),_T,F_2_5,CHF,A,1997,37.895,6,A,3
CH1.COU:DF_COU_HEALTH_FINANCING(1.0.0),_T,F_2_5,CHF,A,1998,36.062,6,A,3
CH1.COU:DF_COU_HEALTH_FINANCING(1.0.0),_T,F_2_5,CHF,A,1999,41.863,6,A,3
CH1.COU:DF_COU_HEALTH_FINANCING(1.0.0),_T,F_2_5,CHF,A,2000,43.798,6,A,3
CH1.COU:DF_COU_HEALTH_FINANCING(1.0.0),_T,F_2_5,CHF,A,2001,46.021,6,A,3
CH1.COU:DF_COU_HEALTH_FINANCING(1.0.0),_T,F_2_5,CHF,A,2002,47.753,6,A,3
CH1.COU:DF_COU_HEALTH_FINANCING(1.0.0),_T,F_2_5,CHF,A,2003,49.28,6,A,3
CH1.COU:DF_COU_HEALTH_FINANCING(1.0.0),_T,F_2_5,CHF,A,2004,49.046,6,A,3
CH1.COU:DF_COU_HEALTH_FINANCING(1.0.0),_T,F_2_5,CHF,A,2005,49.86,6,A,3
CH1.COU:DF_COU_HEALTH_FINANCING(1.0.0),_T,F_2_5,CHF,A,2006,48.735,6,A,3
CH1.COU:DF_COU_HEALTH_FINANCING(1.0.0),_T,F_2_5,CHF,A,2007,51.087,6,A,3
CH1.COU:DF_COU_HEALTH_FINANCING(1.0.0),_T,F_2_5,CHF,A,2008,52.88,6,A,3
CH1.COU:DF_COU_HEALTH_FINANCING(1.0.0),_T,F_2_5,CHF,A,2009,54.402,6,A,3
CH1.COU:DF_COU_HEALTH_FINANCING(1.0.0),_T,F_2_5,CHF,A,2010,76.014,6,A,3
CH1.COU:DF_COU_HEALTH_FINANCING(1.0.0),_T,F_2_5,CHF,A,2011,76.414,6,A,3
CH1.COU:DF_COU_HEALTH_FINANCING(1.0.0),_T,F_2_5,CHF,A,2012,80.38,6,A,3
CH1.COU:DF_COU_HEALTH_FINANCING(1.0.0),_T,F_2_5,CHF,A,2013,85.461,6,A,3
CH1.COU:DF_COU_HEALTH_FINANCING(1.0.0),_T,F_2_5,CHF,A,2014,85.57,6,A,3
CH1.COU:DF_COU_HEALTH_FINANCING(1.0.0),_T,F_2_5,CHF,A,2015,90.607,6,A,3
CH1.COU:DF_COU_HEALTH_FINANCING(1.0.0),_T,F_2_5,CHF,A,2016,90.911,6,A,3
CH1.COU:DF_COU_HEALTH_FINANCING(1.0.0),_T,F_2_5,CHF,A,2017,91.088,6,A,3
CH1.COU:DF_COU_HEALTH_FINANCING(1.0.0),_T,F_2_5,CHF,A,2018,85.702,6,A,3
CH1.COU:DF_COU_HEALTH_FINANCING(1.0.0),_T,F_2_5,CHF,A,2019,92.129,6,A,3
CH1.COU:DF_COU_HEALTH_FINANCING(1.0.0),_T,F_2_5,CHF,A,2020,90.028,6,A,3
CH1.COU:DF_COU_HEALTH_FINANCING(1.0.0),_T,F_2_5,CHF,A,2021,91.235,6,A,3
CH1.COU:DF_COU_HEALTH_FINANCING(1.0.0),_T,F_2_5,CHF,A,2022,89.775,6,A,3
CH1.COU:DF_COU_HEALTH_FINANCING(1.0.0),_T,F_2_5,CHF,A,2023,95.125,6,A,3
CH1.COU:DF_COU_HEALTH_FINANCING(1.0.0),_T,F_2_5,CHF,A,2024,97.092,6,P,3
CH1.COU:DF_COU_HEALTH_FINANCING(1.0.0),_T,F_5,CHF_R_POP_R_MH,A,1995,8.21,0,A,3
CH1.COU:DF_COU_HEALTH_FINANCING(1.0.0),_T,F_5,CHF_R_POP_R_MH,A,1996,6.277,0,A,3
CH1.COU:DF_COU_HEALTH_FINANCING(1.0.0),_T,F_5,CHF_R_POP_R_MH,A,1997,7.815,0,A,3
CH1.COU:DF_COU_HEALTH_FINANCING(1.0.0),_T,F_5,CHF_R_POP_R_MH,A,1998,8.309,0,A,3
CH1.COU:DF_COU_HEALTH_FINANCING(1.0.0),_T,F_5,CHF_R_POP_R_MH,A,1999,9.789,0,A,3
CH1.COU:DF_COU_HEALTH_FINANCING(1.0.0),_T,F_5,CHF_R_POP_R_MH,A,2000,9.414,0,A,3
CH1.COU:DF_COU_HEALTH_FINANCING(1.0.0),_T,F_5,CHF_R_POP_R_MH,A,2001,9.498,0,A,3
CH1.COU:DF_COU_HEALTH_FINANCING(1.0.0),_T,F_5,CHF_R_POP_R_MH,A,2002,9.299,0,A,3
CH1.COU:DF_COU_HEALTH_FINANCING(1.0.0),_T,F_5,CHF_R_POP_R_MH,A,2003,8.445,0,A,3
CH1.COU:DF_COU_HEALTH_FINANCING(1.0.0),_T,F_5,CHF_R_POP_R_MH,A,2004,9.203,0,A,3
CH1.COU:DF_COU_HEALTH_FINANCING(1.0.0),_T,F_5,CHF_R_POP_R_MH,A,2005,3.555,0,A,3
CH1.COU:DF_COU_HEALTH_FINANCING(1.0.0),_T,F_5,CHF_R_POP_R_MH,A,2006,5.545,0,A,3
CH1.COU:DF_COU_HEALTH_FINANCING(1.0.0),_T,F_5,CHF_R_POP_R_MH,A,2007,4.632,0,A,3
CH1.COU:DF_COU_HEALTH_FINANCING(1.0.0),_T,F_5,CHF_R_POP_R_MH,A,2008,4.195,0,A,3
CH1.COU:DF_COU_HEALTH_FINANCING(1.0.0),_T,F_5,CHF_R_POP_R_MH,A,2009,4.494,0,A,3
CH1.COU:DF_COU_HEALTH_FINANCING(1.0.0),_T,F_5,CHF_R_POP_R_MH,A,2010,4.074,0,A,3
CH1.COU:DF_COU_HEALTH_FINANCING(1.0.0),_T,F_5,CHF_R_POP_R_MH,A,2011,6.256,0,A,3
CH1.COU:DF_COU_HEALTH_FINANCING(1.0.0),_T,F_5,CHF_R_POP_R_MH,A,2012,8.728,0,A,3
CH1.COU:DF_COU_HEALTH_FINANCING(1.0.0),_T,F_5,CHF_R_POP_R_MH,A,2013,7.427,0,A,3
CH1.COU:DF_COU_HEALTH_FINANCING(1.0.0),_T,F_5,CHF_R_POP_R_MH,A,2014,11.056,0,A,3
CH1.COU:DF_COU_HEALTH_FINANCING(1.0.0),_T,F_5,CHF_R_POP_R_MH,A,2015,9.904,0,A,3
CH1.COU:DF_COU_HEALTH_FINANCING(1.0.0),_T,F_5,CHF_R_POP_R_MH,A,2016,12.571,0,A,3
CH1.COU:DF_COU_HEALTH_FINANCING(1.0.0),_T,F_5,CHF_R_POP_R_MH,A,2017,11.211,0,A,3
CH1.COU:DF_COU_HEALTH_FINANCING(1.0.0),_T,F_5,CHF_R_POP_R_MH,A,2018,15.984,0,A,3
CH1.COU:DF_COU_HEALTH_FINANCING(1.0.0),_T,F_5,CHF_R_POP_R_MH,A,2019,11.273,0,A,3
CH1.COU:DF_COU_HEALTH_FINANCING(1.0.0),_T,F_5,CHF_R_POP_R_MH,A,2020,7.466,0,A,3
CH1.COU:DF_COU_HEALTH_FINANCING(1.0.0),_T,F_5,CHF_R_POP_R_MH,A,2021,15.292,0,A,3
CH1.COU:DF_COU_HEALTH_FINANCING(1.0.0),_T,F_5,CHF_R_POP_R_MH,A,2022,12.975,0,A,3
CH1.COU:DF_COU_HEALTH_FINANCING(1.0.0),_T,F_5,CHF_R_POP_R_MH,A,2023,12.464,0,A,3
CH1.COU:DF_COU_HEALTH_FINANCING(1.0.0),_T,F_5,CHF_R_POP_R_MH,A,2024,14.665,0,P,3
CH1.COU:DF_COU_HEALTH_FINANCING(1.0.0),Q_1,F_2_6,CHF_R_POP_R_MH,A,1995,1.79,0,A,3
CH1.COU:DF_COU_HEALTH_FINANCING(1.0.0),Q_1,F_2_6,CHF_R_POP_R_MH,A,1996,1.67,0,A,3
CH1.COU:DF_COU_HEALTH_FINANCING(1.0.0),Q_1,F_2_6,CHF_R_POP_R_MH,A,1997,1.586,0,A,3
CH1.COU:DF_COU_HEALTH_FINANCING(1.0.0),Q_1,F_2_6,CHF_R_POP_R_MH,A,1998,1.761,0,A,3
CH1.COU:DF_COU_HEALTH_FINANCING(1.0.0),Q_1,F_2_6,CHF_R_POP_R_MH,A,1999,1.837,0,A,3
CH1.COU:DF_COU_HEALTH_FINANCING(1.0.0),Q_1,F_2_6,CHF_R_POP_R_MH,A,2000,2.088,0,A,3
CH1.COU:DF_COU_HEALTH_FINANCING(1.0.0),Q_1,F_2_6,CHF_R_POP_R_MH,A,2001,2.06,0,A,3
CH1.COU:DF_COU_HEALTH_FINANCING(1.0.0),Q_1,F_2_6,CHF_R_POP_R_MH,A,2002,2.234,0,A,3
CH1.COU:DF_COU_HEALTH_FINANCING(1.0.0),Q_1,F_2_6,CHF_R_POP_R_MH,A,2003,2.419,0,A,3
CH1.COU:DF_COU_HEALTH_FINANCING(1.0.0),Q_1,F_2_6,CHF_R_POP_R_MH,A,2004,2.701,0,A,3
CH1.COU:DF_COU_HEALTH_FINANCING(1.0.0),Q_1,F_2_6,CHF_R_POP_R_MH,A,2005,2.848,0,A,3
CH1.COU:DF_COU_HEALTH_FINANCING(1.0.0),Q_1,F_2_6,CHF_R_POP_R_MH,A,2006,3.009,0,A,3
CH1.COU:DF_COU_HEALTH_FINANCING(1.0.0),Q_1,F_2_6,CHF_R_POP_R_MH,A,2007,3.115,0,A,3
CH1.COU:DF_COU_HEALTH_FINANCING(1.0.0),Q_1,F_2_6,CHF_R_POP_R_MH,A,2008,1.458,0,A,3
CH1.COU:DF_COU_HEALTH_FINANCING(1.0.0),Q_1,F_2_6,CHF_R_POP_R_MH,A,2009,1.575,0,A,3
CH1.COU:DF_COU_HEALTH_FINANCING(1.0.0),Q_1,F_2_6,CHF_R_POP_R_MH,A,2010,1.563,0,A,3
CH1.COU:DF_COU_HEALTH_FINANCING(1.0.0),Q_1,F_2_6,CHF_R_POP_R_MH,A,2011,1.619,0,A,3
CH1.COU:DF_COU_HEALTH_FINANCING(1.0.0),Q_1,F_2_6,CHF_R_POP_R_MH,A,2012,1.582,0,A,3
CH1.COU:DF_COU_HEALTH_FINANCING(1.0.0),Q_1,F_2_6,CHF_R_POP_R_MH,A,2013,1.57,0,A,3
CH1.COU:DF_COU_HEALTH_FINANCING(1.0.0),Q_1,F_2_6,CHF_R_POP_R_MH,A,2014,1.564,0,A,3
CH1.COU:DF_COU_HEALTH_FINANCING(1.0.0),Q_1,F_2_6,CHF_R_POP_R_MH,A,2015,1.517,0,A,3
CH1.COU:DF_COU_HEALTH_FINANCING(1.0.0),Q_1,F_2_6,CHF_R_POP_R_MH,A,2016,1.492,0,A,3
CH1.COU:DF_COU_HEALTH_FINANCING(1.0.0),Q_1,F_2_6,CHF_R_POP_R_MH,A,2017,1.485,0,A,3
CH1.COU:DF_COU_HEALTH_FINANCING(1.0.0),Q_1,F_2_6,CHF_R_POP_R_MH,A,2018,1.465,0,A,3
CH1.COU:DF_COU_HEALTH_FINANCING(1.0.0),Q_1,F_2_6,CHF_R_POP_R_MH,A,2019,1.492,0,A,3
CH1.COU:DF_COU_HEALTH_FINANCING(1.0.0),Q_1,F_2_6,CHF_R_POP_R_MH,A,2020,1.449,0,A,3
CH1.COU:DF_COU_HEALTH_FINANCING(1.0.0),Q_1,F_2_6,CHF_R_POP_R_MH,A,2021,1.356,0,A,3
CH1.COU:DF_COU_HEALTH_FINANCING(1.0.0),Q_1,F_2_6,CHF_R_POP_R_MH,A,2022,1.33,0,A,3
CH1.COU:DF_COU_HEALTH_FINANCING(1.0.0),Q_1,F_2_6,CHF_R_POP_R_MH,A,2023,1.335,0,A,3
CH1.COU:DF_COU_HEALTH_FINANCING(1.0.0),Q_1,F_2_6,CHF_R_POP_R_MH,A,2024,1.306,0,P,3
CH1.COU:DF_COU_HEALTH_FINANCING(1.0.0),Q_1,_T,CHF_R_POP_R_MH,A,1995,39.848,0,A,3
CH1.COU:DF_COU_HEALTH_FINANCING(1.0.0),Q_1,_T,CHF_R_POP_R_MH,A,1996,35.045,0,A,3
CH1.COU:DF_COU_HEALTH_FINANCING(1.0.0),Q_1,_T,CHF_R_POP_R_MH,A,1997,37.321,0,A,3
CH1.COU:DF_COU_HEALTH_FINANCING(1.0.0),Q_1,_T,CHF_R_POP_R_MH,A,1998,38.601,0,A,3
CH1.COU:DF_COU_HEALTH_FINANCING(1.0.0),Q_1,_T,CHF_R_POP_R_MH,A,1999,40.311,0,A,3
CH1.COU:DF_COU_HEALTH_FINANCING(1.0.0),Q_1,_T,CHF_R_POP_R_MH,A,2000,41.843,0,A,3
CH1.COU:DF_COU_HEALTH_FINANCING(1.0.0),Q_1,_T,CHF_R_POP_R_MH,A,2001,43.887,0,A,3
CH1.COU:DF_COU_HEALTH_FINANCING(1.0.0),Q_1,_T,CHF_R_POP_R_MH,A,2002,46.686,0,A,3
CH1.COU:DF_COU_HEALTH_FINANCING(1.0.0),Q_1,_T,CHF_R_POP_R_MH,A,2003,47.303,0,A,3
CH1.COU:DF_COU_HEALTH_FINANCING(1.0.0),Q_1,_T,CHF_R_POP_R_MH,A,2004,50.629,0,A,3
CH1.COU:DF_COU_HEALTH_FINANCING(1.0.0),Q_1,_T,CHF_R_POP_R_MH,A,2005,52.475,0,A,3
CH1.COU:DF_COU_HEALTH_FINANCING(1.0.0),Q_1,_T,CHF_R_POP_R_MH,A,2006,52.843,0,A,3
CH1.COU:DF_COU_HEALTH_FINANCING(1.0.0),Q_1,_T,CHF_R_POP_R_MH,A,2007,56.503,0,A,3
CH1.COU:DF_COU_HEALTH_FINANCING(1.0.0),Q_1,_T,CHF_R_POP_R_MH,A,2008,42.985,0,A,3
CH1.COU:DF_COU_HEALTH_FINANCING(1.0.0),Q_1,_T,CHF_R_POP_R_MH,A,2009,39.315,0,A,3
CH1.COU:DF_COU_HEALTH_FINANCING(1.0.0),Q_1,_T,CHF_R_POP_R_MH,A,2010,40.11,0,A,3
CH1.COU:DF_COU_HEALTH_FINANCING(1.0.0),Q_1,_T,CHF_R_POP_R_MH,A,2011,42.312,0,A,3
CH1.COU:DF_COU_HEALTH_FINANCING(1.0.0),Q_1,_T,CHF_R_POP_R_MH,A,2012,42.154,0,A,3
CH1.COU:DF_COU_HEALTH_FINANCING(1.0.0),Q_1,_T,CHF_R_POP_R_MH,A,2013,42.398,0,A,3
CH1.COU:DF_COU_HEALTH_FINANCING(1.0.0),Q_1,_T,CHF_R_POP_R_MH,A,2014,42.371,0,A,3
CH1.COU:DF_COU_HEALTH_FINANCING(1.0.0),Q_1,_T,CHF_R_POP_R_MH,A,2015,43.577,0,A,3
CH1.COU:DF_COU_HEALTH_FINANCING(1.0.0),Q_1,_T,CHF_R_POP_R_MH,A,2016,44.493,0,A,3
CH1.COU:DF_COU_HEALTH_FINANCING(1.0.0),Q_1,_T,CHF_R_POP_R_MH,A,2017,46.017,0,A,3
CH1.COU:DF_COU_HEALTH_FINANCING(1.0.0),Q_1,_T,CHF_R_POP_R_MH,A,2018,45.716,0,A,3
CH1.COU:DF_COU_HEALTH_FINANCING(1.0.0),Q_1,_T,CHF_R_POP_R_MH,A,2019,46.298,0,A,3
CH1.COU:DF_COU_HEALTH_FINANCING(1.0.0),Q_1,_T,CHF_R_POP_R_MH,A,2020,54.653,0,A,3
CH1.COU:DF_COU_HEALTH_FINANCING(1.0.0),Q_1,_T,CHF_R_POP_R_MH,A,2021,65.103,0,A,3
CH1.COU:DF_COU_HEALTH_FINANCING(1.0.0),Q_1,_T,CHF_R_POP_R_MH,A,2022,64.36,0,A,3
CH1.COU:DF_COU_HEALTH_FINANCING(1.0.0),Q_1,_T,CHF_R_POP_R_MH,A,2023,49.712,0,A,3
CH1.COU:DF_COU_HEALTH_FINANCING(1.0.0),Q_1,_T,CHF_R_POP_R_MH,A,2024,50.611,0,P,3
CH1.COU:DF_COU_HEALTH_FINANCING(1.0.0),Q_2,F_1,CHF_R_POP_R_MH,A,1995,52.881,0,A,3
CH1.COU:DF_COU_HEALTH_FINANCING(1.0.0),Q_2,F_1,CHF_R_POP_R_MH,A,1996,55.135,0,A,3
CH1.COU:DF_COU_HEALTH_FINANCING(1.0.0),Q_2,F_1,CHF_R_POP_R_MH,A,1997,54.203,0,A,3
CH1.COU:DF_COU_HEALTH_FINANCING(1.0.0),Q_2,F_1,CHF_R_POP_R_MH,A,1998,53.933,0,A,3
CH1.COU:DF_COU_HEALTH_FINANCING(1.0.0),Q_2,F_1,CHF_R_POP_R_MH,A,1999,56.696,0,A,3
CH1.COU:DF_COU_HEALTH_FINANCING(1.0.0),Q_2,F_1,CHF_R_POP_R_MH,A,2000,58.019,0,A,3
CH1.COU:DF_COU_HEALTH_FINANCING(1.0.0),Q_2,F_1,CHF_R_POP_R_MH,A,2001,68.291,0,A,3
CH1.COU:DF_COU_HEALTH_FINANCING(1.0.0),Q_2,F_1,CHF_R_POP_R_MH,A,2002,76.293,0,A,3
CH1.COU:DF_COU_HEALTH_FINANCING(1.0.0),Q_2,F_1,CHF_R_POP_R_MH,A,2003,80.513,0,A,3
CH1.COU:DF_COU_HEALTH_FINANCING(1.0.0),Q_2,F_1,CHF_R_POP_R_MH,A,2004,78.487,0,A,3
CH1.COU:DF_COU_HEALTH_FINANCING(1.0.0),Q_2,F_1,CHF_R_POP_R_MH,A,2005,80.94,0,A,3
CH1.COU:DF_COU_HEALTH_FINANCING(1.0.0),Q_2,F_1,CHF_R_POP_R_MH,A,2006,81.819,0,A,3
CH1.COU:DF_COU_HEALTH_FINANCING(1.0.0),Q_2,F_1,CHF_R_POP_R_MH,A,2007,83.87,0,A,3
CH1.COU:DF_COU_HEALTH_FINANCING(1.0.0),Q_2,F_1,CHF_R_POP_R_MH,A,2008,97.305,0,A,3
CH1.COU:DF_COU_HEALTH_FINANCING(1.0.0),Q_2,F_1,CHF_R_POP_R_MH,A,2009,104.535,0,A,3
CH1.COU:DF_COU_HEALTH_FINANCING(1.0.0),Q_2,F_1,CHF_R_POP_R_MH,A,2010,110.215,0,A,3
CH1.COU:DF_COU_HEALTH_FINANCING(1.0.0),Q_2,F_1,CHF_R_POP_R_MH,A,2011,114.266,0,A,3
CH1.COU:DF_COU_HEALTH_FINANCING(1.0.0),Q_2,F_1,CHF_R_POP_R_MH,A,2012,126.322,0,A,3
CH1.COU:DF_COU_HEALTH_FINANCING(1.0.0),Q_2,F_1,CHF_R_POP_R_MH,A,2013,124.756,0,A,3
CH1.COU:DF_COU_HEALTH_FINANCING(1.0.0),Q_2,F_1,CHF_R_POP_R_MH,A,2014,128.061,0,A,3
CH1.COU:DF_COU_HEALTH_FINANCING(1.0.0),Q_2,F_1,CHF_R_POP_R_MH,A,2015,128.281,0,A,3
CH1.COU:DF_COU_HEALTH_FINANCING(1.0.0),Q_2,F_1,CHF_R_POP_R_MH,A,2016,131.926,0,A,3
CH1.COU:DF_COU_HEALTH_FINANCING(1.0.0),Q_2,F_1,CHF_R_POP_R_MH,A,2017,135.392,0,A,3
CH1.COU:DF_COU_HEALTH_FINANCING(1.0.0),Q_2,F_1,CHF_R_POP_R_MH,A,2018,134.316,0,A,3
CH1.COU:DF_COU_HEALTH_FINANCING(1.0.0),Q_2,F_1,CHF_R_POP_R_MH,A,2019,134.571,0,A,3
CH1.COU:DF_COU_HEALTH_FINANCING(1.0.0),Q_2,F_1,CHF_R_POP_R_MH,A,2020,145.472,0,A,3
CH1.COU:DF_COU_HEALTH_FINANCING(1.0.0),Q_2,F_1,CHF_R_POP_R_MH,A,2021,146.366,0,A,3
CH1.COU:DF_COU_HEALTH_FINANCING(1.0.0),Q_2,F_1,CHF_R_POP_R_MH,A,2022,147.657,0,A,3
CH1.COU:DF_COU_HEALTH_FINANCING(1.0.0),Q_2,F_1,CHF_R_POP_R_MH,A,2023,144.681,0,A,3
CH1.COU:DF_COU_HEALTH_FINANCING(1.0.0),Q_2,F_1,CHF_R_POP_R_MH,A,2024,151.276,0,P,3
CH1.COU:DF_COU_HEALTH_FINANCING(1.0.0),Q_2,_T,CHF,A,1995,5534.143,6,A,3
CH1.COU:DF_COU_HEALTH_FINANCING(1.0.0),Q_2,_T,CHF,A,1996,5895.207,6,A,3
CH1.COU:DF_COU_HEALTH_FINANCING(1.0.0),Q_2,_T,CHF,A,1997,5946.502,6,A,3
CH1.COU:DF_COU_HEALTH_FINANCING(1.0.0),Q_2,_T,CHF,A,1998,6054.73,6,A,3
CH1.COU:DF_COU_HEALTH_FINANCING(1.0.0),Q_2,_T,CHF,A,1999,6446.395,6,A,3
CH1.COU:DF_COU_HEALTH_FINANCING(1.0.0),Q_2,_T,CHF,A,2000,6585.937,6,A,3
CH1.COU:DF_COU_HEALTH_FINANCING(1.0.0),Q_2,_T,CHF,A,2001,7582.256,6,A,3
CH1.COU:DF_COU_HEALTH_FINANCING(1.0.0),Q_2,_T,CHF,A,2002,8461.416,6,A,3
CH1.COU:DF_COU_HEALTH_FINANCING(1.0.0),Q_2,_T,CHF,A,2003,8943.256,6,A,3
CH1.COU:DF_COU_HEALTH_FINANCING(1.0.0),Q_2,_T,CHF,A,2004,8864.116,6,A,3
CH1.COU:DF_COU_HEALTH_FINANCING(1.0.0),Q_2,_T,CHF,A,2005,9169.314,6,A,3
CH1.COU:DF_COU_HEALTH_FINANCING(1.0.0),Q_2,_T,CHF,A,2006,9336.123,6,A,3
CH1.COU:DF_COU_HEALTH_FINANCING(1.0.0),Q_2,_T,CHF,A,2007,9721.03,6,A,3
CH1.COU:DF_COU_HEALTH_FINANCING(1.0.0),Q_2,_T,CHF,A,2008,11893.802,6,A,3
CH1.COU:DF_COU_HEALTH_FINANCING(1.0.0),Q_2,_T,CHF,A,2009,12883.607,6,A,3
CH1.COU:DF_COU_HEALTH_FINANCING(1.0.0),Q_2,_T,CHF,A,2010,14303.846,6,A,3
CH1.COU:DF_COU_HEALTH_FINANCING(1.0.0),Q_2,_T,CHF,A,2011,14832.552,6,A,3
CH1.COU:DF_COU_HEALTH_FINANCING(1.0.0),Q_2,_T,CHF,A,2012,16039.353,6,A,3
CH1.COU:DF_COU_HEALTH_FINANCING(1.0.0),Q_2,_T,CHF,A,2013,16064.961,6,A,3
CH1.COU:DF_COU_HEALTH_FINANCING(1.0.0),Q_2,_T,CHF,A,2014,16526.367,6,A,3
CH1.COU:DF_COU_HEALTH_FINANCING(1.0.0),Q_2,_T,CHF,A,2015,16735.121,6,A,3
CH1.COU:DF_COU_HEALTH_FINANCING(1.0.0),Q_2,_T,CHF,A,2016,17368.678,6,A,3
CH1.COU:DF_COU_HEALTH_FINANCING(1.0.0),Q_2,_T,CHF,A,2017,17869.318,6,A,3
CH1.COU:DF_COU_HEALTH_FINANCING(1.0.0),Q_2,_T,CHF,A,2018,17995.111,6,A,3
CH1.COU:DF_COU_HEALTH_FINANCING(1.0.0),Q_2,_T,CHF,A,2019,18338.857,6,A,3
CH1.COU:DF_COU_HEALTH_FINANCING(1.0.0),Q_2,_T,CHF,A,2020,20070.143,6,A,3
CH1.COU:DF_COU_HEALTH_FINANCING(1.0.0),Q_2,_T,CHF,A,2021,20149.908,6,A,3
CH1.COU:DF_COU_HEALTH_FINANCING(1.0.0),Q_2,_T,CHF,A,2022,20307.418,6,A,3
CH1.COU:DF_COU_HEALTH_FINANCING(1.0.0),Q_2,_T,CHF,A,2023,20671.13,6,A,3
CH1.COU:DF_COU_HEALTH_FINANCING(1.0.0),Q_2,_T,CHF,A,2024,22067.596,6,P,3
CH1.COU:DF_COU_HEALTH_FINANCING(1.0.0),Q_2,_T,CHF_R_POP_R_MH,A,1995,65.502,0,A,3
CH1.COU:DF_COU_HEALTH_FINANCING(1.0.0),Q_2,_T,CHF_R_POP_R_MH,A,1996,69.468,0,A,3
CH1.COU:DF_COU_HEALTH_FINANCING(1.0.0),Q_2,_T,CHF_R_POP_R_MH,A,1997,69.904,0,A,3
CH1.COU:DF_COU_HEALTH_FINANCING(1.0.0),Q_2,_T,CHF_R_POP_R_MH,A,1998,70.965,0,A,3
CH1.COU:DF_COU_HEALTH_FINANCING(1.0.0),Q_2,_T,CHF_R_POP_R_MH,A,1999,75.196,0,A,3
CH1.COU:DF_COU_HEALTH_FINANCING(1.0.0),Q_2,_T,CHF_R_POP_R_MH,A,2000,76.393,0,A,3
CH1.COU:DF_COU_HEALTH_FINANCING(1.0.0),Q_2,_T,CHF_R_POP_R_MH,A,2001,87.434,0,A,3
CH1.COU:DF_COU_HEALTH_FINANCING(1.0.0),Q_2,_T,CHF_R_POP_R_MH,A,2002,96.794,0,A,3
CH1.COU:DF_COU_HEALTH_FINANCING(1.0.0),Q_2,_T,CHF_R_POP_R_MH,A,2003,101.549,0,A,3
CH1.COU:DF_COU_HEALTH_FINANCING(1.0.0),Q_2,_T,CHF_R_POP_R_MH,A,2004,99.961,0,A,3
CH1.COU:DF_COU_HEALTH_FINANCING(1.0.0),Q_2,_T,CHF_R_POP_R_MH,A,2005,102.743,0,A,3
CH1.COU:DF_COU_HEALTH_FINANCING(1.0.0),Q_2,_T,CHF_R_POP_R_MH,A,2006,103.957,0,A,3
CH1.COU:DF_COU_HEALTH_FINANCING(1.0.0),Q_2,_T,CHF_R_POP_R_MH,A,2007,107.28,0,A,3
CH1.COU:DF_COU_HEALTH_FINANCING(1.0.0),Q_2,_T,CHF_R_POP_R_MH,A,2008,129.601,0,A,3
CH1.COU:DF_COU_HEALTH_FINANCING(1.0.0),Q_2,_T,CHF_R_POP_R_MH,A,2009,138.644,0,A,3
CH1.COU:DF_COU_HEALTH_FINANCING(1.0.0),Q_2,_T,CHF_R_POP_R_MH,A,2010,152.332,0,A,3
CH1.COU:DF_COU_HEALTH_FINANCING(1.0.0),Q_2,_T,CHF_R_POP_R_MH,A,2011,156.216,0,A,3
CH1.COU:DF_COU_HEALTH_FINANCING(1.0.0),Q_2,_T,CHF_R_POP_R_MH,A,2012,167.142,0,A,3
CH1.COU:DF_COU_HEALTH_FINANCING(1.0.0),Q_2,_T,CHF_R_POP_R_MH,A,2013,165.495,0,A,3
CH1.COU:DF_COU_HEALTH_FINANCING(1.0.0),Q_2,_T,CHF_R_POP_R_MH,A,2014,168.184,0,A,3
CH1.COU:DF_COU_HEALTH_FINANCING(1.0.0),Q_2,_T,CHF_R_POP_R_MH,A,2015,168.38,0,A,3
CH1.COU:DF_COU_HEALTH_FINANCING(1.0.0),Q_2,_T,CHF_R_POP_R_MH,A,2016,172.857,0,A,3
CH1.COU:DF_COU_HEALTH_FINANCING(1.0.0),Q_2,_T,CHF_R_POP_R_MH,A,2017,176.188,0,A,3
CH1.COU:DF_COU_HEALTH_FINANCING(1.0.0),Q_2,_T,CHF_R_POP_R_MH,A,2018,176.126,0,A,3
CH1.COU:DF_COU_HEALTH_FINANCING(1.0.0),Q_2,_T,CHF_R_POP_R_MH,A,2019,178.214,0,A,3
CH1.COU:DF_COU_HEALTH_FINANCING(1.0.0),Q_2,_T,CHF_R_POP_R_MH,A,2020,193.619,0,A,3
CH1.COU:DF_COU_HEALTH_FINANCING(1.0.0),Q_2,_T,CHF_R_POP_R_MH,A,2021,192.906,0,A,3
CH1.COU:DF_COU_HEALTH_FINANCING(1.0.0),Q_2,_T,CHF_R_POP_R_MH,A,2022,192.807,0,A,3
CH1.COU:DF_COU_HEALTH_FINANCING(1.0.0),Q_2,_T,CHF_R_POP_R_MH,A,2023,193.793,0,A,3
CH1.COU:DF_COU_HEALTH_FINANCING(1.0.0),Q_2,_T,CHF_R_POP_R_MH,A,2024,204.179,0,P,3
CH1.COU:DF_COU_HEALTH_FINANCING(1.0.0),Q_3,F_1,CHF_R_POP_R_MH,A,1995,8.13,0,A,3
CH1.COU:DF_COU_HEALTH_FINANCING(1.0.0),Q_3,F_1,CHF_R_POP_R_MH,A,1996,8.491,0,A,3
CH1.COU:DF_COU_HEALTH_FINANCING(1.0.0),Q_3,F_1,CHF_R_POP_R_MH,A,1997,8.668,0,A,3
CH1.COU:DF_COU_HEALTH_FINANCING(1.0.0),Q_3,F_1,CHF_R_POP_R_MH,A,1998,9.269,0,A,3
CH1.COU:DF_COU_HEALTH_FINANCING(1.0.0),Q_3,F_1,CHF_R_POP_R_MH,A,1999,9.298,0,A,3
CH1.COU:DF_COU_HEALTH_FINANCING(1.0.0),Q_3,F_1,CHF_R_POP_R_MH,A,2000,9.437,0,A,3
CH1.COU:DF_COU_HEALTH_FINANCING(1.0.0),Q_3,F_1,CHF_R_POP_R_MH,A,2001,11.028,0,A,3
CH1.COU:DF_COU_HEALTH_FINANCING(1.0.0),Q_3,F_1,CHF_R_POP_R_MH,A,2002,11.071,0,A,3
CH1.COU:DF_COU_HEALTH_FINANCING(1.0.0),Q_3,F_1,CHF_R_POP_R_MH,A,2003,10.524,0,A,3
CH1.COU:DF_COU_HEALTH_FINANCING(1.0.0),Q_3,F_1,CHF_R_POP_R_MH,A,2004,10.527,0,A,3
CH1.COU:DF_COU_HEALTH_FINANCING(1.0.0),Q_3,F_1,CHF_R_POP_R_MH,A,2005,8.955,0,A,3
CH1.COU:DF_COU_HEALTH_FINANCING(1.0.0),Q_3,F_1,CHF_R_POP_R_MH,A,2006,6.726,0,A,3
CH1.COU:DF_COU_HEALTH_FINANCING(1.0.0),Q_3,F_1,CHF_R_POP_R_MH,A,2007,7.547,0,A,3
CH1.COU:DF_COU_HEALTH_FINANCING(1.0.0),Q_3,F_1,CHF_R_POP_R_MH,A,2008,11.496,0,A,3
CH1.COU:DF_COU_HEALTH_FINANCING(1.0.0),Q_3,F_1,CHF_R_POP_R_MH,A,2009,11.933,0,A,3
CH1.COU:DF_COU_HEALTH_FINANCING(1.0.0),Q_3,F_1,CHF_R_POP_R_MH,A,2010,16.874,0,A,3
CH1.COU:DF_COU_HEALTH_FINANCING(1.0.0),Q_3,F_1,CHF_R_POP_R_MH,A,2011,19.526,0,A,3
CH1.COU:DF_COU_HEALTH_FINANCING(1.0.0),Q_3,F_1,CHF_R_POP_R_MH,A,2012,20.306,0,A,3
CH1.COU:DF_COU_HEALTH_FINANCING(1.0.0),Q_3,F_1,CHF_R_POP_R_MH,A,2013,21.485,0,A,3
CH1.COU:DF_COU_HEALTH_FINANCING(1.0.0),Q_3,F_1,CHF_R_POP_R_MH,A,2014,19.951,0,A,3
CH1.COU:DF_COU_HEALTH_FINANCING(1.0.0),Q_3,F_1,CHF_R_POP_R_MH,A,2015,21.695,0,A,3
CH1.COU:DF_COU_HEALTH_FINANCING(1.0.0),Q_3,F_1,CHF_R_POP_R_MH,A,2016,22.17,0,A,3
CH1.COU:DF_COU_HEALTH_FINANCING(1.0.0),Q_3,F_1,CHF_R_POP_R_MH,A,2017,22.167,0,A,3
CH1.COU:DF_COU_HEALTH_FINANCING(1.0.0),Q_3,F_1,CHF_R_POP_R_MH,A,2018,22.824,0,A,3
CH1.COU:DF_COU_HEALTH_FINANCING(1.0.0),Q_3,F_1,CHF_R_POP_R_MH,A,2019,25.521,0,A,3
CH1.COU:DF_COU_HEALTH_FINANCING(1.0.0),Q_3,F_1,CHF_R_POP_R_MH,A,2020,26.029,0,A,3
CH1.COU:DF_COU_HEALTH_FINANCING(1.0.0),Q_3,F_1,CHF_R_POP_R_MH,A,2021,26.514,0,A,3
CH1.COU:DF_COU_HEALTH_FINANCING(1.0.0),Q_3,F_1,CHF_R_POP_R_MH,A,2022,27.439,0,A,3
CH1.COU:DF_COU_HEALTH_FINANCING(1.0.0),Q_3,F_1,CHF_R_POP_R_MH,A,2023,29.729,0,A,3
CH1.COU:DF_COU_HEALTH_FINANCING(1.0.0),Q_3,F_1,CHF_R_POP_R_MH,A,2024,30.117,0,P,3
CH1.COU:DF_COU_HEALTH_FINANCING(1.0.0),Q_5_1,F_2_4,CHF_R_POP_R_MH,A,2010,5.581,0,A,3
CH1.COU:DF_COU_HEALTH_FINANCING(1.0.0),Q_5_1,F_2_4,CHF_R_POP_R_MH,A,2011,5.623,0,A,3
CH1.COU:DF_COU_HEALTH_FINANCING(1.0.0),Q_5_1,F_2_4,CHF_R_POP_R_MH,A,2012,5.783,0,A,3
CH1.COU:DF_COU_HEALTH_FINANCING(1.0.0),Q_5_1,F_2_4,CHF_R_POP_R_MH,A,2013,6.315,0,A,3
CH1.COU:DF_COU_HEALTH_FINANCING(1.0.0),Q_5_1,F_2_4,CHF_R_POP_R_MH,A,2014,6.198,0,A,3
CH1.COU:DF_COU_HEALTH_FINANCING(1.0.0),Q_5_1,F_2_4,CHF_R_POP_R_MH,A,2015,6.163,0,A,3
CH1.COU:DF_COU_HEALTH_FINANCING(1.0.0),Q_5_1,F_2_4,CHF_R_POP_R_MH,A,2016,6.386,0,A,3
CH1.COU:DF_COU_HEALTH_FINANCING(1.0.0),Q_5_1,F_2_4,CHF_R_POP_R_MH,A,2017,6.155,0,A,3
CH1.COU:DF_COU_HEALTH_FINANCING(1.0.0),Q_5_1,F_2_4,CHF_R_POP_R_MH,A,2018,6.14,0,A,3
CH1.COU:DF_COU_HEALTH_FINANCING(1.0.0),Q_5_1,F_2_4,CHF_R_POP_R_MH,A,2019,6.135,0,A,3
CH1.COU:DF_COU_HEALTH_FINANCING(1.0.0),Q_5_1,F_2_4,CHF_R_POP_R_MH,A,2020,5.828,0,A,3
CH1.COU:DF_COU_HEALTH_FINANCING(1.0.0),Q_5_1,F_2_4,CHF_R_POP_R_MH,A,2021,5.792,0,A,3
CH1.COU:DF_COU_HEALTH_FINANCING(1.0.0),Q_5_1,F_2_4,CHF_R_POP_R_MH,A,2022,5.679,0,A,3
CH1.COU:DF_COU_HEALTH_FINANCING(1.0.0),Q_5_1,F_2_4,CHF_R_POP_R_MH,A,2023,6.064,0,A,3
CH1.COU:DF_COU_HEALTH_FINANCING(1.0.0),Q_5_1,F_2_4,CHF_R_POP_R_MH,A,2024,5.844,0,P,3
CH1.COU:DF_COU_HEALTH_FINANCING(1.0.0),Q_5_3,F_2,CHF,A,2010,1700.751,6,A,3
CH1.COU:DF_COU_HEALTH_FINANCING(1.0.0),Q_5_3,F_2,CHF,A,2011,1693.14,6,A,3
CH1.COU:DF_COU_HEALTH_FINANCING(1.0.0),Q_5_3,F_2,CHF,A,2012,1733.993,6,A,3
CH1.COU:DF_COU_HEALTH_FINANCING(1.0.0),Q_5_3,F_2,CHF,A,2013,1899.677,6,A,3
CH1.COU:DF_COU_HEALTH_FINANCING(1.0.0),Q_5_3,F_2,CHF,A,2014,1923.59,6,A,3
CH1.COU:DF_COU_HEALTH_FINANCING(1.0.0),Q_5_3,F_2,CHF,A,2015,1978.679,6,A,3
CH1.COU:DF_COU_HEALTH_FINANCING(1.0.0),Q_5_3,F_2,CHF,A,2016,2055.249,6,A,3
CH1.COU:DF_COU_HEALTH_FINANCING(1.0.0),Q_5_3,F_2,CHF,A,2017,2029.188,6,A,3
CH1.COU:DF_COU_HEALTH_FINANCING(1.0.0),Q_5_3,F_2,CHF,A,2018,2117.709,6,A,3
CH1.COU:DF_COU_HEALTH_FINANCING(1.0.0),Q_5_3,F_2,CHF,A,2019,2264.158,6,A,3
CH1.COU:DF_COU_HEALTH_FINANCING(1.0.0),Q_5_3,F_2,CHF,A,2020,2217.497,6,A,3
CH1.COU:DF_COU_HEALTH_FINANCING(1.0.0),Q_5_3,F_2,CHF,A,2021,2210.235,6,A,3
CH1.COU:DF_COU_HEALTH_FINANCING(1.0.0),Q_5_3,F_2,CHF,A,2022,2245.747,6,A,3
CH1.COU:DF_COU_HEALTH_FINANCING(1.0.0),Q_5_3,F_2,CHF,A,2023,2440.64,6,A,3
CH1.COU:DF_COU_HEALTH_FINANCING(1.0.0),Q_5_3,F_2,CHF,A,2024,2444.753,6,P,3
CH1.COU:DF_COU_HEALTH_FINANCING(1.0.0),_T,F_1_3,CHF_R_POP_R_MH,A,1995,8.13,0,A,3
CH1.COU:DF_COU_HEALTH_FINANCING(1.0.0),_T,F_1_3,CHF_R_POP_R_MH,A,1996,8.491,0,A,3
CH1.COU:DF_COU_HEALTH_FINANCING(1.0.0),_T,F_1_3,CHF_R_POP_R_MH,A,1997,8.668,0,A,3
CH1.COU:DF_COU_HEALTH_FINANCING(1.0.0),_T,F_1_3,CHF_R_POP_R_MH,A,1998,9.269,0,A,3
CH1.COU:DF_COU_HEALTH_FINANCING(1.0.0),_T,F_1_3,CHF_R_POP_R_MH,A,1999,9.298,0,A,3
CH1.COU:DF_COU_HEALTH_FINANCING(1.0.0),_T,F_1_3,CHF_R_POP_R_MH,A,2000,9.437,0,A,3
CH1.COU:DF_COU_HEALTH_FINANCING(1.0.0),_T,F_1_3,CHF_R_POP_R_MH,A,2001,11.028,0,A,3
CH1.COU:DF_COU_HEALTH_FINANCING(1.0.0),_T,F_1_3,CHF_R_POP_R_MH,A,2002,11.071,0,A,3
CH1.COU:DF_COU_HEALTH_FINANCING(1.0.0),_T,F_1_3,CHF_R_POP_R_MH,A,2003,10.524,0,A,3
CH1.COU:DF_COU_HEALTH_FINANCING(1.0.0),_T,F_1_3,CHF_R_POP_R_MH,A,2004,10.527,0,A,3
CH1.COU:DF_COU_HEALTH_FINANCING(1.0.0),_T,F_1_3,CHF_R_POP_R_MH,A,2005,8.955,0,A,3
CH1.COU:DF_COU_HEALTH_FINANCING(1.0.0),_T,F_1_3,CHF_R_POP_R_MH,A,2006,6.726,0,A,3
CH1.COU:DF_COU_HEALTH_FINANCING(1.0.0),_T,F_1_3,CHF_R_POP_R_MH,A,2007,7.547,0,A,3
CH1.COU:DF_COU_HEALTH_FINANCING(1.0.0),_T,F_1_3,CHF_R_POP_R_MH,A,2008,11.496,0,A,3
CH1.COU:DF_COU_HEALTH_FINANCING(1.0.0),_T,F_1_3,CHF_R_POP_R_MH,A,2009,11.933,0,A,3
CH1.COU:DF_COU_HEALTH_FINANCING(1.0.0),_T,F_1_3,CHF_R_POP_R_MH,A,2010,16.874,0,A,3
CH1.COU:DF_COU_HEALTH_FINANCING(1.0.0),_T,F_1_3,CHF_R_POP_R_MH,A,2011,19.526,0,A,3
CH1.COU:DF_COU_HEALTH_FINANCING(1.0.0),_T,F_1_3,CHF_R_POP_R_MH,A,2012,20.306,0,A,3
CH1.COU:DF_COU_HEALTH_FINANCING(1.0.0),_T,F_1_3,CHF_R_POP_R_MH,A,2013,21.485,0,A,3
CH1.COU:DF_COU_HEALTH_FINANCING(1.0.0),_T,F_1_3,CHF_R_POP_R_MH,A,2014,19.951,0,A,3
CH1.COU:DF_COU_HEALTH_FINANCING(1.0.0),_T,F_1_3,CHF_R_POP_R_MH,A,2015,21.695,0,A,3
CH1.COU:DF_COU_HEALTH_FINANCING(1.0.0),_T,F_1_3,CHF_R_POP_R_MH,A,2016,22.17,0,A,3
CH1.COU:DF_COU_HEALTH_FINANCING(1.0.0),_T,F_1_3,CHF_R_POP_R_MH,A,2017,22.167,0,A,3
CH1.COU:DF_COU_HEALTH_FINANCING(1.0.0),_T,F_1_3,CHF_R_POP_R_MH,A,2018,22.824,0,A,3
CH1.COU:DF_COU_HEALTH_FINANCING(1.0.0),_T,F_1_3,CHF_R_POP_R_MH,A,2019,25.521,0,A,3
CH1.COU:DF_COU_HEALTH_FINANCING(1.0.0),_T,F_1_3,CHF_R_POP_R_MH,A,2020,26.029,0,A,3
CH1.COU:DF_COU_HEALTH_FINANCING(1.0.0),_T,F_1_3,CHF_R_POP_R_MH,A,2021,26.514,0,A,3
CH1.COU:DF_COU_HEALTH_FINANCING(1.0.0),_T,F_1_3,CHF_R_POP_R_MH,A,2022,27.439,0,A,3
CH1.COU:DF_COU_HEALTH_FINANCING(1.0.0),_T,F_1_3,CHF_R_POP_R_MH,A,2023,29.729,0,A,3
CH1.COU:DF_COU_HEALTH_FINANCING(1.0.0),_T,F_1_3,CHF_R_POP_R_MH,A,2024,30.117,0,P,3
CH1.COU:DF_COU_HEALTH_FINANCING(1.0.0),_T,F_2_4,CHF,A,1995,1130.329,6,A,3
CH1.COU:DF_COU_HEALTH_FINANCING(1.0.0),_T,F_2_4,CHF,A,1996,1140.276,6,A,3
CH1.COU:DF_COU_HEALTH_FINANCING(1.0.0),_T,F_2_4,CHF,A,1997,1159.878,6,A,3
CH1.COU:DF_COU_HEALTH_FINANCING(1.0.0),_T,F_2_4,CHF,A,1998,1286.846,6,A,3
CH1.COU:DF_COU_HEALTH_FINANCING(1.0.0),_T,F_2_4,CHF,A,1999,1371.535,6,A,3
CH1.COU:DF_COU_HEALTH_FINANCING(1.0.0),_T,F_2_4,CHF,A,2000,1407.949,6,A,3
CH1.COU:DF_COU_HEALTH_FINANCING(1.0.0),_T,F_2_4,CHF,A,2001,1457.862,6,A,3
CH1.COU:DF_COU_HEALTH_FINANCING(1.0.0),_T,F_2_4,CHF,A,2002,1398.104,6,A,3
CH1.COU:DF_COU_HEALTH_FINANCING(1.0.0),_T,F_2_4,CHF,A,2003,1488.096,6,A,3
CH1.COU:DF_COU_HEALTH_FINANCING(1.0.0),_T,F_2_4,CHF,A,2004,1506.619,6,A,3
CH1.COU:DF_COU_HEALTH_FINANCING(1.0.0),_T,F_2_4,CHF,A,2005,1617.517,6,A,3
CH1.COU:DF_COU_HEALTH_FINANCING(1.0.0),_T,F_2_4,CHF,A,2006,1597.528,6,A,3
CH1.COU:DF_COU_HEALTH_FINANCING(1.0.0),_T,F_2_4,CHF,A,2007,1646.805,6,A,3
CH1.COU:DF_COU_HEALTH_FINANCING(1.0.0),_T,F_2_4,CHF,A,2008,1713.111,6,A,3
CH1.COU:DF_COU_HEALTH_FINANCING(1.0.0),_T,F_2_4,CHF,A,2009,1805.648,6,A,3
CH1.COU:DF_COU_HEALTH_FINANCING(1.0.0),_T,F_2_4,CHF,A,2010,1884.215,6,A,3
CH1.COU:DF_COU_HEALTH_FINANCING(1.0.0),_T,F_2_4,CHF,A,2011,1918.855,6,A,3
CH1.COU:DF_COU_HEALTH_FINANCING(1.0.0),_T,F_2_4,CHF,A,2012,1969.186,6,A,3
CH1.COU:DF_COU_HEALTH_FINANCING(1.0.0),_T,F_2_4,CHF,A,2013,2193.921,6,A,3
CH1.COU:DF_COU_HEALTH_FINANCING(1.0.0),_T,F_2_4,CHF,A,2014,2203.947,6,A,3
CH1.COU:DF_COU_HEALTH_FINANCING(1.0.0),_T,F_2_4,CHF,A,2015,2248.296,6,A,3
CH1.COU:DF_COU_HEALTH_FINANCING(1.0.0),_T,F_2_4,CHF,A,2016,2339.729,6,A,3
CH1.COU:DF_COU_HEALTH_FINANCING(1.0.0),_T,F_2_4,CHF,A,2017,2279.091,6,A,3
CH1.COU:DF_COU_HEALTH_FINANCING(1.0.0),_T,F_2_4,CHF,A,2018,2331.18,6,A,3
CH1.COU:DF_COU_HEALTH_FINANCING(1.0.0),_T,F_2_4,CHF,A,2019,2390.642,6,A,3
CH1.COU:DF_COU_HEALTH_FINANCING(1.0.0),_T,F_2_4,CHF,A,2020,2308.963,6,A,3
CH1.COU:DF_COU_HEALTH_FINANCING(1.0.0),_T,F_2_4,CHF,A,2021,2303.271,6,A,3
CH1.COU:DF_COU_HEALTH_FINANCING(1.0.0),_T,F_2_4,CHF,A,2022,2363.385,6,A,3
CH1.COU:DF_COU_HEALTH_FINANCING(1.0.0),_T,F_2_4,CHF,A,2023,2539.582,6,A,3
CH1.COU:DF_COU_HEALTH_FINANCING(1.0.0),_T,F_2_4,CHF,A,2024,2505.934,6,P,3
CH1.COU:DF_COU_HEALTH_FINANCING(1.0.0),_T,F_3_3,CHF,A,1995,333.377,6,A,3
CH1.COU:DF_COU_HEALTH_FINANCING(1.0.0),_T,F_3_3,CHF,A,1996,306.395,6,A,3
CH1.COU:DF_COU_HEALTH_FINANCING(1.0.0),_T,F_3_3,CHF,A,1997,340.31,6,A,3
CH1.COU:DF_COU_HEALTH_FINANCING(1.0.0),_T,F_3_3,CHF,A,1998,356.548,6,A,3
CH1.COU:DF_COU_HEALTH_FINANCING(1.0.0),_T,F_3_3,CHF,A,1999,397.097,6,A,3
CH1.COU:DF_COU_HEALTH_FINANCING(1.0.0),_T,F_3_3,CHF,A,2000,402.425,6,A,3
CH1.COU:DF_COU_HEALTH_FINANCING(1.0.0),_T,F_3_3,CHF,A,2001,413.664,6,A,3
CH1.COU:DF_COU_HEALTH_FINANCING(1.0.0),_T,F_3_3,CHF,A,2002,433.817,6,A,3
CH1.COU:DF_COU_HEALTH_FINANCING(1.0.0),_T,F_3_3,CHF,A,2003,425.381,6,A,3
CH1.COU:DF_COU_HEALTH_FINANCING(1.0.0),_T,F_3_3,CHF,A,2004,443.824,6,A,3
CH1.COU:DF_COU_HEALTH_FINANCING(1.0.0),_T,F_3_3,CHF,A,2005,349.658,6,A,3
CH1.COU:DF_COU_HEALTH_FINANCING(1.0.0),_T,F_3_3,CHF,A,2006,401.179,6,A,3
CH1.COU:DF_COU_HEALTH_FINANCING(1.0.0),_T,F_3_3,CHF,A,2007,402.58,6,A,3
CH1.COU:DF_COU_HEALTH_FINANCING(1.0.0),_T,F_3_3,CHF,A,2008,429.521,6,A,3
CH1.COU:DF_COU_HEALTH_FINANCING(1.0.0),_T,F_3_3,CHF,A,2009,427.223,6,A,3
CH1.COU:DF_COU_HEALTH_FINANCING(1.0.0),_T,F_3_3,CHF,A,2010,575.108,6,A,3
CH1.COU:DF_COU_HEALTH_FINANCING(1.0.0),_T,F_3_3,CHF,A,2011,533.664,6,A,3
CH1.COU:DF_COU_HEALTH_FINANCING(1.0.0),_T,F_3_3,CHF,A,2012,566.841,6,A,3
CH1.COU:DF_COU_HEALTH_FINANCING(1.0.0),_T,F_3_3,CHF,A,2013,749.826,6,A,3
CH1.COU:DF_COU_HEALTH_FINANCING(1.0.0),_T,F_3_3,CHF,A,2014,731.825,6,A,3
CH1.COU:DF_COU_HEALTH_FINANCING(1.0.0),_T,F_3_3,CHF,A,2015,786.083,6,A,3
CH1.COU:DF_COU_HEALTH_FINANCING(1.0.0),_T,F_3_3,CHF,A,2016,744.419,6,A,3
CH1.COU:DF_COU_HEALTH_FINANCING(1.0.0),_T,F_3_3,CHF,A,2017,756.141,6,A,3
CH1.COU:DF_COU_HEALTH_FINANCING(1.0.0),_T,F_3_3,CHF,A,2018,899.048,6,A,3
CH1.COU:DF_COU_HEALTH_FINANCING(1.0.0),_T,F_3_3,CHF,A,2019,898.018,6,A,3
CH1.COU:DF_COU_HEALTH_FINANCING(1.0.0),_T,F_3_3,CHF,A,2020,1244.251,6,A,3
CH1.COU:DF_COU_HEALTH_FINANCING(1.0.0),_T,F_3_3,CHF,A,2021,1087.426,6,A,3
CH1.COU:DF_COU_HEALTH_FINANCING(1.0.0),_T,F_3_3,CHF,A,2022,1260.762,6,A,3
CH1.COU:DF_COU_HEALTH_FINANCING(1.0.0),_T,F_3_3,CHF,A,2023,1311.961,6,A,3
CH1.COU:DF_COU_HEALTH_FINANCING(1.0.0),_T,F_3_3,CHF,A,2024,1143.191,6,P,3
CH1.COU:DF_COU_HEALTH_FINANCING(1.0.0),Q_1,F_2_5,CHF,A,1995,40.692,6,A,3
CH1.COU:DF_COU_HEALTH_FINANCING(1.0.0),Q_1,F_2_5,CHF,A,1996,37.184,6,A,3
CH1.COU:DF_COU_HEALTH_FINANCING(1.0.0),Q_1,F_2_5,CHF,A,1997,37.895,6,A,3
CH1.COU:DF_COU_HEALTH_FINANCING(1.0.0),Q_1,F_2_5,CHF,A,1998,36.062,6,A,3
CH1.COU:DF_COU_HEALTH_FINANCING(1.0.0),Q_1,F_2_5,CHF,A,1999,41.863,6,A,3
CH1.COU:DF_COU_HEALTH_FINANCING(1.0.0),Q_1,F_2_5,CHF,A,2000,43.798,6,A,3
CH1.COU:DF_COU_HEALTH_FINANCING(1.0.0),Q_1,F_2_5,CHF,A,2001,46.021,6,A,3
CH1.COU:DF_COU_HEALTH_FINANCING(1.0.0),Q_1,F_2_5,CHF,A,2002,47.753,6,A,3
CH1.COU:DF_COU_HEALTH_FINANCING(1.0.0),Q_1,F_2_5,CHF,A,2003,49.28,6,A,3
CH1.COU:DF_COU_HEALTH_FINANCING(1.0.0),Q_1,F_2_5,CHF,A,2004,49.046,6,A,3
CH1.COU:DF_COU_HEALTH_FINANCING(1.0.0),Q_1,F_2_5,CHF,A,2005,49.86,6,A,3
CH1.COU:DF_COU_HEALTH_FINANCING(1.0.0),Q_1,F_2_5,CHF,A,2006,48.735,6,A,3
CH1.COU:DF_COU_HEALTH_FINANCING(1.0.0),Q_1,F_2_5,CHF,A,2007,51.087,6,A,3
CH1.COU:DF_COU_HEALTH_FINANCING(1.0.0),Q_1,F_2_5,CHF,A,2008,52.88,6,A,3
CH1.COU:DF_COU_HEALTH_FINANCING(1.0.0),Q_1,F_2_5,CHF,A,2009,54.402,6,A,3
CH1.COU:DF_COU_HEALTH_FINANCING(1.0.0),Q_1,F_2_5,CHF,A,2010,76.014,6,A,3
CH1.COU:DF_COU_HEALTH_FINANCING(1.0.0),Q_1,F_2_5,CHF,A,2011,76.414,6,A,3
CH1.COU:DF_COU_HEALTH_FINANCING(1.0.0),Q_1,F_2_5,CHF,A,2012,80.38,6,A,3
CH1.COU:DF_COU_HEALTH_FINANCING(1.0.0),Q_1,F_2_5,CHF,A,2013,85.461,6,A,3
CH1.COU:DF_COU_HEALTH_FINANCING(1.0.0),Q_1,F_2_5,CHF,A,2014,85.57,6,A,3
CH1.COU:DF_COU_HEALTH_FINANCING(1.0.0),Q_1,F_2_5,CHF,A,2015,90.607,6,A,3
CH1.COU:DF_COU_HEALTH_FINANCING(1.0.0),Q_1,F_2_5,CHF,A,2016,90.911,6,A,3
CH1.COU:DF_COU_HEALTH_FINANCING(1.0.0),Q_1,F_2_5,CHF,A,2017,91.088,6,A,3
CH1.COU:DF_COU_HEALTH_FINANCING(1.0.0),Q_1,F_2_5,CHF,A,2018,85.702,6,A,3
CH1.COU:DF_COU_HEALTH_FINANCING(1.0.0),Q_1,F_2_5,CHF,A,2019,92.129,6,A,3
CH1.COU:DF_COU_HEALTH_FINANCING(1.0.0),Q_1,F_2_5,CHF,A,2020,90.028,6,A,3
CH1.COU:DF_COU_HEALTH_FINANCING(1.0.0),Q_1,F_2_5,CHF,A,2021,91.235,6,A,3
CH1.COU:DF_COU_HEALTH_FINANCING(1.0.0),Q_1,F_2_5,CHF,A,2022,89.775,6,A,3
CH1.COU:DF_COU_HEALTH_FINANCING(1.0.0),Q_1,F_2_5,CHF,A,2023,95.125,6,A,3
CH1.COU:DF_COU_HEALTH_FINANCING(1.0.0),Q_1,F_2_5,CHF,A,2024,97.092,6,P,3
CH1.COU:DF_COU_HEALTH_FINANCING(1.0.0),Q_2,F_1,CHF,A,1995,4467.854,6,A,3
CH1.COU:DF_COU_HEALTH_FINANCING(1.0.0),Q_2,F_1,CHF,A,1996,4678.916,6,A,3
CH1.COU:DF_COU_HEALTH_FINANCING(1.0.0),Q_2,F_1,CHF,A,1997,4610.906,6,A,3
CH1.COU:DF_COU_HEALTH_FINANCING(1.0.0),Q_2,F_1,CHF,A,1998,4601.583,6,A,3
CH1.COU:DF_COU_HEALTH_FINANCING(1.0.0),Q_2,F_1,CHF,A,1999,4860.391,6,A,3
CH1.COU:DF_COU_HEALTH_FINANCING(1.0.0),Q_2,F_1,CHF,A,2000,5001.852,6,A,3
CH1.COU:DF_COU_HEALTH_FINANCING(1.0.0),Q_2,F_1,CHF,A,2001,5922.167,6,A,3
CH1.COU:DF_COU_HEALTH_FINANCING(1.0.0),Q_2,F_1,CHF,A,2002,6669.274,6,A,3
CH1.COU:DF_COU_HEALTH_FINANCING(1.0.0),Q_2,F_1,CHF,A,2003,7090.653,6,A,3
CH1.COU:DF_COU_HEALTH_FINANCING(1.0.0),Q_2,F_1,CHF,A,2004,6959.855,6,A,3
CH1.COU:DF_COU_HEALTH_FINANCING(1.0.0),Q_2,F_1,CHF,A,2005,7223.49,6,A,3
CH1.COU:DF_COU_HEALTH_FINANCING(1.0.0),Q_2,F_1,CHF,A,2006,7347.967,6,A,3
CH1.COU:DF_COU_HEALTH_FINANCING(1.0.0),Q_2,F_1,CHF,A,2007,7599.748,6,A,3
CH1.COU:DF_COU_HEALTH_FINANCING(1.0.0),Q_2,F_1,CHF,A,2008,8929.882,6,A,3
CH1.COU:DF_COU_HEALTH_FINANCING(1.0.0),Q_2,F_1,CHF,A,2009,9714.027,6,A,3
CH1.COU:DF_COU_HEALTH_FINANCING(1.0.0),Q_2,F_1,CHF,A,2010,10349.115,6,A,3
CH1.COU:DF_COU_HEALTH_FINANCING(1.0.0),Q_2,F_1,CHF,A,2011,10849.416,6,A,3
CH1.COU:DF_COU_HEALTH_FINANCING(1.0.0),Q_2,F_1,CHF,A,2012,12122.183,6,A,3
CH1.COU:DF_COU_HEALTH_FINANCING(1.0.0),Q_2,F_1,CHF,A,2013,12110.315,6,A,3
CH1.COU:DF_COU_HEALTH_FINANCING(1.0.0),Q_2,F_1,CHF,A,2014,12583.726,6,A,3
CH1.COU:DF_COU_HEALTH_FINANCING(1.0.0),Q_2,F_1,CHF,A,2015,12749.708,6,A,3
CH1.COU:DF_COU_HEALTH_FINANCING(1.0.0),Q_2,F_1,CHF,A,2016,13255.918,6,A,3
CH1.COU:DF_COU_HEALTH_FINANCING(1.0.0),Q_2,F_1,CHF,A,2017,13731.709,6,A,3
CH1.COU:DF_COU_HEALTH_FINANCING(1.0.0),Q_2,F_1,CHF,A,2018,13723.347,6,A,3
CH1.COU:DF_COU_HEALTH_FINANCING(1.0.0),Q_2,F_1,CHF,A,2019,13847.835,6,A,3
CH1.COU:DF_COU_HEALTH_FINANCING(1.0.0),Q_2,F_1,CHF,A,2020,15079.342,6,A,3
CH1.COU:DF_COU_HEALTH_FINANCING(1.0.0),Q_2,F_1,CHF,A,2021,15288.613,6,A,3
CH1.COU:DF_COU_HEALTH_FINANCING(1.0.0),Q_2,F_1,CHF,A,2022,15551.972,6,A,3
CH1.COU:DF_COU_HEALTH_FINANCING(1.0.0),Q_2,F_1,CHF,A,2023,15432.532,6,A,3
CH1.COU:DF_COU_HEALTH_FINANCING(1.0.0),Q_2,F_1,CHF,A,2024,16349.819,6,P,3
CH1.COU:DF_COU_HEALTH_FINANCING(1.0.0),Q_2,F_2,CHF,A,1995,1066.289,6,A,3
CH1.COU:DF_COU_HEALTH_FINANCING(1.0.0),Q_2,F_2,CHF,A,1996,1216.291,6,A,3
CH1.COU:DF_COU_HEALTH_FINANCING(1.0.0),Q_2,F_2,CHF,A,1997,1335.596,6,A,3
CH1.COU:DF_COU_HEALTH_FINANCING(1.0.0),Q_2,F_2,CHF,A,1998,1453.147,6,A,3
CH1.COU:DF_COU_HEALTH_FINANCING(1.0.0),Q_2,F_2,CHF,A,1999,1586.004,6,A,3
CH1.COU:DF_COU_HEALTH_FINANCING(1.0.0),Q_2,F_2,CHF,A,2000,1584.085,6,A,3
CH1.COU:DF_COU_HEALTH_FINANCING(1.0.0),Q_2,F_2,CHF,A,2001,1660.089,6,A,3
CH1.COU:DF_COU_HEALTH_FINANCING(1.0.0),Q_2,F_2,CHF,A,2002,1792.142,6,A,3
CH1.COU:DF_COU_HEALTH_FINANCING(1.0.0),Q_2,F_2,CHF,A,2003,1852.603,6,A,3
CH1.COU:DF_COU_HEALTH_FINANCING(1.0.0),Q_2,F_2,CHF,A,2004,1904.262,6,A,3
CH1.COU:DF_COU_HEALTH_FINANCING(1.0.0),Q_2,F_2,CHF,A,2005,1945.824,6,A,3
CH1.COU:DF_COU_HEALTH_FINANCING(1.0.0),Q_2,F_2,CHF,A,2006,1988.157,6,A,3
CH1.COU:DF_COU_HEALTH_FINANCING(1.0.0),Q_2,F_2,CHF,A,2007,2121.282,6,A,3
CH1.COU:DF_COU_HEALTH_FINANCING(1.0.0),Q_2,F_2,CHF,A,2008,2963.92,6,A,3
CH1.COU:DF_COU_HEALTH_FINANCING(1.0.0),Q_2,F_2,CHF,A,2009,3169.58,6,A,3
CH1.COU:DF_COU_HEALTH_FINANCING(1.0.0),Q_2,F_2,CHF,A,2010,3954.732,6,A,3
CH1.COU:DF_COU_HEALTH_FINANCING(1.0.0),Q_2,F_2,CHF,A,2011,3983.136,6,A,3
CH1.COU:DF_COU_HEALTH_FINANCING(1.0.0),Q_2,F_2,CHF,A,2012,3917.171,6,A,3
CH1.COU:DF_COU_HEALTH_FINANCING(1.0.0),Q_2,F_2,CHF,A,2013,3954.646,6,A,3
CH1.COU:DF_COU_HEALTH_FINANCING(1.0.0),Q_2,F_2,CHF,A,2014,3942.641,6,A,3
CH1.COU:DF_COU_HEALTH_FINANCING(1.0.0),Q_2,F_2,CHF,A,2015,3985.413,6,A,3
CH1.COU:DF_COU_HEALTH_FINANCING(1.0.0),Q_2,F_2,CHF,A,2016,4112.76,6,A,3
CH1.COU:DF_COU_HEALTH_FINANCING(1.0.0),Q_2,F_2,CHF,A,2017,4137.608,6,A,3
CH1.COU:DF_COU_HEALTH_FINANCING(1.0.0),Q_2,F_2,CHF,A,2018,4271.764,6,A,3
CH1.COU:DF_COU_HEALTH_FINANCING(1.0.0),Q_2,F_2,CHF,A,2019,4491.022,6,A,3
CH1.COU:DF_COU_HEALTH_FINANCING(1.0.0),Q_2,F_2,CHF,A,2020,4990.801,6,A,3
CH1.COU:DF_COU_HEALTH_FINANCING(1.0.0),Q_2,F_2,CHF,A,2021,4861.295,6,A,3
CH1.COU:DF_COU_HEALTH_FINANCING(1.0.0),Q_2,F_2,CHF,A,2022,4755.446,6,A,3
CH1.COU:DF_COU_HEALTH_FINANCING(1.0.0),Q_2,F_2,CHF,A,2023,5238.599,6,A,3
CH1.COU:DF_COU_HEALTH_FINANCING(1.0.0),Q_2,F_2,CHF,A,2024,5717.776,6,P,3
CH1.COU:DF_COU_HEALTH_FINANCING(1.0.0),Q_2,F_2_6,CHF_R_POP_R_MH,A,1995,7.217,0,A,3
CH1.COU:DF_COU_HEALTH_FINANCING(1.0.0),Q_2,F_2_6,CHF_R_POP_R_MH,A,1996,6.69,0,A,3
CH1.COU:DF_COU_HEALTH_FINANCING(1.0.0),Q_2,F_2_6,CHF_R_POP_R_MH,A,1997,6.479,0,A,3
CH1.COU:DF_COU_HEALTH_FINANCING(1.0.0),Q_2,F_2_6,CHF_R_POP_R_MH,A,1998,6.473,0,A,3
CH1.COU:DF_COU_HEALTH_FINANCING(1.0.0),Q_2,F_2_6,CHF_R_POP_R_MH,A,1999,6.444,0,A,3
CH1.COU:DF_COU_HEALTH_FINANCING(1.0.0),Q_2,F_2_6,CHF_R_POP_R_MH,A,2000,6.219,0,A,3
CH1.COU:DF_COU_HEALTH_FINANCING(1.0.0),Q_2,F_2_6,CHF_R_POP_R_MH,A,2001,6.184,0,A,3
CH1.COU:DF_COU_HEALTH_FINANCING(1.0.0),Q_2,F_2_6,CHF_R_POP_R_MH,A,2002,6.474,0,A,3
CH1.COU:DF_COU_HEALTH_FINANCING(1.0.0),Q_2,F_2_6,CHF_R_POP_R_MH,A,2003,6.54,0,A,3
CH1.COU:DF_COU_HEALTH_FINANCING(1.0.0),Q_2,F_2_6,CHF_R_POP_R_MH,A,2004,6.665,0,A,3
CH1.COU:DF_COU_HEALTH_FINANCING(1.0.0),Q_2,F_2_6,CHF_R_POP_R_MH,A,2005,6.671,0,A,3
CH1.COU:DF_COU_HEALTH_FINANCING(1.0.0),Q_2,F_2_6,CHF_R_POP_R_MH,A,2006,6.626,0,A,3
CH1.COU:DF_COU_HEALTH_FINANCING(1.0.0),Q_2,F_2_6,CHF_R_POP_R_MH,A,2007,7.015,0,A,3
CH1.COU:DF_COU_HEALTH_FINANCING(1.0.0),Q_2,F_2_6,CHF_R_POP_R_MH,A,2008,9.782,0,A,3
CH1.COU:DF_COU_HEALTH_FINANCING(1.0.0),Q_2,F_2_6,CHF_R_POP_R_MH,A,2009,10.375,0,A,3
CH1.COU:DF_COU_HEALTH_FINANCING(1.0.0),Q_2,F_2_6,CHF_R_POP_R_MH,A,2010,14.739,0,A,3
CH1.COU:DF_COU_HEALTH_FINANCING(1.0.0),Q_2,F_2_6,CHF_R_POP_R_MH,A,2011,15.129,0,A,3
CH1.COU:DF_COU_HEALTH_FINANCING(1.0.0),Q_2,F_2_6,CHF_R_POP_R_MH,A,2012,15.397,0,A,3
CH1.COU:DF_COU_HEALTH_FINANCING(1.0.0),Q_2,F_2_6,CHF_R_POP_R_MH,A,2013,15.587,0,A,3
CH1.COU:DF_COU_HEALTH_FINANCING(1.0.0),Q_2,F_2_6,CHF_R_POP_R_MH,A,2014,15.937,0,A,3
CH1.COU:DF_COU_HEALTH_FINANCING(1.0.0),Q_2,F_2_6,CHF_R_POP_R_MH,A,2015,16.079,0,A,3
CH1.COU:DF_COU_HEALTH_FINANCING(1.0.0),Q_2,F_2_6,CHF_R_POP_R_MH,A,2016,16.271,0,A,3
CH1.COU:DF_COU_HEALTH_FINANCING(1.0.0),Q_2,F_2_6,CHF_R_POP_R_MH,A,2017,16.162,0,A,3
CH1.COU:DF_COU_HEALTH_FINANCING(1.0.0),Q_2,F_2_6,CHF_R_POP_R_MH,A,2018,16.107,0,A,3
CH1.COU:DF_COU_HEALTH_FINANCING(1.0.0),Q_2,F_2_6,CHF_R_POP_R_MH,A,2019,16.416,0,A,3
CH1.COU:DF_COU_HEALTH_FINANCING(1.0.0),Q_2,F_2_6,CHF_R_POP_R_MH,A,2020,16.493,0,A,3
CH1.COU:DF_COU_HEALTH_FINANCING(1.0.0),Q_2,F_2_6,CHF_R_POP_R_MH,A,2021,15.456,0,A,3
CH1.COU:DF_COU_HEALTH_FINANCING(1.0.0),Q_2,F_2_6,CHF_R_POP_R_MH,A,2022,15.128,0,A,3
CH1.COU:DF_COU_HEALTH_FINANCING(1.0.0),Q_2,F_2_6,CHF_R_POP_R_MH,A,2023,15.523,0,A,3
CH1.COU:DF_COU_HEALTH_FINANCING(1.0.0),Q_2,F_2_6,CHF_R_POP_R_MH,A,2024,16.119,0,P,3
CH1.COU:DF_COU_HEALTH_FINANCING(1.0.0),Q_2,F_2_7,CHF,A,1995,179.115,6,A,3
CH1.COU:DF_COU_HEALTH_FINANCING(1.0.0),Q_2,F_2_7,CHF,A,1996,193.574,6,A,3
CH1.COU:DF_COU_HEALTH_FINANCING(1.0.0),Q_2,F_2_7,CHF,A,1997,218.368,6,A,3
CH1.COU:DF_COU_HEALTH_FINANCING(1.0.0),Q_2,F_2_7,CHF,A,1998,232.662,6,A,3
CH1.COU:DF_COU_HEALTH_FINANCING(1.0.0),Q_2,F_2_7,CHF,A,1999,249.38,6,A,3
CH1.COU:DF_COU_HEALTH_FINANCING(1.0.0),Q_2,F_2_7,CHF,A,2000,248.2,6,A,3
CH1.COU:DF_COU_HEALTH_FINANCING(1.0.0),Q_2,F_2_7,CHF,A,2001,264.279,6,A,3
CH1.COU:DF_COU_HEALTH_FINANCING(1.0.0),Q_2,F_2_7,CHF,A,2002,284.945,6,A,3
CH1.COU:DF_COU_HEALTH_FINANCING(1.0.0),Q_2,F_2_7,CHF,A,2003,299.731,6,A,3
CH1.COU:DF_COU_HEALTH_FINANCING(1.0.0),Q_2,F_2_7,CHF,A,2004,312.125,6,A,3
CH1.COU:DF_COU_HEALTH_FINANCING(1.0.0),Q_2,F_2_7,CHF,A,2005,315.336,6,A,3
CH1.COU:DF_COU_HEALTH_FINANCING(1.0.0),Q_2,F_2_7,CHF,A,2006,324.129,6,A,3
CH1.COU:DF_COU_HEALTH_FINANCING(1.0.0),Q_2,F_2_7,CHF,A,2007,346.22,6,A,3
CH1.COU:DF_COU_HEALTH_FINANCING(1.0.0),Q_2,F_2_7,CHF,A,2008,433.963,6,A,3
CH1.COU:DF_COU_HEALTH_FINANCING(1.0.0),Q_2,F_2_7,CHF,A,2009,463.032,6,A,3
CH1.COU:DF_COU_HEALTH_FINANCING(1.0.0),Q_2,F_2_7,CHF,A,2010,570.315,6,A,3
CH1.COU:DF_COU_HEALTH_FINANCING(1.0.0),Q_2,F_2_7,CHF,A,2011,595.629,6,A,3
CH1.COU:DF_COU_HEALTH_FINANCING(1.0.0),Q_2,F_2_7,CHF,A,2012,626.229,6,A,3
CH1.COU:DF_COU_HEALTH_FINANCING(1.0.0),Q_2,F_2_7,CHF,A,2013,609.289,6,A,3
CH1.COU:DF_COU_HEALTH_FINANCING(1.0.0),Q_2,F_2_7,CHF,A,2014,614.705,6,A,3
CH1.COU:DF_COU_HEALTH_FINANCING(1.0.0),Q_2,F_2_7,CHF,A,2015,627.279,6,A,3
CH1.COU:DF_COU_HEALTH_FINANCING(1.0.0),Q_2,F_2_7,CHF,A,2016,650.543,6,A,3
CH1.COU:DF_COU_HEALTH_FINANCING(1.0.0),Q_2,F_2_7,CHF,A,2017,627.681,6,A,3
CH1.COU:DF_COU_HEALTH_FINANCING(1.0.0),Q_2,F_2_7,CHF,A,2018,647.567,6,A,3
CH1.COU:DF_COU_HEALTH_FINANCING(1.0.0),Q_2,F_2_7,CHF,A,2019,659.296,6,A,3
CH1.COU:DF_COU_HEALTH_FINANCING(1.0.0),Q_2,F_2_7,CHF,A,2020,670.496,6,A,3
CH1.COU:DF_COU_HEALTH_FINANCING(1.0.0),Q_2,F_2_7,CHF,A,2021,676.327,6,A,3
CH1.COU:DF_COU_HEALTH_FINANCING(1.0.0),Q_2,F_2_7,CHF,A,2022,682.969,6,A,3
CH1.COU:DF_COU_HEALTH_FINANCING(1.0.0),Q_2,F_2_7,CHF,A,2023,691.33,6,A,3
CH1.COU:DF_COU_HEALTH_FINANCING(1.0.0),Q_2,F_2_7,CHF,A,2024,712.494,6,P,3
CH1.COU:DF_COU_HEALTH_FINANCING(1.0.0),Q_4,F_3_1,CHF,A,1995,4352.448,6,A,3
CH1.COU:DF_COU_HEALTH_FINANCING(1.0.0),Q_4,F_3_1,CHF,A,1996,4649.374,6,A,3
CH1.COU:DF_COU_HEALTH_FINANCING(1.0.0),Q_4,F_3_1,CHF,A,1997,4393.179,6,A,3
CH1.COU:DF_COU_HEALTH_FINANCING(1.0.0),Q_4,F_3_1,CHF,A,1998,4510.428,6,A,3
CH1.COU:DF_COU_HEALTH_FINANCING(1.0.0),Q_4,F_3_1,CHF,A,1999,4293.321,6,A,3
CH1.COU:DF_COU_HEALTH_FINANCING(1.0.0),Q_4,F_3_1,CHF,A,2000,4498.708,6,A,3
CH1.COU:DF_COU_HEALTH_FINANCING(1.0.0),Q_4,F_3_1,CHF,A,2001,4633.573,6,A,3
CH1.COU:DF_COU_HEALTH_FINANCING(1.0.0),Q_4,F_3_1,CHF,A,2002,4536.11,6,A,3
CH1.COU:DF_COU_HEALTH_FINANCING(1.0.0),Q_4,F_3_1,CHF,A,2003,4631.793,6,A,3
CH1.COU:DF_COU_HEALTH_FINANCING(1.0.0),Q_4,F_3_1,CHF,A,2004,4756.543,6,A,3
CH1.COU:DF_COU_HEALTH_FINANCING(1.0.0),Q_4,F_3_1,CHF,A,2005,5214.544,6,A,3
CH1.COU:DF_COU_HEALTH_FINANCING(1.0.0),Q_4,F_3_1,CHF,A,2006,5397.635,6,A,3
CH1.COU:DF_COU_HEALTH_FINANCING(1.0.0),Q_4,F_3_1,CHF,A,2007,5729.03,6,A,3
CH1.COU:DF_COU_HEALTH_FINANCING(1.0.0),Q_4,F_3_1,CHF,A,2008,5845.227,6,A,3
CH1.COU:DF_COU_HEALTH_FINANCING(1.0.0),Q_4,F_3_1,CHF,A,2009,5994.937,6,A,3
CH1.COU:DF_COU_HEALTH_FINANCING(1.0.0),Q_4,F_3_1,CHF,A,2010,6021.154,6,A,3
CH1.COU:DF_COU_HEALTH_FINANCING(1.0.0),Q_4,F_3_1,CHF,A,2011,6310.401,6,A,3
CH1.COU:DF_COU_HEALTH_FINANCING(1.0.0),Q_4,F_3_1,CHF,A,2012,6419.699,6,A,3
CH1.COU:DF_COU_HEALTH_FINANCING(1.0.0),Q_4,F_3_1,CHF,A,2013,6513.951,6,A,3
CH1.COU:DF_COU_HEALTH_FINANCING(1.0.0),Q_4,F_3_1,CHF,A,2014,6377.783,6,A,3
CH1.COU:DF_COU_HEALTH_FINANCING(1.0.0),Q_4,F_3_1,CHF,A,2015,6467.994,6,A,3
CH1.COU:DF_COU_HEALTH_FINANCING(1.0.0),Q_4,F_3_1,CHF,A,2016,6678.957,6,A,3
CH1.COU:DF_COU_HEALTH_FINANCING(1.0.0),Q_4,F_3_1,CHF,A,2017,6850.963,6,A,3
CH1.COU:DF_COU_HEALTH_FINANCING(1.0.0),Q_4,F_3_1,CHF,A,2018,6973.553,6,A,3
CH1.COU:DF_COU_HEALTH_FINANCING(1.0.0),Q_4,F_3_1,CHF,A,2019,6892.511,6,A,3
CH1.COU:DF_COU_HEALTH_FINANCING(1.0.0),Q_4,F_3_1,CHF,A,2020,7026.506,6,A,3
CH1.COU:DF_COU_HEALTH_FINANCING(1.0.0),Q_4,F_3_1,CHF,A,2021,7088.127,6,A,3
CH1.COU:DF_COU_HEALTH_FINANCING(1.0.0),Q_4,F_3_1,CHF,A,2022,7122.203,6,A,3
CH1.COU:DF_COU_HEALTH_FINANCING(1.0.0),Q_4,F_3_1,CHF,A,2023,7257.505,6,A,3
CH1.COU:DF_COU_HEALTH_FINANCING(1.0.0),Q_4,F_3_1,CHF,A,2024,7342.132,6,P,3
CH1.COU:DF_COU_HEALTH_FINANCING(1.0.0),Q_4,F_4_2,CHF,A,1995,98.073,6,A,3
CH1.COU:DF_COU_HEALTH_FINANCING(1.0.0),Q_4,F_4_2,CHF,A,1996,107.513,6,A,3
CH1.COU:DF_COU_HEALTH_FINANCING(1.0.0),Q_4,F_4_2,CHF,A,1997,94.045,6,A,3
CH1.COU:DF_COU_HEALTH_FINANCING(1.0.0),Q_4,F_4_2,CHF,A,1998,94.465,6,A,3
CH1.COU:DF_COU_HEALTH_FINANCING(1.0.0),Q_4,F_4_2,CHF,A,1999,87.99,6,A,3
CH1.COU:DF_COU_HEALTH_FINANCING(1.0.0),Q_4,F_4_2,CHF,A,2000,93.279,6,A,3
CH1.COU:DF_COU_HEALTH_FINANCING(1.0.0),Q_4,F_4_2,CHF,A,2001,96.825,6,A,3
CH1.COU:DF_COU_HEALTH_FINANCING(1.0.0),Q_4,F_4_2,CHF,A,2002,94.677,6,A,3
CH1.COU:DF_COU_HEALTH_FINANCING(1.0.0),Q_4,F_4_2,CHF,A,2003,91.523,6,A,3
CH1.COU:DF_COU_HEALTH_FINANCING(1.0.0),Q_4,F_4_2,CHF,A,2004,91.849,6,A,3
CH1.COU:DF_COU_HEALTH_FINANCING(1.0.0),Q_4,F_4_2,CHF,A,2005,95.043,6,A,3
CH1.COU:DF_COU_HEALTH_FINANCING(1.0.0),Q_4,F_4_2,CHF,A,2006,97.784,6,A,3
CH1.COU:DF_COU_HEALTH_FINANCING(1.0.0),Q_4,F_4_2,CHF,A,2007,103.631,6,A,3
CH1.COU:DF_COU_HEALTH_FINANCING(1.0.0),Q_4,F_4_2,CHF,A,2008,106.087,6,A,3
CH1.COU:DF_COU_HEALTH_FINANCING(1.0.0),Q_4,F_4_2,CHF,A,2009,108.145,6,A,3
CH1.COU:DF_COU_HEALTH_FINANCING(1.0.0),Q_4,F_4_2,CHF,A,2010,101.904,6,A,3
CH1.COU:DF_COU_HEALTH_FINANCING(1.0.0),Q_4,F_4_2,CHF,A,2011,106.257,6,A,3
CH1.COU:DF_COU_HEALTH_FINANCING(1.0.0),Q_4,F_4_2,CHF,A,2012,111.949,6,A,3
CH1.COU:DF_COU_HEALTH_FINANCING(1.0.0),Q_4,F_4_2,CHF,A,2013,129.835,6,A,3
CH1.COU:DF_COU_HEALTH_FINANCING(1.0.0),Q_4,F_4_2,CHF,A,2014,130.99,6,A,3
CH1.COU:DF_COU_HEALTH_FINANCING(1.0.0),Q_4,F_4_2,CHF,A,2015,149.294,6,A,3
CH1.COU:DF_COU_HEALTH_FINANCING(1.0.0),Q_4,F_4_2,CHF,A,2016,153.385,6,A,3
CH1.COU:DF_COU_HEALTH_FINANCING(1.0.0),Q_4,F_4_2,CHF,A,2017,145.822,6,A,3
CH1.COU:DF_COU_HEALTH_FINANCING(1.0.0),Q_4,F_4_2,CHF,A,2018,136.354,6,A,3
CH1.COU:DF_COU_HEALTH_FINANCING(1.0.0),Q_4,F_4_2,CHF,A,2019,138.891,6,A,3
CH1.COU:DF_COU_HEALTH_FINANCING(1.0.0),Q_4,F_4_2,CHF,A,2020,126.696,6,A,3
CH1.COU:DF_COU_HEALTH_FINANCING(1.0.0),Q_4,F_4_2,CHF,A,2021,119.995,6,A,3
CH1.COU:DF_COU_HEALTH_FINANCING(1.0.0),Q_4,F_4_2,CHF,A,2022,117.747,6,A,3
CH1.COU:DF_COU_HEALTH_FINANCING(1.0.0),Q_4,F_4_2,CHF,A,2023,129.855,6,A,3
CH1.COU:DF_COU_HEALTH_FINANCING(1.0.0),Q_4,F_4_2,CHF,A,2024,131.782,6,P,3
CH1.COU:DF_COU_HEALTH_FINANCING(1.0.0),Q_5_2,F_2,CHF,A,2010,73.951,6,A,3
CH1.COU:DF_COU_HEALTH_FINANCING(1.0.0),Q_5_2,F_2,CHF,A,2011,63.842,6,A,3
CH1.COU:DF_COU_HEALTH_FINANCING(1.0.0),Q_5_2,F_2,CHF,A,2012,61.383,6,A,3
CH1.COU:DF_COU_HEALTH_FINANCING(1.0.0),Q_5_2,F_2,CHF,A,2013,63.376,6,A,3
CH1.COU:DF_COU_HEALTH_FINANCING(1.0.0),Q_5_2,F_2,CHF,A,2014,61.866,6,A,3
CH1.COU:DF_COU_HEALTH_FINANCING(1.0.0),Q_5_2,F_2,CHF,A,2015,65.543,6,A,3
CH1.COU:DF_COU_HEALTH_FINANCING(1.0.0),Q_5_2,F_2,CHF,A,2016,66.651,6,A,3
CH1.COU:DF_COU_HEALTH_FINANCING(1.0.0),Q_5_2,F_2,CHF,A,2017,65.699,6,A,3
CH1.COU:DF_COU_HEALTH_FINANCING(1.0.0),Q_5_2,F_2,CHF,A,2018,75.869,6,A,3
CH1.COU:DF_COU_HEALTH_FINANCING(1.0.0),Q_5_2,F_2,CHF,A,2019,79.092,6,A,3
CH1.COU:DF_COU_HEALTH_FINANCING(1.0.0),Q_5_2,F_2,CHF,A,2020,79.672,6,A,3
CH1.COU:DF_COU_HEALTH_FINANCING(1.0.0),Q_5_2,F_2,CHF,A,2021,77.868,6,A,3
CH1.COU:DF_COU_HEALTH_FINANCING(1.0.0),Q_5_2,F_2,CHF,A,2022,79.737,6,A,3
CH1.COU:DF_COU_HEALTH_FINANCING(1.0.0),Q_5_2,F_2,CHF,A,2023,75.754,6,A,3
CH1.COU:DF_COU_HEALTH_FINANCING(1.0.0),Q_5_2,F_2,CHF,A,2024,74.914,6,P,3
CH1.COU:DF_COU_HEALTH_FINANCING(1.0.0),Q_5_4,_T,CHF_R_POP_R_MH,A,2010,0.64,0,A,3
CH1.COU:DF_COU_HEALTH_FINANCING(1.0.0),Q_5_4,_T,CHF_R_POP_R_MH,A,2011,0.601,0,A,3
CH1.COU:DF_COU_HEALTH_FINANCING(1.0.0),Q_5_4,_T,CHF_R_POP_R_MH,A,2012,0.539,0,A,3
CH1.COU:DF_COU_HEALTH_FINANCING(1.0.0),Q_5_4,_T,CHF_R_POP_R_MH,A,2013,0.572,0,A,3
CH1.COU:DF_COU_HEALTH_FINANCING(1.0.0),Q_5_4,_T,CHF_R_POP_R_MH,A,2014,0.603,0,A,3
CH1.COU:DF_COU_HEALTH_FINANCING(1.0.0),Q_5_4,_T,CHF_R_POP_R_MH,A,2015,0.596,0,A,3
CH1.COU:DF_COU_HEALTH_FINANCING(1.0.0),Q_5_4,_T,CHF_R_POP_R_MH,A,2016,0.668,0,A,3
CH1.COU:DF_COU_HEALTH_FINANCING(1.0.0),Q_5_4,_T,CHF_R_POP_R_MH,A,2017,0.674,0,A,3
CH1.COU:DF_COU_HEALTH_FINANCING(1.0.0),Q_5_4,_T,CHF_R_POP_R_MH,A,2018,0.625,0,A,3
CH1.COU:DF_COU_HEALTH_FINANCING(1.0.0),Q_5_4,_T,CHF_R_POP_R_MH,A,2019,0.561,0,A,3
CH1.COU:DF_COU_HEALTH_FINANCING(1.0.0),Q_5_4,_T,CHF_R_POP_R_MH,A,2020,0.597,0,A,3
CH1.COU:DF_COU_HEALTH_FINANCING(1.0.0),Q_5_4,_T,CHF_R_POP_R_MH,A,2021,0.678,0,A,3
CH1.COU:DF_COU_HEALTH_FINANCING(1.0.0),Q_5_4,_T,CHF_R_POP_R_MH,A,2022,0.579,0,A,3
CH1.COU:DF_COU_HEALTH_FINANCING(1.0.0),Q_5_4,_T,CHF_R_POP_R_MH,A,2023,0.537,0,A,3
CH1.COU:DF_COU_HEALTH_FINANCING(1.0.0),Q_5_4,_T,CHF_R_POP_R_MH,A,2024,0.522,0,P,3
CH1.COU:DF_COU_HEALTH_FINANCING(1.0.0),Q_6,F_2_1,CHF,A,2010,148.32,6,A,3
CH1.COU:DF_COU_HEALTH_FINANCING(1.0.0),Q_6,F_2_1,CHF,A,2015,32.76,6,A,3
CH1.COU:DF_COU_HEALTH_FINANCING(1.0.0),Q_6,F_2_1,CHF,A,2021,434.619,6,A,3
CH1.COU:DF_COU_HEALTH_FINANCING(1.0.0),Q_6,F_2_1,CHF,A,2022,1422.696,6,A,3
CH1.COU:DF_COU_HEALTH_FINANCING(1.0.0),Q_6,F_2_1,CHF,A,2023,1158.414,6,A,3
CH1.COU:DF_COU_HEALTH_FINANCING(1.0.0),Q_5,F_3,CHF_R_POP_R_MH,A,1995,3.946,0,A,3
CH1.COU:DF_COU_HEALTH_FINANCING(1.0.0),Q_5,F_3,CHF_R_POP_R_MH,A,1996,3.611,0,A,3
CH1.COU:DF_COU_HEALTH_FINANCING(1.0.0),Q_5,F_3,CHF_R_POP_R_MH,A,1997,4.001,0,A,3
CH1.COU:DF_COU_HEALTH_FINANCING(1.0.0),Q_5,F_3,CHF_R_POP_R_MH,A,1998,4.179,0,A,3
CH1.COU:DF_COU_HEALTH_FINANCING(1.0.0),Q_5,F_3,CHF_R_POP_R_MH,A,1999,4.632,0,A,3
CH1.COU:DF_COU_HEALTH_FINANCING(1.0.0),Q_5,F_3,CHF_R_POP_R_MH,A,2000,4.668,0,A,3
CH1.COU:DF_COU_HEALTH_FINANCING(1.0.0),Q_5,F_3,CHF_R_POP_R_MH,A,2001,4.77,0,A,3
CH1.COU:DF_COU_HEALTH_FINANCING(1.0.0),Q_5,F_3,CHF_R_POP_R_MH,A,2002,4.963,0,A,3
CH1.COU:DF_COU_HEALTH_FINANCING(1.0.0),Q_5,F_3,CHF_R_POP_R_MH,A,2003,4.83,0,A,3
CH1.COU:DF_COU_HEALTH_FINANCING(1.0.0),Q_5,F_3,CHF_R_POP_R_MH,A,2004,5.005,0,A,3
CH1.COU:DF_COU_HEALTH_FINANCING(1.0.0),Q_5,F_3,CHF_R_POP_R_MH,A,2005,3.918,0,A,3
CH1.COU:DF_COU_HEALTH_FINANCING(1.0.0),Q_5,F_3,CHF_R_POP_R_MH,A,2006,4.467,0,A,3
CH1.COU:DF_COU_HEALTH_FINANCING(1.0.0),Q_5,F_3,CHF_R_POP_R_MH,A,2007,4.443,0,A,3
CH1.COU:DF_COU_HEALTH_FINANCING(1.0.0),Q_5,F_3,CHF_R_POP_R_MH,A,2008,4.68,0,A,3
CH1.COU:DF_COU_HEALTH_FINANCING(1.0.0),Q_5,F_3,CHF_R_POP_R_MH,A,2009,4.597,0,A,3
CH1.COU:DF_COU_HEALTH_FINANCING(1.0.0),Q_5,F_3,CHF_R_POP_R_MH,A,2010,6.125,0,A,3
CH1.COU:DF_COU_HEALTH_FINANCING(1.0.0),Q_5,F_3,CHF_R_POP_R_MH,A,2011,5.621,0,A,3
CH1.COU:DF_COU_HEALTH_FINANCING(1.0.0),Q_5,F_3,CHF_R_POP_R_MH,A,2012,5.907,0,A,3
CH1.COU:DF_COU_HEALTH_FINANCING(1.0.0),Q_5,F_3,CHF_R_POP_R_MH,A,2013,7.724,0,A,3
CH1.COU:DF_COU_HEALTH_FINANCING(1.0.0),Q_5,F_3,CHF_R_POP_R_MH,A,2014,7.448,0,A,3
CH1.COU:DF_COU_HEALTH_FINANCING(1.0.0),Q_5,F_3,CHF_R_POP_R_MH,A,2015,7.909,0,A,3
CH1.COU:DF_COU_HEALTH_FINANCING(1.0.0),Q_5,F_3,CHF_R_POP_R_MH,A,2016,7.409,0,A,3
CH1.COU:DF_COU_HEALTH_FINANCING(1.0.0),Q_5,F_3,CHF_R_POP_R_MH,A,2017,7.455,0,A,3
CH1.COU:DF_COU_HEALTH_FINANCING(1.0.0),Q_5,F_3,CHF_R_POP_R_MH,A,2018,8.799,0,A,3
CH1.COU:DF_COU_HEALTH_FINANCING(1.0.0),Q_5,F_3,CHF_R_POP_R_MH,A,2019,8.727,0,A,3
CH1.COU:DF_COU_HEALTH_FINANCING(1.0.0),Q_5,F_3,CHF_R_POP_R_MH,A,2020,12.003,0,A,3
CH1.COU:DF_COU_HEALTH_FINANCING(1.0.0),Q_5,F_3,CHF_R_POP_R_MH,A,2021,10.411,0,A,3
CH1.COU:DF_COU_HEALTH_FINANCING(1.0.0),Q_5,F_3,CHF_R_POP_R_MH,A,2022,11.97,0,A,3
CH1.COU:DF_COU_HEALTH_FINANCING(1.0.0),Q_5,F_3,CHF_R_POP_R_MH,A,2023,12.3,0,A,3
CH1.COU:DF_COU_HEALTH_FINANCING(1.0.0),Q_5,F_3,CHF_R_POP_R_MH,A,2024,10.577,0,P,3
CH1.COU:DF_COU_HEALTH_FINANCING(1.0.0),_T,F_1_2,CHF,A,1995,4467.854,6,A,3
CH1.COU:DF_COU_HEALTH_FINANCING(1.0.0),_T,F_1_2,CHF,A,1996,4678.916,6,A,3
CH1.COU:DF_COU_HEALTH_FINANCING(1.0.0),_T,F_1_2,CHF,A,1997,4610.906,6,A,3
CH1.COU:DF_COU_HEALTH_FINANCING(1.0.0),_T,F_1_2,CHF,A,1998,4601.583,6,A,3
CH1.COU:DF_COU_HEALTH_FINANCING(1.0.0),_T,F_1_2,CHF,A,1999,4860.391,6,A,3
CH1.COU:DF_COU_HEALTH_FINANCING(1.0.0),_T,F_1_2,CHF,A,2000,5001.852,6,A,3
CH1.COU:DF_COU_HEALTH_FINANCING(1.0.0),_T,F_1_2,CHF,A,2001,5922.167,6,A,3
CH1.COU:DF_COU_HEALTH_FINANCING(1.0.0),_T,F_1_2,CHF,A,2002,6669.274,6,A,3
CH1.COU:DF_COU_HEALTH_FINANCING(1.0.0),_T,F_1_2,CHF,A,2003,7090.653,6,A,3
CH1.COU:DF_COU_HEALTH_FINANCING(1.0.0),_T,F_1_2,CHF,A,2004,6959.855,6,A,3
CH1.COU:DF_COU_HEALTH_FINANCING(1.0.0),_T,F_1_2,CHF,A,2005,7223.49,6,A,3
CH1.COU:DF_COU_HEALTH_FINANCING(1.0.0),_T,F_1_2,CHF,A,2006,7347.967,6,A,3
CH1.COU:DF_COU_HEALTH_FINANCING(1.0.0),_T,F_1_2,CHF,A,2007,7599.748,6,A,3
CH1.COU:DF_COU_HEALTH_FINANCING(1.0.0),_T,F_1_2,CHF,A,2008,8929.882,6,A,3
CH1.COU:DF_COU_HEALTH_FINANCING(1.0.0),_T,F_1_2,CHF,A,2009,9714.027,6,A,3
CH1.COU:DF_COU_HEALTH_FINANCING(1.0.0),_T,F_1_2,CHF,A,2010,10349.115,6,A,3
CH1.COU:DF_COU_HEALTH_FINANCING(1.0.0),_T,F_1_2,CHF,A,2011,10849.416,6,A,3
CH1.COU:DF_COU_HEALTH_FINANCING(1.0.0),_T,F_1_2,CHF,A,2012,12122.183,6,A,3
CH1.COU:DF_COU_HEALTH_FINANCING(1.0.0),_T,F_1_2,CHF,A,2013,12110.315,6,A,3
CH1.COU:DF_COU_HEALTH_FINANCING(1.0.0),_T,F_1_2,CHF,A,2014,12583.726,6,A,3
CH1.COU:DF_COU_HEALTH_FINANCING(1.0.0),_T,F_1_2,CHF,A,2015,12749.708,6,A,3
CH1.COU:DF_COU_HEALTH_FINANCING(1.0.0),_T,F_1_2,CHF,A,2016,13255.918,6,A,3
CH1.COU:DF_COU_HEALTH_FINANCING(1.0.0),_T,F_1_2,CHF,A,2017,13731.709,6,A,3
CH1.COU:DF_COU_HEALTH_FINANCING(1.0.0),_T,F_1_2,CHF,A,2018,13723.347,6,A,3
CH1.COU:DF_COU_HEALTH_FINANCING(1.0.0),_T,F_1_2,CHF,A,2019,13847.835,6,A,3
CH1.COU:DF_COU_HEALTH_FINANCING(1.0.0),_T,F_1_2,CHF,A,2020,15079.342,6,A,3
CH1.COU:DF_COU_HEALTH_FINANCING(1.0.0),_T,F_1_2,CHF,A,2021,15288.613,6,A,3
CH1.COU:DF_COU_HEALTH_FINANCING(1.0.0),_T,F_1_2,CHF,A,2022,15551.972,6,A,3
CH1.COU:DF_COU_HEALTH_FINANCING(1.0.0),_T,F_1_2,CHF,A,2023,15432.532,6,A,3
CH1.COU:DF_COU_HEALTH_FINANCING(1.0.0),_T,F_1_2,CHF,A,2024,16349.819,6,P,3
CH1.COU:DF_COU_HEALTH_FINANCING(1.0.0),_T,F_2,CHF,A,1995,14589.603,6,A,3
CH1.COU:DF_COU_HEALTH_FINANCING(1.0.0),_T,F_2,CHF,A,1996,15714.87,6,A,3
CH1.COU:DF_COU_HEALTH_FINANCING(1.0.0),_T,F_2,CHF,A,1997,16423.125,6,A,3
CH1.COU:DF_COU_HEALTH_FINANCING(1.0.0),_T,F_2,CHF,A,1998,17359.223,6,A,3
CH1.COU:DF_COU_HEALTH_FINANCING(1.0.0),_T,F_2,CHF,A,1999,18034.365,6,A,3
CH1.COU:DF_COU_HEALTH_FINANCING(1.0.0),_T,F_2,CHF,A,2000,18949.475,6,A,3
CH1.COU:DF_COU_HEALTH_FINANCING(1.0.0),_T,F_2,CHF,A,2001,19996.299,6,A,3
CH1.COU:DF_COU_HEALTH_FINANCING(1.0.0),_T,F_2,CHF,A,2002,21018.205,6,A,3
CH1.COU:DF_COU_HEALTH_FINANCING(1.0.0),_T,F_2,CHF,A,2003,22171.598,6,A,3
CH1.COU:DF_COU_HEALTH_FINANCING(1.0.0),_T,F_2,CHF,A,2004,23469.691,6,A,3
CH1.COU:DF_COU_HEALTH_FINANCING(1.0.0),_T,F_2,CHF,A,2005,24772.15,6,A,3
CH1.COU:DF_COU_HEALTH_FINANCING(1.0.0),_T,F_2,CHF,A,2006,24942.453,6,A,3
CH1.COU:DF_COU_HEALTH_FINANCING(1.0.0),_T,F_2,CHF,A,2007,26098.48,6,A,3
CH1.COU:DF_COU_HEALTH_FINANCING(1.0.0),_T,F_2,CHF,A,2008,27045.398,6,A,3
CH1.COU:DF_COU_HEALTH_FINANCING(1.0.0),_T,F_2,CHF,A,2009,28144.275,6,A,3
CH1.COU:DF_COU_HEALTH_FINANCING(1.0.0),_T,F_2,CHF,A,2010,28299.158,6,A,3
CH1.COU:DF_COU_HEALTH_FINANCING(1.0.0),_T,F_2,CHF,A,2011,29879.223,6,A,3
CH1.COU:DF_COU_HEALTH_FINANCING(1.0.0),_T,F_2,CHF,A,2012,32348.076,6,A,3
CH1.COU:DF_COU_HEALTH_FINANCING(1.0.0),_T,F_2,CHF,A,2013,33188.805,6,A,3
CH1.COU:DF_COU_HEALTH_FINANCING(1.0.0),_T,F_2,CHF,A,2014,33296.42,6,A,3
CH1.COU:DF_COU_HEALTH_FINANCING(1.0.0),_T,F_2,CHF,A,2015,34456.23,6,A,3
CH1.COU:DF_COU_HEALTH_FINANCING(1.0.0),_T,F_2,CHF,A,2016,36161.465,6,A,3
CH1.COU:DF_COU_HEALTH_FINANCING(1.0.0),_T,F_2,CHF,A,2017,37592.24,6,A,3
CH1.COU:DF_COU_HEALTH_FINANCING(1.0.0),_T,F_2,CHF,A,2018,38930.316,6,A,3
CH1.COU:DF_COU_HEALTH_FINANCING(1.0.0),_T,F_2,CHF,A,2019,39816.49,6,A,3
CH1.COU:DF_COU_HEALTH_FINANCING(1.0.0),_T,F_2,CHF,A,2020,40291.45,6,A,3
CH1.COU:DF_COU_HEALTH_FINANCING(1.0.0),_T,F_2,CHF,A,2021,40896.176,6,A,3
CH1.COU:DF_COU_HEALTH_FINANCING(1.0.0),_T,F_2,CHF,A,2022,42176.63,6,A,3
CH1.COU:DF_COU_HEALTH_FINANCING(1.0.0),_T,F_2,CHF,A,2023,44600.32,6,A,3
CH1.COU:DF_COU_HEALTH_FINANCING(1.0.0),_T,F_2,CHF,A,2024,46733.207,6,P,3
CH1.COU:DF_COU_HEALTH_FINANCING(1.0.0),_T,F_3_1,CHF,A,1995,4352.448,6,A,3
CH1.COU:DF_COU_HEALTH_FINANCING(1.0.0),_T,F_3_1,CHF,A,1996,4649.374,6,A,3
CH1.COU:DF_COU_HEALTH_FINANCING(1.0.0),_T,F_3_1,CHF,A,1997,4393.179,6,A,3
CH1.COU:DF_COU_HEALTH_FINANCING(1.0.0),_T,F_3_1,CHF,A,1998,4510.428,6,A,3
CH1.COU:DF_COU_HEALTH_FINANCING(1.0.0),_T,F_3_1,CHF,A,1999,4293.321,6,A,3
CH1.COU:DF_COU_HEALTH_FINANCING(1.0.0),_T,F_3_1,CHF,A,2000,4498.708,6,A,3
CH1.COU:DF_COU_HEALTH_FINANCING(1.0.0),_T,F_3_1,CHF,A,2001,4633.573,6,A,3
CH1.COU:DF_COU_HEALTH_FINANCING(1.0.0),_T,F_3_1,CHF,A,2002,4536.11,6,A,3
CH1.COU:DF_COU_HEALTH_FINANCING(1.0.0),_T,F_3_1,CHF,A,2003,4631.793,6,A,3
CH1.COU:DF_COU_HEALTH_FINANCING(1.0.0),_T,F_3_1,CHF,A,2004,4756.543,6,A,3
CH1.COU:DF_COU_HEALTH_FINANCING(1.0.0),_T,F_3_1,CHF,A,2005,5214.544,6,A,3
CH1.COU:DF_COU_HEALTH_FINANCING(1.0.0),_T,F_3_1,CHF,A,2006,5397.635,6,A,3
CH1.COU:DF_COU_HEALTH_FINANCING(1.0.0),_T,F_3_1,CHF,A,2007,5729.03,6,A,3
CH1.COU:DF_COU_HEALTH_FINANCING(1.0.0),_T,F_3_1,CHF,A,2008,5845.227,6,A,3
CH1.COU:DF_COU_HEALTH_FINANCING(1.0.0),_T,F_3_1,CHF,A,2009,5994.937,6,A,3
CH1.COU:DF_COU_HEALTH_FINANCING(1.0.0),_T,F_3_1,CHF,A,2010,6021.154,6,A,3
CH1.COU:DF_COU_HEALTH_FINANCING(1.0.0),_T,F_3_1,CHF,A,2011,6310.401,6,A,3
CH1.COU:DF_COU_HEALTH_FINANCING(1.0.0),_T,F_3_1,CHF,A,2012,6419.699,6,A,3
CH1.COU:DF_COU_HEALTH_FINANCING(1.0.0),_T,F_3_1,CHF,A,2013,6513.951,6,A,3
CH1.COU:DF_COU_HEALTH_FINANCING(1.0.0),_T,F_3_1,CHF,A,2014,6377.783,6,A,3
CH1.COU:DF_COU_HEALTH_FINANCING(1.0.0),_T,F_3_1,CHF,A,2015,6467.994,6,A,3
CH1.COU:DF_COU_HEALTH_FINANCING(1.0.0),_T,F_3_1,CHF,A,2016,6678.957,6,A,3
CH1.COU:DF_COU_HEALTH_FINANCING(1.0.0),_T,F_3_1,CHF,A,2017,6850.963,6,A,3
CH1.COU:DF_COU_HEALTH_FINANCING(1.0.0),_T,F_3_1,CHF,A,2018,6973.553,6,A,3
CH1.COU:DF_COU_HEALTH_FINANCING(1.0.0),_T,F_3_1,CHF,A,2019,6892.511,6,A,3
CH1.COU:DF_COU_HEALTH_FINANCING(1.0.0),_T,F_3_1,CHF,A,2020,7026.506,6,A,3
CH1.COU:DF_COU_HEALTH_FINANCING(1.0.0),_T,F_3_1,CHF,A,2021,7088.127,6,A,3
CH1.COU:DF_COU_HEALTH_FINANCING(1.0.0),_T,F_3_1,CHF,A,2022,7122.203,6,A,3
CH1.COU:DF_COU_HEALTH_FINANCING(1.0.0),_T,F_3_1,CHF,A,2023,7257.505,6,A,3
CH1.COU:DF_COU_HEALTH_FINANCING(1.0.0),_T,F_3_1,CHF,A,2024,7342.132,6,P,3
CH1.COU:DF_COU_HEALTH_FINANCING(1.0.0),_T,F_3_2,CHF_R_POP_R_MH,A,1995,3.02,0,A,3
CH1.COU:DF_COU_HEALTH_FINANCING(1.0.0),_T,F_3_2,CHF_R_POP_R_MH,A,1996,2.433,0,A,3
CH1.COU:DF_COU_HEALTH_FINANCING(1.0.0),_T,F_3_2,CHF_R_POP_R_MH,A,1997,2.981,0,A,3
CH1.COU:DF_COU_HEALTH_FINANCING(1.0.0),_T,F_3_2,CHF_R_POP_R_MH,A,1998,3.153,0,A,3
CH1.COU:DF_COU_HEALTH_FINANCING(1.0.0),_T,F_3_2,CHF_R_POP_R_MH,A,1999,3.643,0,A,3
CH1.COU:DF_COU_HEALTH_FINANCING(1.0.0),_T,F_3_2,CHF_R_POP_R_MH,A,2000,3.594,0,A,3
CH1.COU:DF_COU_HEALTH_FINANCING(1.0.0),_T,F_3_2,CHF_R_POP_R_MH,A,2001,3.642,0,A,3
CH1.COU:DF_COU_HEALTH_FINANCING(1.0.0),_T,F_3_2,CHF_R_POP_R_MH,A,2002,3.85,0,A,3
CH1.COU:DF_COU_HEALTH_FINANCING(1.0.0),_T,F_3_2,CHF_R_POP_R_MH,A,2003,3.593,0,A,3
CH1.COU:DF_COU_HEALTH_FINANCING(1.0.0),_T,F_3_2,CHF_R_POP_R_MH,A,2004,3.819,0,A,3
CH1.COU:DF_COU_HEALTH_FINANCING(1.0.0),_T,F_3_2,CHF_R_POP_R_MH,A,2005,2.079,0,A,3
CH1.COU:DF_COU_HEALTH_FINANCING(1.0.0),_T,F_3_2,CHF_R_POP_R_MH,A,2006,2.778,0,A,3
CH1.COU:DF_COU_HEALTH_FINANCING(1.0.0),_T,F_3_2,CHF_R_POP_R_MH,A,2007,2.564,0,A,3
CH1.COU:DF_COU_HEALTH_FINANCING(1.0.0),_T,F_3_2,CHF_R_POP_R_MH,A,2008,2.597,0,A,3
CH1.COU:DF_COU_HEALTH_FINANCING(1.0.0),_T,F_3_2,CHF_R_POP_R_MH,A,2009,2.557,0,A,3
CH1.COU:DF_COU_HEALTH_FINANCING(1.0.0),_T,F_3_2,CHF_R_POP_R_MH,A,2010,6.082,0,A,3
CH1.COU:DF_COU_HEALTH_FINANCING(1.0.0),_T,F_3_2,CHF_R_POP_R_MH,A,2011,6.221,0,A,3
CH1.COU:DF_COU_HEALTH_FINANCING(1.0.0),_T,F_3_2,CHF_R_POP_R_MH,A,2012,5.844,0,A,3
CH1.COU:DF_COU_HEALTH_FINANCING(1.0.0),_T,F_3_2,CHF_R_POP_R_MH,A,2013,7.347,0,A,3
CH1.COU:DF_COU_HEALTH_FINANCING(1.0.0),_T,F_3_2,CHF_R_POP_R_MH,A,2014,6.459,0,A,3
CH1.COU:DF_COU_HEALTH_FINANCING(1.0.0),_T,F_3_2,CHF_R_POP_R_MH,A,2015,6.922,0,A,3
CH1.COU:DF_COU_HEALTH_FINANCING(1.0.0),_T,F_3_2,CHF_R_POP_R_MH,A,2016,6.6,0,A,3
CH1.COU:DF_COU_HEALTH_FINANCING(1.0.0),_T,F_3_2,CHF_R_POP_R_MH,A,2017,6.815,0,A,3
CH1.COU:DF_COU_HEALTH_FINANCING(1.0.0),_T,F_3_2,CHF_R_POP_R_MH,A,2018,7.06,0,A,3
CH1.COU:DF_COU_HEALTH_FINANCING(1.0.0),_T,F_3_2,CHF_R_POP_R_MH,A,2019,6.199,0,A,3
CH1.COU:DF_COU_HEALTH_FINANCING(1.0.0),_T,F_3_2,CHF_R_POP_R_MH,A,2020,6.651,0,A,3
CH1.COU:DF_COU_HEALTH_FINANCING(1.0.0),_T,F_3_2,CHF_R_POP_R_MH,A,2021,6.873,0,A,3
CH1.COU:DF_COU_HEALTH_FINANCING(1.0.0),_T,F_3_2,CHF_R_POP_R_MH,A,2022,7.144,0,A,3
CH1.COU:DF_COU_HEALTH_FINANCING(1.0.0),_T,F_3_2,CHF_R_POP_R_MH,A,2023,7.5,0,A,3
CH1.COU:DF_COU_HEALTH_FINANCING(1.0.0),_T,F_3_2,CHF_R_POP_R_MH,A,2024,6.937,0,P,3
CH1.COU:DF_COU_HEALTH_FINANCING(1.0.0),Q_1,F_2_1,CHF_R_POP_R_MH,A,1995,21.657,0,A,3
CH1.COU:DF_COU_HEALTH_FINANCING(1.0.0),Q_1,F_2_1,CHF_R_POP_R_MH,A,1996,16.234,0,A,3
CH1.COU:DF_COU_HEALTH_FINANCING(1.0.0),Q_1,F_2_1,CHF_R_POP_R_MH,A,1997,18.11,0,A,3
CH1.COU:DF_COU_HEALTH_FINANCING(1.0.0),Q_1,F_2_1,CHF_R_POP_R_MH,A,1998,18.943,0,A,3
CH1.COU:DF_COU_HEALTH_FINANCING(1.0.0),Q_1,F_2_1,CHF_R_POP_R_MH,A,1999,20.009,0,A,3
CH1.COU:DF_COU_HEALTH_FINANCING(1.0.0),Q_1,F_2_1,CHF_R_POP_R_MH,A,2000,20.374,0,A,3
CH1.COU:DF_COU_HEALTH_FINANCING(1.0.0),Q_1,F_2_1,CHF_R_POP_R_MH,A,2001,21.168,0,A,3
CH1.COU:DF_COU_HEALTH_FINANCING(1.0.0),Q_1,F_2_1,CHF_R_POP_R_MH,A,2002,22.105,0,A,3
CH1.COU:DF_COU_HEALTH_FINANCING(1.0.0),Q_1,F_2_1,CHF_R_POP_R_MH,A,2003,22.828,0,A,3
CH1.COU:DF_COU_HEALTH_FINANCING(1.0.0),Q_1,F_2_1,CHF_R_POP_R_MH,A,2004,23.144,0,A,3
CH1.COU:DF_COU_HEALTH_FINANCING(1.0.0),Q_1,F_2_1,CHF_R_POP_R_MH,A,2005,23.634,0,A,3
CH1.COU:DF_COU_HEALTH_FINANCING(1.0.0),Q_1,F_2_1,CHF_R_POP_R_MH,A,2006,24.356,0,A,3
CH1.COU:DF_COU_HEALTH_FINANCING(1.0.0),Q_1,F_2_1,CHF_R_POP_R_MH,A,2007,25.657,0,A,3
CH1.COU:DF_COU_HEALTH_FINANCING(1.0.0),Q_1,F_2_1,CHF_R_POP_R_MH,A,2008,19.541,0,A,3
CH1.COU:DF_COU_HEALTH_FINANCING(1.0.0),Q_1,F_2_1,CHF_R_POP_R_MH,A,2009,19.701,0,A,3
CH1.COU:DF_COU_HEALTH_FINANCING(1.0.0),Q_1,F_2_1,CHF_R_POP_R_MH,A,2010,21,0,A,3
CH1.COU:DF_COU_HEALTH_FINANCING(1.0.0),Q_1,F_2_1,CHF_R_POP_R_MH,A,2011,22.247,0,A,3
CH1.COU:DF_COU_HEALTH_FINANCING(1.0.0),Q_1,F_2_1,CHF_R_POP_R_MH,A,2012,22.382,0,A,3
CH1.COU:DF_COU_HEALTH_FINANCING(1.0.0),Q_1,F_2_1,CHF_R_POP_R_MH,A,2013,22.416,0,A,3
CH1.COU:DF_COU_HEALTH_FINANCING(1.0.0),Q_1,F_2_1,CHF_R_POP_R_MH,A,2014,22.775,0,A,3
CH1.COU:DF_COU_HEALTH_FINANCING(1.0.0),Q_1,F_2_1,CHF_R_POP_R_MH,A,2015,23.657,0,A,3
CH1.COU:DF_COU_HEALTH_FINANCING(1.0.0),Q_1,F_2_1,CHF_R_POP_R_MH,A,2016,24.638,0,A,3
CH1.COU:DF_COU_HEALTH_FINANCING(1.0.0),Q_1,F_2_1,CHF_R_POP_R_MH,A,2017,25.749,0,A,3
CH1.COU:DF_COU_HEALTH_FINANCING(1.0.0),Q_1,F_2_1,CHF_R_POP_R_MH,A,2018,26.824,0,A,3
CH1.COU:DF_COU_HEALTH_FINANCING(1.0.0),Q_1,F_2_1,CHF_R_POP_R_MH,A,2019,27.437,0,A,3
CH1.COU:DF_COU_HEALTH_FINANCING(1.0.0),Q_1,F_2_1,CHF_R_POP_R_MH,A,2020,27.441,0,A,3
CH1.COU:DF_COU_HEALTH_FINANCING(1.0.0),Q_1,F_2_1,CHF_R_POP_R_MH,A,2021,27.46,0,A,3
CH1.COU:DF_COU_HEALTH_FINANCING(1.0.0),Q_1,F_2_1,CHF_R_POP_R_MH,A,2022,27.214,0,A,3
CH1.COU:DF_COU_HEALTH_FINANCING(1.0.0),Q_1,F_2_1,CHF_R_POP_R_MH,A,2023,28.492,0,A,3
CH1.COU:DF_COU_HEALTH_FINANCING(1.0.0),Q_1,F_2_1,CHF_R_POP_R_MH,A,2024,30.892,0,P,3
CH1.COU:DF_COU_HEALTH_FINANCING(1.0.0),Q_3,F_2_7,CHF,A,1995,49.978,6,A,3
CH1.COU:DF_COU_HEALTH_FINANCING(1.0.0),Q_3,F_2_7,CHF,A,1996,52.631,6,A,3
CH1.COU:DF_COU_HEALTH_FINANCING(1.0.0),Q_3,F_2_7,CHF,A,1997,59.436,6,A,3
CH1.COU:DF_COU_HEALTH_FINANCING(1.0.0),Q_3,F_2_7,CHF,A,1998,61.949,6,A,3
CH1.COU:DF_COU_HEALTH_FINANCING(1.0.0),Q_3,F_2_7,CHF,A,1999,66.214,6,A,3
CH1.COU:DF_COU_HEALTH_FINANCING(1.0.0),Q_3,F_2_7,CHF,A,2000,67.866,6,A,3
CH1.COU:DF_COU_HEALTH_FINANCING(1.0.0),Q_3,F_2_7,CHF,A,2001,72.255,6,A,3
CH1.COU:DF_COU_HEALTH_FINANCING(1.0.0),Q_3,F_2_7,CHF,A,2002,79.968,6,A,3
CH1.COU:DF_COU_HEALTH_FINANCING(1.0.0),Q_3,F_2_7,CHF,A,2003,85.35,6,A,3
CH1.COU:DF_COU_HEALTH_FINANCING(1.0.0),Q_3,F_2_7,CHF,A,2004,89.092,6,A,3
CH1.COU:DF_COU_HEALTH_FINANCING(1.0.0),Q_3,F_2_7,CHF,A,2005,90.82,6,A,3
CH1.COU:DF_COU_HEALTH_FINANCING(1.0.0),Q_3,F_2_7,CHF,A,2006,89.235,6,A,3
CH1.COU:DF_COU_HEALTH_FINANCING(1.0.0),Q_3,F_2_7,CHF,A,2007,95.319,6,A,3
CH1.COU:DF_COU_HEALTH_FINANCING(1.0.0),Q_3,F_2_7,CHF,A,2008,237.775,6,A,3
CH1.COU:DF_COU_HEALTH_FINANCING(1.0.0),Q_3,F_2_7,CHF,A,2009,252.273,6,A,3
CH1.COU:DF_COU_HEALTH_FINANCING(1.0.0),Q_4,F_3,CHF_R_POP_R_MH,A,1995,54.535,0,A,3
CH1.COU:DF_COU_HEALTH_FINANCING(1.0.0),Q_4,F_3,CHF_R_POP_R_MH,A,1996,57.22,0,A,3
CH1.COU:DF_COU_HEALTH_FINANCING(1.0.0),Q_4,F_3,CHF_R_POP_R_MH,A,1997,54.624,0,A,3
CH1.COU:DF_COU_HEALTH_FINANCING(1.0.0),Q_4,F_3,CHF_R_POP_R_MH,A,1998,56.018,0,A,3
CH1.COU:DF_COU_HEALTH_FINANCING(1.0.0),Q_4,F_3,CHF_R_POP_R_MH,A,1999,53.724,0,A,3
CH1.COU:DF_COU_HEALTH_FINANCING(1.0.0),Q_4,F_3,CHF_R_POP_R_MH,A,2000,55.776,0,A,3
CH1.COU:DF_COU_HEALTH_FINANCING(1.0.0),Q_4,F_3,CHF_R_POP_R_MH,A,2001,57.074,0,A,3
CH1.COU:DF_COU_HEALTH_FINANCING(1.0.0),Q_4,F_3,CHF_R_POP_R_MH,A,2002,55.74,0,A,3
CH1.COU:DF_COU_HEALTH_FINANCING(1.0.0),Q_4,F_3,CHF_R_POP_R_MH,A,2003,56.187,0,A,3
CH1.COU:DF_COU_HEALTH_FINANCING(1.0.0),Q_4,F_3,CHF_R_POP_R_MH,A,2004,57.458,0,A,3
CH1.COU:DF_COU_HEALTH_FINANCING(1.0.0),Q_4,F_3,CHF_R_POP_R_MH,A,2005,60.508,0,A,3
CH1.COU:DF_COU_HEALTH_FINANCING(1.0.0),Q_4,F_3,CHF_R_POP_R_MH,A,2006,62.881,0,A,3
CH1.COU:DF_COU_HEALTH_FINANCING(1.0.0),Q_4,F_3,CHF_R_POP_R_MH,A,2007,65.789,0,A,3
CH1.COU:DF_COU_HEALTH_FINANCING(1.0.0),Q_4,F_3,CHF_R_POP_R_MH,A,2008,66.29,0,A,3
CH1.COU:DF_COU_HEALTH_FINANCING(1.0.0),Q_4,F_3,CHF_R_POP_R_MH,A,2009,67.07,0,A,3
CH1.COU:DF_COU_HEALTH_FINANCING(1.0.0),Q_4,F_3,CHF_R_POP_R_MH,A,2010,70.206,0,A,3
CH1.COU:DF_COU_HEALTH_FINANCING(1.0.0),Q_4,F_3,CHF_R_POP_R_MH,A,2011,72.682,0,A,3
CH1.COU:DF_COU_HEALTH_FINANCING(1.0.0),Q_4,F_3,CHF_R_POP_R_MH,A,2012,72.742,0,A,3
CH1.COU:DF_COU_HEALTH_FINANCING(1.0.0),Q_4,F_3,CHF_R_POP_R_MH,A,2013,74.452,0,A,3
CH1.COU:DF_COU_HEALTH_FINANCING(1.0.0),Q_4,F_3,CHF_R_POP_R_MH,A,2014,71.364,0,A,3
CH1.COU:DF_COU_HEALTH_FINANCING(1.0.0),Q_4,F_3,CHF_R_POP_R_MH,A,2015,72,0,A,3
CH1.COU:DF_COU_HEALTH_FINANCING(1.0.0),Q_4,F_3,CHF_R_POP_R_MH,A,2016,73.07,0,A,3
CH1.COU:DF_COU_HEALTH_FINANCING(1.0.0),Q_4,F_3,CHF_R_POP_R_MH,A,2017,74.364,0,A,3
CH1.COU:DF_COU_HEALTH_FINANCING(1.0.0),Q_4,F_3,CHF_R_POP_R_MH,A,2018,75.313,0,A,3
CH1.COU:DF_COU_HEALTH_FINANCING(1.0.0),Q_4,F_3,CHF_R_POP_R_MH,A,2019,73.18,0,A,3
CH1.COU:DF_COU_HEALTH_FINANCING(1.0.0),Q_4,F_3,CHF_R_POP_R_MH,A,2020,74.436,0,A,3
CH1.COU:DF_COU_HEALTH_FINANCING(1.0.0),Q_4,F_3,CHF_R_POP_R_MH,A,2021,74.732,0,A,3
CH1.COU:DF_COU_HEALTH_FINANCING(1.0.0),Q_4,F_3,CHF_R_POP_R_MH,A,2022,74.765,0,A,3
CH1.COU:DF_COU_HEALTH_FINANCING(1.0.0),Q_4,F_3,CHF_R_POP_R_MH,A,2023,75.54,0,A,3
CH1.COU:DF_COU_HEALTH_FINANCING(1.0.0),Q_4,F_3,CHF_R_POP_R_MH,A,2024,74.87,0,P,3
CH1.COU:DF_COU_HEALTH_FINANCING(1.0.0),Q_5,F_2_2,CHF_R_POP_R_MH,A,1995,1.509,0,A,3
CH1.COU:DF_COU_HEALTH_FINANCING(1.0.0),Q_5,F_2_2,CHF_R_POP_R_MH,A,1996,1.695,0,A,3
CH1.COU:DF_COU_HEALTH_FINANCING(1.0.0),Q_5,F_2_2,CHF_R_POP_R_MH,A,1997,1.91,0,A,3
CH1.COU:DF_COU_HEALTH_FINANCING(1.0.0),Q_5,F_2_2,CHF_R_POP_R_MH,A,1998,1.899,0,A,3
CH1.COU:DF_COU_HEALTH_FINANCING(1.0.0),Q_5,F_2_2,CHF_R_POP_R_MH,A,1999,1.931,0,A,3
CH1.COU:DF_COU_HEALTH_FINANCING(1.0.0),Q_5,F_2_2,CHF_R_POP_R_MH,A,2000,1.953,0,A,3
CH1.COU:DF_COU_HEALTH_FINANCING(1.0.0),Q_5,F_2_2,CHF_R_POP_R_MH,A,2001,2.015,0,A,3
CH1.COU:DF_COU_HEALTH_FINANCING(1.0.0),Q_5,F_2_2,CHF_R_POP_R_MH,A,2002,2.042,0,A,3
CH1.COU:DF_COU_HEALTH_FINANCING(1.0.0),Q_5,F_2_2,CHF_R_POP_R_MH,A,2003,2.343,0,A,3
CH1.COU:DF_COU_HEALTH_FINANCING(1.0.0),Q_5,F_2_2,CHF_R_POP_R_MH,A,2004,2.339,0,A,3
CH1.COU:DF_COU_HEALTH_FINANCING(1.0.0),Q_5,F_2_2,CHF_R_POP_R_MH,A,2005,2.452,0,A,3
CH1.COU:DF_COU_HEALTH_FINANCING(1.0.0),Q_5,F_2_2,CHF_R_POP_R_MH,A,2006,2.439,0,A,3
CH1.COU:DF_COU_HEALTH_FINANCING(1.0.0),Q_5,F_2_2,CHF_R_POP_R_MH,A,2007,2.442,0,A,3
CH1.COU:DF_COU_HEALTH_FINANCING(1.0.0),Q_5,F_2_2,CHF_R_POP_R_MH,A,2008,0.999,0,A,3
CH1.COU:DF_COU_HEALTH_FINANCING(1.0.0),Q_5,F_2_2,CHF_R_POP_R_MH,A,2009,3.676,0,A,3
CH1.COU:DF_COU_HEALTH_FINANCING(1.0.0),Q_5,F_2_2,CHF_R_POP_R_MH,A,2010,0.893,0,A,3
CH1.COU:DF_COU_HEALTH_FINANCING(1.0.0),Q_5,F_2_2,CHF_R_POP_R_MH,A,2011,0.907,0,A,3
CH1.COU:DF_COU_HEALTH_FINANCING(1.0.0),Q_5,F_2_2,CHF_R_POP_R_MH,A,2012,0.713,0,A,3
CH1.COU:DF_COU_HEALTH_FINANCING(1.0.0),Q_5,F_2_2,CHF_R_POP_R_MH,A,2013,0.537,0,A,3
CH1.COU:DF_COU_HEALTH_FINANCING(1.0.0),Q_5,F_2_2,CHF_R_POP_R_MH,A,2014,0.58,0,A,3
CH1.COU:DF_COU_HEALTH_FINANCING(1.0.0),Q_5,F_2_2,CHF_R_POP_R_MH,A,2015,0.593,0,A,3
CH1.COU:DF_COU_HEALTH_FINANCING(1.0.0),Q_5,F_2_2,CHF_R_POP_R_MH,A,2016,0.628,0,A,3
CH1.COU:DF_COU_HEALTH_FINANCING(1.0.0),Q_5,F_2_2,CHF_R_POP_R_MH,A,2017,0.648,0,A,3
CH1.COU:DF_COU_HEALTH_FINANCING(1.0.0),Q_5,F_2_2,CHF_R_POP_R_MH,A,2018,0.676,0,A,3
CH1.COU:DF_COU_HEALTH_FINANCING(1.0.0),Q_5,F_2_2,CHF_R_POP_R_MH,A,2019,0.801,0,A,3
CH1.COU:DF_COU_HEALTH_FINANCING(1.0.0),Q_5,F_2_2,CHF_R_POP_R_MH,A,2020,0.793,0,A,3
CH1.COU:DF_COU_HEALTH_FINANCING(1.0.0),Q_5,F_2_2,CHF_R_POP_R_MH,A,2021,0.852,0,A,3
CH1.COU:DF_COU_HEALTH_FINANCING(1.0.0),Q_5,F_2_2,CHF_R_POP_R_MH,A,2022,0.74,0,A,3
CH1.COU:DF_COU_HEALTH_FINANCING(1.0.0),Q_5,F_2_2,CHF_R_POP_R_MH,A,2023,1.007,0,A,3
CH1.COU:DF_COU_HEALTH_FINANCING(1.0.0),Q_5,F_2_2,CHF_R_POP_R_MH,A,2024,0.984,0,P,3
CH1.COU:DF_COU_HEALTH_FINANCING(1.0.0),Q_6,_T,CHF_R_POP_R_MH,A,1995,8.21,0,A,3
CH1.COU:DF_COU_HEALTH_FINANCING(1.0.0),Q_6,_T,CHF_R_POP_R_MH,A,1996,6.277,0,A,3
CH1.COU:DF_COU_HEALTH_FINANCING(1.0.0),Q_6,_T,CHF_R_POP_R_MH,A,1997,7.815,0,A,3
CH1.COU:DF_COU_HEALTH_FINANCING(1.0.0),Q_6,_T,CHF_R_POP_R_MH,A,1998,8.309,0,A,3
CH1.COU:DF_COU_HEALTH_FINANCING(1.0.0),Q_6,_T,CHF_R_POP_R_MH,A,1999,9.789,0,A,3
CH1.COU:DF_COU_HEALTH_FINANCING(1.0.0),Q_6,_T,CHF_R_POP_R_MH,A,2000,9.414,0,A,3
CH1.COU:DF_COU_HEALTH_FINANCING(1.0.0),Q_6,_T,CHF_R_POP_R_MH,A,2001,9.498,0,A,3
CH1.COU:DF_COU_HEALTH_FINANCING(1.0.0),Q_6,_T,CHF_R_POP_R_MH,A,2002,9.299,0,A,3
CH1.COU:DF_COU_HEALTH_FINANCING(1.0.0),Q_6,_T,CHF_R_POP_R_MH,A,2003,8.445,0,A,3
CH1.COU:DF_COU_HEALTH_FINANCING(1.0.0),Q_6,_T,CHF_R_POP_R_MH,A,2004,9.203,0,A,3
CH1.COU:DF_COU_HEALTH_FINANCING(1.0.0),Q_6,_T,CHF_R_POP_R_MH,A,2005,3.555,0,A,3
CH1.COU:DF_COU_HEALTH_FINANCING(1.0.0),Q_6,_T,CHF_R_POP_R_MH,A,2006,5.545,0,A,3
CH1.COU:DF_COU_HEALTH_FINANCING(1.0.0),Q_6,_T,CHF_R_POP_R_MH,A,2007,4.632,0,A,3
CH1.COU:DF_COU_HEALTH_FINANCING(1.0.0),Q_6,_T,CHF_R_POP_R_MH,A,2008,4.195,0,A,3
CH1.COU:DF_COU_HEALTH_FINANCING(1.0.0),Q_6,_T,CHF_R_POP_R_MH,A,2009,4.494,0,A,3
CH1.COU:DF_COU_HEALTH_FINANCING(1.0.0),Q_6,_T,CHF_R_POP_R_MH,A,2010,5.653,0,A,3
CH1.COU:DF_COU_HEALTH_FINANCING(1.0.0),Q_6,_T,CHF_R_POP_R_MH,A,2011,6.256,0,A,3
CH1.COU:DF_COU_HEALTH_FINANCING(1.0.0),Q_6,_T,CHF_R_POP_R_MH,A,2012,8.728,0,A,3
CH1.COU:DF_COU_HEALTH_FINANCING(1.0.0),Q_6,_T,CHF_R_POP_R_MH,A,2013,7.427,0,A,3
CH1.COU:DF_COU_HEALTH_FINANCING(1.0.0),Q_6,_T,CHF_R_POP_R_MH,A,2014,11.056,0,A,3
CH1.COU:DF_COU_HEALTH_FINANCING(1.0.0),Q_6,_T,CHF_R_POP_R_MH,A,2015,10.234,0,A,3
CH1.COU:DF_COU_HEALTH_FINANCING(1.0.0),Q_6,_T,CHF_R_POP_R_MH,A,2016,12.571,0,A,3
CH1.COU:DF_COU_HEALTH_FINANCING(1.0.0),Q_6,_T,CHF_R_POP_R_MH,A,2017,11.211,0,A,3
CH1.COU:DF_COU_HEALTH_FINANCING(1.0.0),Q_6,_T,CHF_R_POP_R_MH,A,2018,15.984,0,A,3
CH1.COU:DF_COU_HEALTH_FINANCING(1.0.0),Q_6,_T,CHF_R_POP_R_MH,A,2019,11.273,0,A,3
CH1.COU:DF_COU_HEALTH_FINANCING(1.0.0),Q_6,_T,CHF_R_POP_R_MH,A,2020,7.466,0,A,3
CH1.COU:DF_COU_HEALTH_FINANCING(1.0.0),Q_6,_T,CHF_R_POP_R_MH,A,2021,19.453,0,A,3
CH1.COU:DF_COU_HEALTH_FINANCING(1.0.0),Q_6,_T,CHF_R_POP_R_MH,A,2022,26.483,0,A,3
CH1.COU:DF_COU_HEALTH_FINANCING(1.0.0),Q_6,_T,CHF_R_POP_R_MH,A,2023,23.324,0,A,3
CH1.COU:DF_COU_HEALTH_FINANCING(1.0.0),Q_6,_T,CHF_R_POP_R_MH,A,2024,14.665,0,P,3
CH1.COU:DF_COU_HEALTH_FINANCING(1.0.0),_T,F_2_6,CHF,A,1995,939.108,6,A,3
CH1.COU:DF_COU_HEALTH_FINANCING(1.0.0),_T,F_2_6,CHF,A,1996,868.788,6,A,3
CH1.COU:DF_COU_HEALTH_FINANCING(1.0.0),_T,F_2_6,CHF,A,1997,839.921,6,A,3
CH1.COU:DF_COU_HEALTH_FINANCING(1.0.0),_T,F_2_6,CHF,A,1998,855.042,6,A,3
CH1.COU:DF_COU_HEALTH_FINANCING(1.0.0),_T,F_2_6,CHF,A,1999,861.876,6,A,3
CH1.COU:DF_COU_HEALTH_FINANCING(1.0.0),_T,F_2_6,CHF,A,2000,867.988,6,A,3
CH1.COU:DF_COU_HEALTH_FINANCING(1.0.0),_T,F_2_6,CHF,A,2001,866.137,6,A,3
CH1.COU:DF_COU_HEALTH_FINANCING(1.0.0),_T,F_2_6,CHF,A,2002,925.222,6,A,3
CH1.COU:DF_COU_HEALTH_FINANCING(1.0.0),_T,F_2_6,CHF,A,2003,957.3,6,A,3
CH1.COU:DF_COU_HEALTH_FINANCING(1.0.0),_T,F_2_6,CHF,A,2004,1004.179,6,A,3
CH1.COU:DF_COU_HEALTH_FINANCING(1.0.0),_T,F_2_6,CHF,A,2005,1025.943,6,A,3
CH1.COU:DF_COU_HEALTH_FINANCING(1.0.0),_T,F_2_6,CHF,A,2006,1034.047,6,A,3
CH1.COU:DF_COU_HEALTH_FINANCING(1.0.0),_T,F_2_6,CHF,A,2007,1097.928,6,A,3
CH1.COU:DF_COU_HEALTH_FINANCING(1.0.0),_T,F_2_6,CHF,A,2008,1331.944,6,A,3
CH1.COU:DF_COU_HEALTH_FINANCING(1.0.0),_T,F_2_6,CHF,A,2009,1431.46,6,A,3
CH1.COU:DF_COU_HEALTH_FINANCING(1.0.0),_T,F_2_6,CHF,A,2010,1530.765,6,A,3
CH1.COU:DF_COU_HEALTH_FINANCING(1.0.0),_T,F_2_6,CHF,A,2011,1590.174,6,A,3
CH1.COU:DF_COU_HEALTH_FINANCING(1.0.0),_T,F_2_6,CHF,A,2012,1629.298,6,A,3
CH1.COU:DF_COU_HEALTH_FINANCING(1.0.0),_T,F_2_6,CHF,A,2013,1665.469,6,A,3
CH1.COU:DF_COU_HEALTH_FINANCING(1.0.0),_T,F_2_6,CHF,A,2014,1719.703,6,A,3
CH1.COU:DF_COU_HEALTH_FINANCING(1.0.0),_T,F_2_6,CHF,A,2015,1748.877,6,A,3
CH1.COU:DF_COU_HEALTH_FINANCING(1.0.0),_T,F_2_6,CHF,A,2016,1784.813,6,A,3
CH1.COU:DF_COU_HEALTH_FINANCING(1.0.0),_T,F_2_6,CHF,A,2017,1789.748,6,A,3
CH1.COU:DF_COU_HEALTH_FINANCING(1.0.0),_T,F_2_6,CHF,A,2018,1795.404,6,A,3
CH1.COU:DF_COU_HEALTH_FINANCING(1.0.0),_T,F_2_6,CHF,A,2019,1842.73,6,A,3
CH1.COU:DF_COU_HEALTH_FINANCING(1.0.0),_T,F_2_6,CHF,A,2020,1859.81,6,A,3
CH1.COU:DF_COU_HEALTH_FINANCING(1.0.0),_T,F_2_6,CHF,A,2021,1756.123,6,A,3
CH1.COU:DF_COU_HEALTH_FINANCING(1.0.0),_T,F_2_6,CHF,A,2022,1733.425,6,A,3
CH1.COU:DF_COU_HEALTH_FINANCING(1.0.0),_T,F_2_6,CHF,A,2023,1798.201,6,A,3
CH1.COU:DF_COU_HEALTH_FINANCING(1.0.0),_T,F_2_6,CHF,A,2024,1883.294,6,P,3
CH1.COU:DF_COU_HEALTH_FINANCING(1.0.0),_T,_T,CHF_R_POP_R_MH,A,1995,431.308,0,A,3
CH1.COU:DF_COU_HEALTH_FINANCING(1.0.0),_T,_T,CHF_R_POP_R_MH,A,1996,449.965,0,A,3
CH1.COU:DF_COU_HEALTH_FINANCING(1.0.0),_T,_T,CHF_R_POP_R_MH,A,1997,457.597,0,A,3
CH1.COU:DF_COU_HEALTH_FINANCING(1.0.0),_T,_T,CHF_R_POP_R_MH,A,1998,474.308,0,A,3
CH1.COU:DF_COU_HEALTH_FINANCING(1.0.0),_T,_T,CHF_R_POP_R_MH,A,1999,486.349,0,A,3
CH1.COU:DF_COU_HEALTH_FINANCING(1.0.0),_T,_T,CHF_R_POP_R_MH,A,2000,504.042,0,A,3
CH1.COU:DF_COU_HEALTH_FINANCING(1.0.0),_T,_T,CHF_R_POP_R_MH,A,2001,532.095,0,A,3
CH1.COU:DF_COU_HEALTH_FINANCING(1.0.0),_T,_T,CHF_R_POP_R_MH,A,2002,549.122,0,A,3
CH1.COU:DF_COU_HEALTH_FINANCING(1.0.0),_T,_T,CHF_R_POP_R_MH,A,2003,565.559,0,A,3
CH1.COU:DF_COU_HEALTH_FINANCING(1.0.0),_T,_T,CHF_R_POP_R_MH,A,2004,583.568,0,A,3
CH1.COU:DF_COU_HEALTH_FINANCING(1.0.0),_T,_T,CHF_R_POP_R_MH,A,2005,591.893,0,A,3
CH1.COU:DF_COU_HEALTH_FINANCING(1.0.0),_T,_T,CHF_R_POP_R_MH,A,2006,595.739,0,A,3
CH1.COU:DF_COU_HEALTH_FINANCING(1.0.0),_T,_T,CHF_R_POP_R_MH,A,2007,617.545,0,A,3
CH1.COU:DF_COU_HEALTH_FINANCING(1.0.0),_T,_T,CHF_R_POP_R_MH,A,2008,643.464,0,A,3
CH1.COU:DF_COU_HEALTH_FINANCING(1.0.0),_T,_T,CHF_R_POP_R_MH,A,2009,663.49,0,A,3
CH1.COU:DF_COU_HEALTH_FINANCING(1.0.0),_T,_T,CHF_R_POP_R_MH,A,2010,671.598,0,A,3
CH1.COU:DF_COU_HEALTH_FINANCING(1.0.0),_T,_T,CHF_R_POP_R_MH,A,2011,694.848,0,A,3
CH1.COU:DF_COU_HEALTH_FINANCING(1.0.0),_T,_T,CHF_R_POP_R_MH,A,2012,735.554,0,A,3
CH1.COU:DF_COU_HEALTH_FINANCING(1.0.0),_T,_T,CHF_R_POP_R_MH,A,2013,742.962,0,A,3
CH1.COU:DF_COU_HEALTH_FINANCING(1.0.0),_T,_T,CHF_R_POP_R_MH,A,2014,742.572,0,A,3
CH1.COU:DF_COU_HEALTH_FINANCING(1.0.0),_T,_T,CHF_R_POP_R_MH,A,2015,751.403,0,A,3
CH1.COU:DF_COU_HEALTH_FINANCING(1.0.0),_T,_T,CHF_R_POP_R_MH,A,2016,770.129,0,A,3
CH1.COU:DF_COU_HEALTH_FINANCING(1.0.0),_T,_T,CHF_R_POP_R_MH,A,2017,789.437,0,A,3
CH1.COU:DF_COU_HEALTH_FINANCING(1.0.0),_T,_T,CHF_R_POP_R_MH,A,2018,809.325,0,A,3
CH1.COU:DF_COU_HEALTH_FINANCING(1.0.0),_T,_T,CHF_R_POP_R_MH,A,2019,815.326,0,A,3
CH1.COU:DF_COU_HEALTH_FINANCING(1.0.0),_T,_T,CHF_R_POP_R_MH,A,2020,830.988,0,A,3
CH1.COU:DF_COU_HEALTH_FINANCING(1.0.0),_T,_T,CHF_R_POP_R_MH,A,2021,867.594,0,A,3
CH1.COU:DF_COU_HEALTH_FINANCING(1.0.0),_T,_T,CHF_R_POP_R_MH,A,2022,884.391,0,A,3
CH1.COU:DF_COU_HEALTH_FINANCING(1.0.0),_T,_T,CHF_R_POP_R_MH,A,2023,884.725,0,A,3
CH1.COU:DF_COU_HEALTH_FINANCING(1.0.0),_T,_T,CHF_R_POP_R_MH,A,2024,909.226,0,P,3
CH1.COU:DF_COU_HEALTH_FINANCING(1.0.0),Q_1,F_2_7,CHF,A,1995,117.363,6,A,3
CH1.COU:DF_COU_HEALTH_FINANCING(1.0.0),Q_1,F_2_7,CHF,A,1996,110.022,6,A,3
CH1.COU:DF_COU_HEALTH_FINANCING(1.0.0),Q_1,F_2_7,CHF,A,1997,104.758,6,A,3
CH1.COU:DF_COU_HEALTH_FINANCING(1.0.0),Q_1,F_2_7,CHF,A,1998,116.613,6,A,3
CH1.COU:DF_COU_HEALTH_FINANCING(1.0.0),Q_1,F_2_7,CHF,A,1999,122.212,6,A,3
CH1.COU:DF_COU_HEALTH_FINANCING(1.0.0),Q_1,F_2_7,CHF,A,2000,139.753,6,A,3
CH1.COU:DF_COU_HEALTH_FINANCING(1.0.0),Q_1,F_2_7,CHF,A,2001,138.672,6,A,3
CH1.COU:DF_COU_HEALTH_FINANCING(1.0.0),Q_1,F_2_7,CHF,A,2002,151.577,6,A,3
CH1.COU:DF_COU_HEALTH_FINANCING(1.0.0),Q_1,F_2_7,CHF,A,2003,165.378,6,A,3
CH1.COU:DF_COU_HEALTH_FINANCING(1.0.0),Q_1,F_2_7,CHF,A,2004,185.888,6,A,3
CH1.COU:DF_COU_HEALTH_FINANCING(1.0.0),Q_1,F_2_7,CHF,A,2005,197.269,6,A,3
CH1.COU:DF_COU_HEALTH_FINANCING(1.0.0),Q_1,F_2_7,CHF,A,2006,209.761,6,A,3
CH1.COU:DF_COU_HEALTH_FINANCING(1.0.0),Q_1,F_2_7,CHF,A,2007,219.084,6,A,3
CH1.COU:DF_COU_HEALTH_FINANCING(1.0.0),Q_1,F_2_7,CHF,A,2008,175.599,6,A,3
CH1.COU:DF_COU_HEALTH_FINANCING(1.0.0),Q_1,F_2_7,CHF,A,2009,187.715,6,A,3
CH1.COU:DF_COU_HEALTH_FINANCING(1.0.0),Q_1,F_2_7,CHF,A,2010,118.031,6,A,3
CH1.COU:DF_COU_HEALTH_FINANCING(1.0.0),Q_1,F_2_7,CHF,A,2011,122.481,6,A,3
CH1.COU:DF_COU_HEALTH_FINANCING(1.0.0),Q_1,F_2_7,CHF,A,2012,123.017,6,A,3
CH1.COU:DF_COU_HEALTH_FINANCING(1.0.0),Q_1,F_2_7,CHF,A,2013,122.1,6,A,3
CH1.COU:DF_COU_HEALTH_FINANCING(1.0.0),Q_1,F_2_7,CHF,A,2014,123.533,6,A,3
CH1.COU:DF_COU_HEALTH_FINANCING(1.0.0),Q_1,F_2_7,CHF,A,2015,124.128,6,A,3
CH1.COU:DF_COU_HEALTH_FINANCING(1.0.0),Q_1,F_2_7,CHF,A,2016,127.747,6,A,3
CH1.COU:DF_COU_HEALTH_FINANCING(1.0.0),Q_1,F_2_7,CHF,A,2017,129.029,6,A,3
CH1.COU:DF_COU_HEALTH_FINANCING(1.0.0),Q_1,F_2_7,CHF,A,2018,131.671,6,A,3
CH1.COU:DF_COU_HEALTH_FINANCING(1.0.0),Q_1,F_2_7,CHF,A,2019,133.102,6,A,3
CH1.COU:DF_COU_HEALTH_FINANCING(1.0.0),Q_1,F_2_7,CHF,A,2020,133.906,6,A,3
CH1.COU:DF_COU_HEALTH_FINANCING(1.0.0),Q_1,F_2_7,CHF,A,2021,134.766,6,A,3
CH1.COU:DF_COU_HEALTH_FINANCING(1.0.0),Q_1,F_2_7,CHF,A,2022,137.134,6,A,3
CH1.COU:DF_COU_HEALTH_FINANCING(1.0.0),Q_1,F_2_7,CHF,A,2023,135.9,6,A,3
CH1.COU:DF_COU_HEALTH_FINANCING(1.0.0),Q_1,F_2_7,CHF,A,2024,135.475,6,P,3
CH1.COU:DF_COU_HEALTH_FINANCING(1.0.0),Q_1,F_2_7,CHF_R_POP_R_MH,A,1995,1.389,0,A,3
CH1.COU:DF_COU_HEALTH_FINANCING(1.0.0),Q_1,F_2_7,CHF_R_POP_R_MH,A,1996,1.296,0,A,3
CH1.COU:DF_COU_HEALTH_FINANCING(1.0.0),Q_1,F_2_7,CHF_R_POP_R_MH,A,1997,1.231,0,A,3
CH1.COU:DF_COU_HEALTH_FINANCING(1.0.0),Q_1,F_2_7,CHF_R_POP_R_MH,A,1998,1.367,0,A,3
CH1.COU:DF_COU_HEALTH_FINANCING(1.0.0),Q_1,F_2_7,CHF_R_POP_R_MH,A,1999,1.426,0,A,3
CH1.COU:DF_COU_HEALTH_FINANCING(1.0.0),Q_1,F_2_7,CHF_R_POP_R_MH,A,2000,1.621,0,A,3
CH1.COU:DF_COU_HEALTH_FINANCING(1.0.0),Q_1,F_2_7,CHF_R_POP_R_MH,A,2001,1.599,0,A,3
CH1.COU:DF_COU_HEALTH_FINANCING(1.0.0),Q_1,F_2_7,CHF_R_POP_R_MH,A,2002,1.734,0,A,3
CH1.COU:DF_COU_HEALTH_FINANCING(1.0.0),Q_1,F_2_7,CHF_R_POP_R_MH,A,2003,1.878,0,A,3
CH1.COU:DF_COU_HEALTH_FINANCING(1.0.0),Q_1,F_2_7,CHF_R_POP_R_MH,A,2004,2.096,0,A,3
CH1.COU:DF_COU_HEALTH_FINANCING(1.0.0),Q_1,F_2_7,CHF_R_POP_R_MH,A,2005,2.21,0,A,3
CH1.COU:DF_COU_HEALTH_FINANCING(1.0.0),Q_1,F_2_7,CHF_R_POP_R_MH,A,2006,2.336,0,A,3
CH1.COU:DF_COU_HEALTH_FINANCING(1.0.0),Q_1,F_2_7,CHF_R_POP_R_MH,A,2007,2.418,0,A,3
CH1.COU:DF_COU_HEALTH_FINANCING(1.0.0),Q_1,F_2_7,CHF_R_POP_R_MH,A,2008,1.913,0,A,3
CH1.COU:DF_COU_HEALTH_FINANCING(1.0.0),Q_1,F_2_7,CHF_R_POP_R_MH,A,2009,2.02,0,A,3
CH1.COU:DF_COU_HEALTH_FINANCING(1.0.0),Q_1,F_2_7,CHF_R_POP_R_MH,A,2010,1.257,0,A,3
CH1.COU:DF_COU_HEALTH_FINANCING(1.0.0),Q_1,F_2_7,CHF_R_POP_R_MH,A,2011,1.29,0,A,3
CH1.COU:DF_COU_HEALTH_FINANCING(1.0.0),Q_1,F_2_7,CHF_R_POP_R_MH,A,2012,1.282,0,A,3
CH1.COU:DF_COU_HEALTH_FINANCING(1.0.0),Q_1,F_2_7,CHF_R_POP_R_MH,A,2013,1.258,0,A,3
CH1.COU:DF_COU_HEALTH_FINANCING(1.0.0),Q_1,F_2_7,CHF_R_POP_R_MH,A,2014,1.257,0,A,3
CH1.COU:DF_COU_HEALTH_FINANCING(1.0.0),Q_1,F_2_7,CHF_R_POP_R_MH,A,2015,1.249,0,A,3
CH1.COU:DF_COU_HEALTH_FINANCING(1.0.0),Q_1,F_2_7,CHF_R_POP_R_MH,A,2016,1.271,0,A,3
CH1.COU:DF_COU_HEALTH_FINANCING(1.0.0),Q_1,F_2_7,CHF_R_POP_R_MH,A,2017,1.272,0,A,3
CH1.COU:DF_COU_HEALTH_FINANCING(1.0.0),Q_1,F_2_7,CHF_R_POP_R_MH,A,2018,1.289,0,A,3
CH1.COU:DF_COU_HEALTH_FINANCING(1.0.0),Q_1,F_2_7,CHF_R_POP_R_MH,A,2019,1.293,0,A,3
CH1.COU:DF_COU_HEALTH_FINANCING(1.0.0),Q_1,F_2_7,CHF_R_POP_R_MH,A,2020,1.292,0,A,3
CH1.COU:DF_COU_HEALTH_FINANCING(1.0.0),Q_1,F_2_7,CHF_R_POP_R_MH,A,2021,1.29,0,A,3
CH1.COU:DF_COU_HEALTH_FINANCING(1.0.0),Q_1,F_2_7,CHF_R_POP_R_MH,A,2022,1.302,0,A,3
CH1.COU:DF_COU_HEALTH_FINANCING(1.0.0),Q_1,F_2_7,CHF_R_POP_R_MH,A,2023,1.274,0,A,3
CH1.COU:DF_COU_HEALTH_FINANCING(1.0.0),Q_1,F_2_7,CHF_R_POP_R_MH,A,2024,1.253,0,P,3
CH1.COU:DF_COU_HEALTH_FINANCING(1.0.0),Q_3,F_2,CHF,A,1995,228.106,6,A,3
CH1.COU:DF_COU_HEALTH_FINANCING(1.0.0),Q_3,F_2,CHF,A,1996,211.973,6,A,3
CH1.COU:DF_COU_HEALTH_FINANCING(1.0.0),Q_3,F_2,CHF,A,1997,213.256,6,A,3
CH1.COU:DF_COU_HEALTH_FINANCING(1.0.0),Q_3,F_2,CHF,A,1998,214.483,6,A,3
CH1.COU:DF_COU_HEALTH_FINANCING(1.0.0),Q_3,F_2,CHF,A,1999,218.208,6,A,3
CH1.COU:DF_COU_HEALTH_FINANCING(1.0.0),Q_3,F_2,CHF,A,2000,219.644,6,A,3
CH1.COU:DF_COU_HEALTH_FINANCING(1.0.0),Q_3,F_2,CHF,A,2001,223.467,6,A,3
CH1.COU:DF_COU_HEALTH_FINANCING(1.0.0),Q_3,F_2,CHF,A,2002,243.989,6,A,3
CH1.COU:DF_COU_HEALTH_FINANCING(1.0.0),Q_3,F_2,CHF,A,2003,253.604,6,A,3
CH1.COU:DF_COU_HEALTH_FINANCING(1.0.0),Q_3,F_2,CHF,A,2004,262.772,6,A,3
CH1.COU:DF_COU_HEALTH_FINANCING(1.0.0),Q_3,F_2,CHF,A,2005,267.265,6,A,3
CH1.COU:DF_COU_HEALTH_FINANCING(1.0.0),Q_3,F_2,CHF,A,2006,257.993,6,A,3
CH1.COU:DF_COU_HEALTH_FINANCING(1.0.0),Q_3,F_2,CHF,A,2007,275.332,6,A,3
CH1.COU:DF_COU_HEALTH_FINANCING(1.0.0),Q_3,F_2,CHF,A,2008,538.224,6,A,3
CH1.COU:DF_COU_HEALTH_FINANCING(1.0.0),Q_3,F_2,CHF,A,2009,573.211,6,A,3
CH1.COU:DF_COU_HEALTH_FINANCING(1.0.0),Q_3,F_2_6,CHF_R_POP_R_MH,A,1995,2.108,0,A,3
CH1.COU:DF_COU_HEALTH_FINANCING(1.0.0),Q_3,F_2_6,CHF_R_POP_R_MH,A,1996,1.878,0,A,3
CH1.COU:DF_COU_HEALTH_FINANCING(1.0.0),Q_3,F_2_6,CHF_R_POP_R_MH,A,1997,1.808,0,A,3
CH1.COU:DF_COU_HEALTH_FINANCING(1.0.0),Q_3,F_2_6,CHF_R_POP_R_MH,A,1998,1.788,0,A,3
CH1.COU:DF_COU_HEALTH_FINANCING(1.0.0),Q_3,F_2_6,CHF_R_POP_R_MH,A,1999,1.773,0,A,3
CH1.COU:DF_COU_HEALTH_FINANCING(1.0.0),Q_3,F_2_6,CHF_R_POP_R_MH,A,2000,1.761,0,A,3
CH1.COU:DF_COU_HEALTH_FINANCING(1.0.0),Q_3,F_2_6,CHF_R_POP_R_MH,A,2001,1.744,0,A,3
CH1.COU:DF_COU_HEALTH_FINANCING(1.0.0),Q_3,F_2_6,CHF_R_POP_R_MH,A,2002,1.876,0,A,3
CH1.COU:DF_COU_HEALTH_FINANCING(1.0.0),Q_3,F_2_6,CHF_R_POP_R_MH,A,2003,1.91,0,A,3
CH1.COU:DF_COU_HEALTH_FINANCING(1.0.0),Q_3,F_2_6,CHF_R_POP_R_MH,A,2004,1.959,0,A,3
CH1.COU:DF_COU_HEALTH_FINANCING(1.0.0),Q_3,F_2_6,CHF_R_POP_R_MH,A,2005,1.977,0,A,3
CH1.COU:DF_COU_HEALTH_FINANCING(1.0.0),Q_3,F_2_6,CHF_R_POP_R_MH,A,2006,1.879,0,A,3
CH1.COU:DF_COU_HEALTH_FINANCING(1.0.0),Q_3,F_2_6,CHF_R_POP_R_MH,A,2007,1.987,0,A,3
CH1.COU:DF_COU_HEALTH_FINANCING(1.0.0),Q_3,F_2_6,CHF_R_POP_R_MH,A,2008,3.274,0,A,3
CH1.COU:DF_COU_HEALTH_FINANCING(1.0.0),Q_3,F_2_6,CHF_R_POP_R_MH,A,2009,3.454,0,A,3
CH1.COU:DF_COU_HEALTH_FINANCING(1.0.0),Q_4,F_2_1,CHF,A,1995,8244.342,6,A,3
CH1.COU:DF_COU_HEALTH_FINANCING(1.0.0),Q_4,F_2_1,CHF,A,1996,9578.219,6,A,3
CH1.COU:DF_COU_HEALTH_FINANCING(1.0.0),Q_4,F_2_1,CHF,A,1997,9880.752,6,A,3
CH1.COU:DF_COU_HEALTH_FINANCING(1.0.0),Q_4,F_2_1,CHF,A,1998,10437.976,6,A,3
CH1.COU:DF_COU_HEALTH_FINANCING(1.0.0),Q_4,F_2_1,CHF,A,1999,10725.217,6,A,3
CH1.COU:DF_COU_HEALTH_FINANCING(1.0.0),Q_4,F_2_1,CHF,A,2000,11437.152,6,A,3
CH1.COU:DF_COU_HEALTH_FINANCING(1.0.0),Q_4,F_2_1,CHF,A,2001,12114.927,6,A,3
CH1.COU:DF_COU_HEALTH_FINANCING(1.0.0),Q_4,F_2_1,CHF,A,2002,12818.809,6,A,3
CH1.COU:DF_COU_HEALTH_FINANCING(1.0.0),Q_4,F_2_1,CHF,A,2003,13582.494,6,A,3
CH1.COU:DF_COU_HEALTH_FINANCING(1.0.0),Q_4,F_2_1,CHF,A,2004,14400.16,6,A,3
CH1.COU:DF_COU_HEALTH_FINANCING(1.0.0),Q_4,F_2_1,CHF,A,2005,15285.002,6,A,3
CH1.COU:DF_COU_HEALTH_FINANCING(1.0.0),Q_4,F_2_1,CHF,A,2006,15434.512,6,A,3
CH1.COU:DF_COU_HEALTH_FINANCING(1.0.0),Q_4,F_2_1,CHF,A,2007,16114.262,6,A,3
CH1.COU:DF_COU_HEALTH_FINANCING(1.0.0),Q_4,F_2_1,CHF,A,2008,17152.693,6,A,3
CH1.COU:DF_COU_HEALTH_FINANCING(1.0.0),Q_4,F_2_1,CHF,A,2009,17890.166,6,A,3
CH1.COU:DF_COU_HEALTH_FINANCING(1.0.0),Q_4,F_2_1,CHF,A,2010,17933.404,6,A,3
CH1.COU:DF_COU_HEALTH_FINANCING(1.0.0),Q_4,F_2_1,CHF,A,2011,19397.605,6,A,3
CH1.COU:DF_COU_HEALTH_FINANCING(1.0.0),Q_4,F_2_1,CHF,A,2012,21858.576,6,A,3
CH1.COU:DF_COU_HEALTH_FINANCING(1.0.0),Q_4,F_2_1,CHF,A,2013,22358.53,6,A,3
CH1.COU:DF_COU_HEALTH_FINANCING(1.0.0),Q_4,F_2_1,CHF,A,2014,22376.795,6,A,3
CH1.COU:DF_COU_HEALTH_FINANCING(1.0.0),Q_4,F_2_1,CHF,A,2015,23210.998,6,A,3
CH1.COU:DF_COU_HEALTH_FINANCING(1.0.0),Q_4,F_2_1,CHF,A,2016,24557.996,6,A,3
CH1.COU:DF_COU_HEALTH_FINANCING(1.0.0),Q_4,F_2_1,CHF,A,2017,25828.982,6,A,3
CH1.COU:DF_COU_HEALTH_FINANCING(1.0.0),Q_4,F_2_1,CHF,A,2018,26809.441,6,A,3
CH1.COU:DF_COU_HEALTH_FINANCING(1.0.0),Q_4,F_2_1,CHF,A,2019,27143.309,6,A,3
CH1.COU:DF_COU_HEALTH_FINANCING(1.0.0),Q_4,F_2_1,CHF,A,2020,27123.875,6,A,3
CH1.COU:DF_COU_HEALTH_FINANCING(1.0.0),Q_4,F_2_1,CHF,A,2021,27401.729,6,A,3
CH1.COU:DF_COU_HEALTH_FINANCING(1.0.0),Q_4,F_2_1,CHF,A,2022,27770.021,6,A,3
CH1.COU:DF_COU_HEALTH_FINANCING(1.0.0),Q_4,F_2_1,CHF,A,2023,29472.746,6,A,3
CH1.COU:DF_COU_HEALTH_FINANCING(1.0.0),Q_4,F_2_1,CHF,A,2024,31914.16,6,P,3
CH1.COU:DF_COU_HEALTH_FINANCING(1.0.0),Q_4,F_4_3,CHF,A,1995,9358.569,6,A,3
CH1.COU:DF_COU_HEALTH_FINANCING(1.0.0),Q_4,F_4_3,CHF,A,1996,9224.312,6,A,3
CH1.COU:DF_COU_HEALTH_FINANCING(1.0.0),Q_4,F_4_3,CHF,A,1997,9393.201,6,A,3
CH1.COU:DF_COU_HEALTH_FINANCING(1.0.0),Q_4,F_4_3,CHF,A,1998,9451.04,6,A,3
CH1.COU:DF_COU_HEALTH_FINANCING(1.0.0),Q_4,F_4_3,CHF,A,1999,9675.271,6,A,3
CH1.COU:DF_COU_HEALTH_FINANCING(1.0.0),Q_4,F_4_3,CHF,A,2000,10043.496,6,A,3
CH1.COU:DF_COU_HEALTH_FINANCING(1.0.0),Q_4,F_4_3,CHF,A,2001,10385.698,6,A,3
CH1.COU:DF_COU_HEALTH_FINANCING(1.0.0),Q_4,F_4_3,CHF,A,2002,10281.597,6,A,3
CH1.COU:DF_COU_HEALTH_FINANCING(1.0.0),Q_4,F_4_3,CHF,A,2003,10547.09,6,A,3
CH1.COU:DF_COU_HEALTH_FINANCING(1.0.0),Q_4,F_4_3,CHF,A,2004,10835.501,6,A,3
CH1.COU:DF_COU_HEALTH_FINANCING(1.0.0),Q_4,F_4_3,CHF,A,2005,10625.041,6,A,3
CH1.COU:DF_COU_HEALTH_FINANCING(1.0.0),Q_4,F_4_3,CHF,A,2006,10689.614,6,A,3
CH1.COU:DF_COU_HEALTH_FINANCING(1.0.0),Q_4,F_4_3,CHF,A,2007,11231.777,6,A,3
CH1.COU:DF_COU_HEALTH_FINANCING(1.0.0),Q_4,F_4_3,CHF,A,2008,11411.235,6,A,3
CH1.COU:DF_COU_HEALTH_FINANCING(1.0.0),Q_4,F_4_3,CHF,A,2009,11724.234,6,A,3
CH1.COU:DF_COU_HEALTH_FINANCING(1.0.0),Q_4,F_4_3,CHF,A,2010,11495.117,6,A,3
CH1.COU:DF_COU_HEALTH_FINANCING(1.0.0),Q_4,F_4_3,CHF,A,2011,11453.628,6,A,3
CH1.COU:DF_COU_HEALTH_FINANCING(1.0.0),Q_4,F_4_3,CHF,A,2012,11723.07,6,A,3
CH1.COU:DF_COU_HEALTH_FINANCING(1.0.0),Q_4,F_4_3,CHF,A,2013,11769.592,6,A,3
CH1.COU:DF_COU_HEALTH_FINANCING(1.0.0),Q_4,F_4_3,CHF,A,2014,11956.363,6,A,3
CH1.COU:DF_COU_HEALTH_FINANCING(1.0.0),Q_4,F_4_3,CHF,A,2015,11879.785,6,A,3
CH1.COU:DF_COU_HEALTH_FINANCING(1.0.0),Q_4,F_4_3,CHF,A,2016,11686.431,6,A,3
CH1.COU:DF_COU_HEALTH_FINANCING(1.0.0),Q_4,F_4_3,CHF,A,2017,12235.058,6,A,3
CH1.COU:DF_COU_HEALTH_FINANCING(1.0.0),Q_4,F_4_3,CHF,A,2018,12654.873,6,A,3
CH1.COU:DF_COU_HEALTH_FINANCING(1.0.0),Q_4,F_4_3,CHF,A,2019,13037.718,6,A,3
CH1.COU:DF_COU_HEALTH_FINANCING(1.0.0),Q_4,F_4_3,CHF,A,2020,12506.929,6,A,3
CH1.COU:DF_COU_HEALTH_FINANCING(1.0.0),Q_4,F_4_3,CHF,A,2021,14006.424,6,A,3
CH1.COU:DF_COU_HEALTH_FINANCING(1.0.0),Q_4,F_4_3,CHF,A,2022,14719.628,6,A,3
CH1.COU:DF_COU_HEALTH_FINANCING(1.0.0),Q_4,F_4_3,CHF,A,2023,14589.453,6,A,3
CH1.COU:DF_COU_HEALTH_FINANCING(1.0.0),Q_4,F_4_3,CHF,A,2024,15112.588,6,P,3
CH1.COU:DF_COU_HEALTH_FINANCING(1.0.0),Q_5_1,F_2,CHF_R_POP_R_MH,A,2010,9.848,0,A,3
CH1.COU:DF_COU_HEALTH_FINANCING(1.0.0),Q_5_1,F_2,CHF_R_POP_R_MH,A,2011,9.471,0,A,3
CH1.COU:DF_COU_HEALTH_FINANCING(1.0.0),Q_5_1,F_2,CHF_R_POP_R_MH,A,2012,9.655,0,A,3
CH1.COU:DF_COU_HEALTH_FINANCING(1.0.0),Q_5_1,F_2,CHF_R_POP_R_MH,A,2013,10.171,0,A,3
CH1.COU:DF_COU_HEALTH_FINANCING(1.0.0),Q_5_1,F_2,CHF_R_POP_R_MH,A,2014,10.145,0,A,3
CH1.COU:DF_COU_HEALTH_FINANCING(1.0.0),Q_5_1,F_2,CHF_R_POP_R_MH,A,2015,10.21,0,A,3
CH1.COU:DF_COU_HEALTH_FINANCING(1.0.0),Q_5_1,F_2,CHF_R_POP_R_MH,A,2016,10.608,0,A,3
CH1.COU:DF_COU_HEALTH_FINANCING(1.0.0),Q_5_1,F_2,CHF_R_POP_R_MH,A,2017,10.519,0,A,3
CH1.COU:DF_COU_HEALTH_FINANCING(1.0.0),Q_5_1,F_2,CHF_R_POP_R_MH,A,2018,10.816,0,A,3
CH1.COU:DF_COU_HEALTH_FINANCING(1.0.0),Q_5_1,F_2,CHF_R_POP_R_MH,A,2019,11.601,0,A,3
CH1.COU:DF_COU_HEALTH_FINANCING(1.0.0),Q_5_1,F_2,CHF_R_POP_R_MH,A,2020,11.371,0,A,3
CH1.COU:DF_COU_HEALTH_FINANCING(1.0.0),Q_5_1,F_2,CHF_R_POP_R_MH,A,2021,11.37,0,A,3
CH1.COU:DF_COU_HEALTH_FINANCING(1.0.0),Q_5_1,F_2,CHF_R_POP_R_MH,A,2022,10.821,0,A,3
CH1.COU:DF_COU_HEALTH_FINANCING(1.0.0),Q_5_1,F_2,CHF_R_POP_R_MH,A,2023,11.738,0,A,3
CH1.COU:DF_COU_HEALTH_FINANCING(1.0.0),Q_5_1,F_2,CHF_R_POP_R_MH,A,2024,11.645,0,P,3
CH1.COU:DF_COU_HEALTH_FINANCING(1.0.0),Q_5_1,F_3_3,CHF,A,2010,575.108,6,A,3
CH1.COU:DF_COU_HEALTH_FINANCING(1.0.0),Q_5_1,F_3_3,CHF,A,2011,533.664,6,A,3
CH1.COU:DF_COU_HEALTH_FINANCING(1.0.0),Q_5_1,F_3_3,CHF,A,2012,566.841,6,A,3
CH1.COU:DF_COU_HEALTH_FINANCING(1.0.0),Q_5_1,F_3_3,CHF,A,2013,749.826,6,A,3
CH1.COU:DF_COU_HEALTH_FINANCING(1.0.0),Q_5_1,F_3_3,CHF,A,2014,731.825,6,A,3
CH1.COU:DF_COU_HEALTH_FINANCING(1.0.0),Q_5_1,F_3_3,CHF,A,2015,786.083,6,A,3
CH1.COU:DF_COU_HEALTH_FINANCING(1.0.0),Q_5_1,F_3_3,CHF,A,2016,744.419,6,A,3
CH1.COU:DF_COU_HEALTH_FINANCING(1.0.0),Q_5_1,F_3_3,CHF,A,2017,756.141,6,A,3
CH1.COU:DF_COU_HEALTH_FINANCING(1.0.0),Q_5_1,F_3_3,CHF,A,2018,899.048,6,A,3
CH1.COU:DF_COU_HEALTH_FINANCING(1.0.0),Q_5_1,F_3_3,CHF,A,2019,898.018,6,A,3
CH1.COU:DF_COU_HEALTH_FINANCING(1.0.0),Q_5_1,F_3_3,CHF,A,2020,1244.251,6,A,3
CH1.COU:DF_COU_HEALTH_FINANCING(1.0.0),Q_5_1,F_3_3,CHF,A,2021,1087.426,6,A,3
CH1.COU:DF_COU_HEALTH_FINANCING(1.0.0),Q_5_1,F_3_3,CHF,A,2022,1260.762,6,A,3
CH1.COU:DF_COU_HEALTH_FINANCING(1.0.0),Q_5_1,F_3_3,CHF,A,2023,1311.961,6,A,3
CH1.COU:DF_COU_HEALTH_FINANCING(1.0.0),Q_5_1,F_3_3,CHF,A,2024,1143.191,6,P,3
CH1.COU:DF_COU_HEALTH_FINANCING(1.0.0),Q_5_2,_T,CHF,A,2010,73.951,6,A,3
CH1.COU:DF_COU_HEALTH_FINANCING(1.0.0),Q_5_2,_T,CHF,A,2011,63.842,6,A,3
CH1.COU:DF_COU_HEALTH_FINANCING(1.0.0),Q_5_2,_T,CHF,A,2012,61.383,6,A,3
CH1.COU:DF_COU_HEALTH_FINANCING(1.0.0),Q_5_2,_T,CHF,A,2013,63.376,6,A,3
CH1.COU:DF_COU_HEALTH_FINANCING(1.0.0),Q_5_2,_T,CHF,A,2014,61.866,6,A,3
CH1.COU:DF_COU_HEALTH_FINANCING(1.0.0),Q_5_2,_T,CHF,A,2015,65.543,6,A,3
CH1.COU:DF_COU_HEALTH_FINANCING(1.0.0),Q_5_2,_T,CHF,A,2016,66.651,6,A,3
CH1.COU:DF_COU_HEALTH_FINANCING(1.0.0),Q_5_2,_T,CHF,A,2017,65.699,6,A,3
CH1.COU:DF_COU_HEALTH_FINANCING(1.0.0),Q_5_2,_T,CHF,A,2018,75.869,6,A,3
CH1.COU:DF_COU_HEALTH_FINANCING(1.0.0),Q_5_2,_T,CHF,A,2019,79.092,6,A,3
CH1.COU:DF_COU_HEALTH_FINANCING(1.0.0),Q_5_2,_T,CHF,A,2020,79.672,6,A,3
CH1.COU:DF_COU_HEALTH_FINANCING(1.0.0),Q_5_2,_T,CHF,A,2021,77.868,6,A,3
CH1.COU:DF_COU_HEALTH_FINANCING(1.0.0),Q_5_2,_T,CHF,A,2022,79.737,6,A,3
CH1.COU:DF_COU_HEALTH_FINANCING(1.0.0),Q_5_2,_T,CHF,A,2023,75.754,6,A,3
CH1.COU:DF_COU_HEALTH_FINANCING(1.0.0),Q_5_2,_T,CHF,A,2024,74.914,6,P,3
CH1.COU:DF_COU_HEALTH_FINANCING(1.0.0),Q_5,F_3_3,CHF_R_POP_R_MH,A,1995,3.946,0,A,3
CH1.COU:DF_COU_HEALTH_FINANCING(1.0.0),Q_5,F_3_3,CHF_R_POP_R_MH,A,1996,3.611,0,A,3
CH1.COU:DF_COU_HEALTH_FINANCING(1.0.0),Q_5,F_3_3,CHF_R_POP_R_MH,A,1997,4.001,0,A,3
CH1.COU:DF_COU_HEALTH_FINANCING(1.0.0),Q_5,F_3_3,CHF_R_POP_R_MH,A,1998,4.179,0,A,3
CH1.COU:DF_COU_HEALTH_FINANCING(1.0.0),Q_5,F_3_3,CHF_R_POP_R_MH,A,1999,4.632,0,A,3
CH1.COU:DF_COU_HEALTH_FINANCING(1.0.0),Q_5,F_3_3,CHF_R_POP_R_MH,A,2000,4.668,0,A,3
CH1.COU:DF_COU_HEALTH_FINANCING(1.0.0),Q_5,F_3_3,CHF_R_POP_R_MH,A,2001,4.77,0,A,3
CH1.COU:DF_COU_HEALTH_FINANCING(1.0.0),Q_5,F_3_3,CHF_R_POP_R_MH,A,2002,4.963,0,A,3
CH1.COU:DF_COU_HEALTH_FINANCING(1.0.0),Q_5,F_3_3,CHF_R_POP_R_MH,A,2003,4.83,0,A,3
CH1.COU:DF_COU_HEALTH_FINANCING(1.0.0),Q_5,F_3_3,CHF_R_POP_R_MH,A,2004,5.005,0,A,3
CH1.COU:DF_COU_HEALTH_FINANCING(1.0.0),Q_5,F_3_3,CHF_R_POP_R_MH,A,2005,3.918,0,A,3
CH1.COU:DF_COU_HEALTH_FINANCING(1.0.0),Q_5,F_3_3,CHF_R_POP_R_MH,A,2006,4.467,0,A,3
CH1.COU:DF_COU_HEALTH_FINANCING(1.0.0),Q_5,F_3_3,CHF_R_POP_R_MH,A,2007,4.443,0,A,3
CH1.COU:DF_COU_HEALTH_FINANCING(1.0.0),Q_5,F_3_3,CHF_R_POP_R_MH,A,2008,4.68,0,A,3
CH1.COU:DF_COU_HEALTH_FINANCING(1.0.0),Q_5,F_3_3,CHF_R_POP_R_MH,A,2009,4.597,0,A,3
CH1.COU:DF_COU_HEALTH_FINANCING(1.0.0),Q_5,F_3_3,CHF_R_POP_R_MH,A,2010,6.125,0,A,3
CH1.COU:DF_COU_HEALTH_FINANCING(1.0.0),Q_5,F_3_3,CHF_R_POP_R_MH,A,2011,5.621,0,A,3
CH1.COU:DF_COU_HEALTH_FINANCING(1.0.0),Q_5,F_3_3,CHF_R_POP_R_MH,A,2012,5.907,0,A,3
CH1.COU:DF_COU_HEALTH_FINANCING(1.0.0),Q_5,F_3_3,CHF_R_POP_R_MH,A,2013,7.724,0,A,3
CH1.COU:DF_COU_HEALTH_FINANCING(1.0.0),Q_5,F_3_3,CHF_R_POP_R_MH,A,2014,7.448,0,A,3
CH1.COU:DF_COU_HEALTH_FINANCING(1.0.0),Q_5,F_3_3,CHF_R_POP_R_MH,A,2015,7.909,0,A,3
CH1.COU:DF_COU_HEALTH_FINANCING(1.0.0),Q_5,F_3_3,CHF_R_POP_R_MH,A,2016,7.409,0,A,3
CH1.COU:DF_COU_HEALTH_FINANCING(1.0.0),Q_5,F_3_3,CHF_R_POP_R_MH,A,2017,7.455,0,A,3
CH1.COU:DF_COU_HEALTH_FINANCING(1.0.0),Q_5,F_3_3,CHF_R_POP_R_MH,A,2018,8.799,0,A,3
CH1.COU:DF_COU_HEALTH_FINANCING(1.0.0),Q_5,F_3_3,CHF_R_POP_R_MH,A,2019,8.727,0,A,3
CH1.COU:DF_COU_HEALTH_FINANCING(1.0.0),Q_5,F_3_3,CHF_R_POP_R_MH,A,2020,12.003,0,A,3
CH1.COU:DF_COU_HEALTH_FINANCING(1.0.0),Q_5,F_3_3,CHF_R_POP_R_MH,A,2021,10.411,0,A,3
CH1.COU:DF_COU_HEALTH_FINANCING(1.0.0),Q_5,F_3_3,CHF_R_POP_R_MH,A,2022,11.97,0,A,3
CH1.COU:DF_COU_HEALTH_FINANCING(1.0.0),Q_5,F_3_3,CHF_R_POP_R_MH,A,2023,12.3,0,A,3
CH1.COU:DF_COU_HEALTH_FINANCING(1.0.0),Q_5,F_3_3,CHF_R_POP_R_MH,A,2024,10.577,0,P,3
CH1.COU:DF_COU_HEALTH_FINANCING(1.0.0),_T,F_2_4,CHF_R_POP_R_MH,A,1995,13.379,0,A,3
CH1.COU:DF_COU_HEALTH_FINANCING(1.0.0),_T,F_2_4,CHF_R_POP_R_MH,A,1996,13.437,0,A,3
CH1.COU:DF_COU_HEALTH_FINANCING(1.0.0),_T,F_2_4,CHF_R_POP_R_MH,A,1997,13.635,0,A,3
CH1.COU:DF_COU_HEALTH_FINANCING(1.0.0),_T,F_2_4,CHF_R_POP_R_MH,A,1998,15.083,0,A,3
CH1.COU:DF_COU_HEALTH_FINANCING(1.0.0),_T,F_2_4,CHF_R_POP_R_MH,A,1999,15.999,0,A,3
CH1.COU:DF_COU_HEALTH_FINANCING(1.0.0),_T,F_2_4,CHF_R_POP_R_MH,A,2000,16.331,0,A,3
CH1.COU:DF_COU_HEALTH_FINANCING(1.0.0),_T,F_2_4,CHF_R_POP_R_MH,A,2001,16.811,0,A,3
CH1.COU:DF_COU_HEALTH_FINANCING(1.0.0),_T,F_2_4,CHF_R_POP_R_MH,A,2002,15.993,0,A,3
CH1.COU:DF_COU_HEALTH_FINANCING(1.0.0),_T,F_2_4,CHF_R_POP_R_MH,A,2003,16.897,0,A,3
CH1.COU:DF_COU_HEALTH_FINANCING(1.0.0),_T,F_2_4,CHF_R_POP_R_MH,A,2004,16.99,0,A,3
CH1.COU:DF_COU_HEALTH_FINANCING(1.0.0),_T,F_2_4,CHF_R_POP_R_MH,A,2005,18.124,0,A,3
CH1.COU:DF_COU_HEALTH_FINANCING(1.0.0),_T,F_2_4,CHF_R_POP_R_MH,A,2006,17.788,0,A,3
CH1.COU:DF_COU_HEALTH_FINANCING(1.0.0),_T,F_2_4,CHF_R_POP_R_MH,A,2007,18.174,0,A,3
CH1.COU:DF_COU_HEALTH_FINANCING(1.0.0),_T,F_2_4,CHF_R_POP_R_MH,A,2008,18.667,0,A,3
CH1.COU:DF_COU_HEALTH_FINANCING(1.0.0),_T,F_2_4,CHF_R_POP_R_MH,A,2009,19.431,0,A,3
CH1.COU:DF_COU_HEALTH_FINANCING(1.0.0),_T,F_2_4,CHF_R_POP_R_MH,A,2010,20.066,0,A,3
CH1.COU:DF_COU_HEALTH_FINANCING(1.0.0),_T,F_2_4,CHF_R_POP_R_MH,A,2011,20.209,0,A,3
CH1.COU:DF_COU_HEALTH_FINANCING(1.0.0),_T,F_2_4,CHF_R_POP_R_MH,A,2012,20.52,0,A,3
CH1.COU:DF_COU_HEALTH_FINANCING(1.0.0),_T,F_2_4,CHF_R_POP_R_MH,A,2013,22.601,0,A,3
CH1.COU:DF_COU_HEALTH_FINANCING(1.0.0),_T,F_2_4,CHF_R_POP_R_MH,A,2014,22.429,0,A,3
CH1.COU:DF_COU_HEALTH_FINANCING(1.0.0),_T,F_2_4,CHF_R_POP_R_MH,A,2015,22.621,0,A,3
CH1.COU:DF_COU_HEALTH_FINANCING(1.0.0),_T,F_2_4,CHF_R_POP_R_MH,A,2016,23.286,0,A,3
CH1.COU:DF_COU_HEALTH_FINANCING(1.0.0),_T,F_2_4,CHF_R_POP_R_MH,A,2017,22.471,0,A,3
CH1.COU:DF_COU_HEALTH_FINANCING(1.0.0),_T,F_2_4,CHF_R_POP_R_MH,A,2018,22.816,0,A,3
CH1.COU:DF_COU_HEALTH_FINANCING(1.0.0),_T,F_2_4,CHF_R_POP_R_MH,A,2019,23.232,0,A,3
CH1.COU:DF_COU_HEALTH_FINANCING(1.0.0),_T,F_2_4,CHF_R_POP_R_MH,A,2020,22.275,0,A,3
CH1.COU:DF_COU_HEALTH_FINANCING(1.0.0),_T,F_2_4,CHF_R_POP_R_MH,A,2021,22.05,0,A,3
CH1.COU:DF_COU_HEALTH_FINANCING(1.0.0),_T,F_2_4,CHF_R_POP_R_MH,A,2022,22.439,0,A,3
CH1.COU:DF_COU_HEALTH_FINANCING(1.0.0),_T,F_2_4,CHF_R_POP_R_MH,A,2023,23.809,0,A,3
CH1.COU:DF_COU_HEALTH_FINANCING(1.0.0),_T,F_2_4,CHF_R_POP_R_MH,A,2024,23.186,0,P,3
CH1.COU:DF_COU_HEALTH_FINANCING(1.0.0),_T,F_4_2,CHF,A,1995,98.073,6,A,3
CH1.COU:DF_COU_HEALTH_FINANCING(1.0.0),_T,F_4_2,CHF,A,1996,107.513,6,A,3
CH1.COU:DF_COU_HEALTH_FINANCING(1.0.0),_T,F_4_2,CHF,A,1997,94.045,6,A,3
CH1.COU:DF_COU_HEALTH_FINANCING(1.0.0),_T,F_4_2,CHF,A,1998,94.465,6,A,3
CH1.COU:DF_COU_HEALTH_FINANCING(1.0.0),_T,F_4_2,CHF,A,1999,87.99,6,A,3
CH1.COU:DF_COU_HEALTH_FINANCING(1.0.0),_T,F_4_2,CHF,A,2000,93.279,6,A,3
CH1.COU:DF_COU_HEALTH_FINANCING(1.0.0),_T,F_4_2,CHF,A,2001,96.825,6,A,3
CH1.COU:DF_COU_HEALTH_FINANCING(1.0.0),_T,F_4_2,CHF,A,2002,94.677,6,A,3
CH1.COU:DF_COU_HEALTH_FINANCING(1.0.0),_T,F_4_2,CHF,A,2003,91.523,6,A,3
CH1.COU:DF_COU_HEALTH_FINANCING(1.0.0),_T,F_4_2,CHF,A,2004,91.849,6,A,3
CH1.COU:DF_COU_HEALTH_FINANCING(1.0.0),_T,F_4_2,CHF,A,2005,95.043,6,A,3
CH1.COU:DF_COU_HEALTH_FINANCING(1.0.0),_T,F_4_2,CHF,A,2006,97.784,6,A,3
CH1.COU:DF_COU_HEALTH_FINANCING(1.0.0),_T,F_4_2,CHF,A,2007,103.631,6,A,3
CH1.COU:DF_COU_HEALTH_FINANCING(1.0.0),_T,F_4_2,CHF,A,2008,106.087,6,A,3
CH1.COU:DF_COU_HEALTH_FINANCING(1.0.0),_T,F_4_2,CHF,A,2009,108.145,6,A,3
CH1.COU:DF_COU_HEALTH_FINANCING(1.0.0),_T,F_4_2,CHF,A,2010,101.904,6,A,3
CH1.COU:DF_COU_HEALTH_FINANCING(1.0.0),_T,F_4_2,CHF,A,2011,106.257,6,A,3
CH1.COU:DF_COU_HEALTH_FINANCING(1.0.0),_T,F_4_2,CHF,A,2012,111.949,6,A,3
CH1.COU:DF_COU_HEALTH_FINANCING(1.0.0),_T,F_4_2,CHF,A,2013,129.835,6,A,3
CH1.COU:DF_COU_HEALTH_FINANCING(1.0.0),_T,F_4_2,CHF,A,2014,130.99,6,A,3
CH1.COU:DF_COU_HEALTH_FINANCING(1.0.0),_T,F_4_2,CHF,A,2015,149.294,6,A,3
CH1.COU:DF_COU_HEALTH_FINANCING(1.0.0),_T,F_4_2,CHF,A,2016,153.385,6,A,3
CH1.COU:DF_COU_HEALTH_FINANCING(1.0.0),_T,F_4_2,CHF,A,2017,145.822,6,A,3
CH1.COU:DF_COU_HEALTH_FINANCING(1.0.0),_T,F_4_2,CHF,A,2018,136.354,6,A,3
CH1.COU:DF_COU_HEALTH_FINANCING(1.0.0),_T,F_4_2,CHF,A,2019,138.891,6,A,3
CH1.COU:DF_COU_HEALTH_FINANCING(1.0.0),_T,F_4_2,CHF,A,2020,126.696,6,A,3
CH1.COU:DF_COU_HEALTH_FINANCING(1.0.0),_T,F_4_2,CHF,A,2021,119.995,6,A,3
CH1.COU:DF_COU_HEALTH_FINANCING(1.0.0),_T,F_4_2,CHF,A,2022,117.747,6,A,3
CH1.COU:DF_COU_HEALTH_FINANCING(1.0.0),_T,F_4_2,CHF,A,2023,129.855,6,A,3
CH1.COU:DF_COU_HEALTH_FINANCING(1.0.0),_T,F_4_2,CHF,A,2024,131.782,6,P,3
CH1.COU:DF_COU_HEALTH_FINANCING(1.0.0),Q_3,_T,CHF,A,1995,915.012,6,A,3
CH1.COU:DF_COU_HEALTH_FINANCING(1.0.0),Q_3,_T,CHF,A,1996,932.544,6,A,3
CH1.COU:DF_COU_HEALTH_FINANCING(1.0.0),Q_3,_T,CHF,A,1997,950.657,6,A,3
CH1.COU:DF_COU_HEALTH_FINANCING(1.0.0),Q_3,_T,CHF,A,1998,1005.306,6,A,3
CH1.COU:DF_COU_HEALTH_FINANCING(1.0.0),Q_3,_T,CHF,A,1999,1015.284,6,A,3
CH1.COU:DF_COU_HEALTH_FINANCING(1.0.0),Q_3,_T,CHF,A,2000,1033.235,6,A,3
CH1.COU:DF_COU_HEALTH_FINANCING(1.0.0),Q_3,_T,CHF,A,2001,1179.845,6,A,3
CH1.COU:DF_COU_HEALTH_FINANCING(1.0.0),Q_3,_T,CHF,A,2002,1211.749,6,A,3
CH1.COU:DF_COU_HEALTH_FINANCING(1.0.0),Q_3,_T,CHF,A,2003,1180.431,6,A,3
CH1.COU:DF_COU_HEALTH_FINANCING(1.0.0),Q_3,_T,CHF,A,2004,1196.299,6,A,3
CH1.COU:DF_COU_HEALTH_FINANCING(1.0.0),Q_3,_T,CHF,A,2005,1066.417,6,A,3
CH1.COU:DF_COU_HEALTH_FINANCING(1.0.0),Q_3,_T,CHF,A,2006,862.045,6,A,3
CH1.COU:DF_COU_HEALTH_FINANCING(1.0.0),Q_3,_T,CHF,A,2007,959.212,6,A,3
CH1.COU:DF_COU_HEALTH_FINANCING(1.0.0),Q_3,_T,CHF,A,2008,1593.21,6,A,3
CH1.COU:DF_COU_HEALTH_FINANCING(1.0.0),Q_3,_T,CHF,A,2009,1682.105,6,A,3
CH1.COU:DF_COU_HEALTH_FINANCING(1.0.0),Q_3,_T,CHF,A,2010,1584.487,6,A,3
CH1.COU:DF_COU_HEALTH_FINANCING(1.0.0),Q_3,_T,CHF,A,2011,1853.976,6,A,3
CH1.COU:DF_COU_HEALTH_FINANCING(1.0.0),Q_3,_T,CHF,A,2012,1948.648,6,A,3
CH1.COU:DF_COU_HEALTH_FINANCING(1.0.0),Q_3,_T,CHF,A,2013,2085.644,6,A,3
CH1.COU:DF_COU_HEALTH_FINANCING(1.0.0),Q_3,_T,CHF,A,2014,1960.468,6,A,3
CH1.COU:DF_COU_HEALTH_FINANCING(1.0.0),Q_3,_T,CHF,A,2015,2156.272,6,A,3
CH1.COU:DF_COU_HEALTH_FINANCING(1.0.0),Q_3,_T,CHF,A,2016,2227.666,6,A,3
CH1.COU:DF_COU_HEALTH_FINANCING(1.0.0),Q_3,_T,CHF,A,2017,2248.202,6,A,3
CH1.COU:DF_COU_HEALTH_FINANCING(1.0.0),Q_3,_T,CHF,A,2018,2332.016,6,A,3
CH1.COU:DF_COU_HEALTH_FINANCING(1.0.0),Q_3,_T,CHF,A,2019,2626.221,6,A,3
CH1.COU:DF_COU_HEALTH_FINANCING(1.0.0),Q_3,_T,CHF,A,2020,2698.07,6,A,3
CH1.COU:DF_COU_HEALTH_FINANCING(1.0.0),Q_3,_T,CHF,A,2021,2769.458,6,A,3
CH1.COU:DF_COU_HEALTH_FINANCING(1.0.0),Q_3,_T,CHF,A,2022,2890.047,6,A,3
CH1.COU:DF_COU_HEALTH_FINANCING(1.0.0),Q_3,_T,CHF,A,2023,3171.117,6,A,3
CH1.COU:DF_COU_HEALTH_FINANCING(1.0.0),Q_3,_T,CHF,A,2024,3255.058,6,P,3
CH1.COU:DF_COU_HEALTH_FINANCING(1.0.0),Q_4,F_4_1,CHF_R_POP_R_MH,A,1995,16.831,0,A,3
CH1.COU:DF_COU_HEALTH_FINANCING(1.0.0),Q_4,F_4_1,CHF_R_POP_R_MH,A,1996,21.994,0,A,3
CH1.COU:DF_COU_HEALTH_FINANCING(1.0.0),Q_4,F_4_1,CHF_R_POP_R_MH,A,1997,21.771,0,A,3
CH1.COU:DF_COU_HEALTH_FINANCING(1.0.0),Q_4,F_4_1,CHF_R_POP_R_MH,A,1998,25.351,0,A,3
CH1.COU:DF_COU_HEALTH_FINANCING(1.0.0),Q_4,F_4_1,CHF_R_POP_R_MH,A,1999,25.896,0,A,3
CH1.COU:DF_COU_HEALTH_FINANCING(1.0.0),Q_4,F_4_1,CHF_R_POP_R_MH,A,2000,27.013,0,A,3
CH1.COU:DF_COU_HEALTH_FINANCING(1.0.0),Q_4,F_4_1,CHF_R_POP_R_MH,A,2001,27.407,0,A,3
CH1.COU:DF_COU_HEALTH_FINANCING(1.0.0),Q_4,F_4_1,CHF_R_POP_R_MH,A,2002,29.03,0,A,3
CH1.COU:DF_COU_HEALTH_FINANCING(1.0.0),Q_4,F_4_1,CHF_R_POP_R_MH,A,2003,29.858,0,A,3
CH1.COU:DF_COU_HEALTH_FINANCING(1.0.0),Q_4,F_4_1,CHF_R_POP_R_MH,A,2004,32.374,0,A,3
CH1.COU:DF_COU_HEALTH_FINANCING(1.0.0),Q_4,F_4_1,CHF_R_POP_R_MH,A,2005,33.892,0,A,3
CH1.COU:DF_COU_HEALTH_FINANCING(1.0.0),Q_4,F_4_1,CHF_R_POP_R_MH,A,2006,34.075,0,A,3
CH1.COU:DF_COU_HEALTH_FINANCING(1.0.0),Q_4,F_4_1,CHF_R_POP_R_MH,A,2007,35.028,0,A,3
CH1.COU:DF_COU_HEALTH_FINANCING(1.0.0),Q_4,F_4_1,CHF_R_POP_R_MH,A,2008,36.044,0,A,3
CH1.COU:DF_COU_HEALTH_FINANCING(1.0.0),Q_4,F_4_1,CHF_R_POP_R_MH,A,2009,36.753,0,A,3
CH1.COU:DF_COU_HEALTH_FINANCING(1.0.0),Q_4,F_4_1,CHF_R_POP_R_MH,A,2010,36.419,0,A,3
CH1.COU:DF_COU_HEALTH_FINANCING(1.0.0),Q_4,F_4_1,CHF_R_POP_R_MH,A,2011,37.615,0,A,3
CH1.COU:DF_COU_HEALTH_FINANCING(1.0.0),Q_4,F_4_1,CHF_R_POP_R_MH,A,2012,38.558,0,A,3
CH1.COU:DF_COU_HEALTH_FINANCING(1.0.0),Q_4,F_4_1,CHF_R_POP_R_MH,A,2013,40.102,0,A,3
CH1.COU:DF_COU_HEALTH_FINANCING(1.0.0),Q_4,F_4_1,CHF_R_POP_R_MH,A,2014,40.514,0,A,3
CH1.COU:DF_COU_HEALTH_FINANCING(1.0.0),Q_4,F_4_1,CHF_R_POP_R_MH,A,2015,41.665,0,A,3
CH1.COU:DF_COU_HEALTH_FINANCING(1.0.0),Q_4,F_4_1,CHF_R_POP_R_MH,A,2016,42.927,0,A,3
CH1.COU:DF_COU_HEALTH_FINANCING(1.0.0),Q_4,F_4_1,CHF_R_POP_R_MH,A,2017,43.446,0,A,3
CH1.COU:DF_COU_HEALTH_FINANCING(1.0.0),Q_4,F_4_1,CHF_R_POP_R_MH,A,2018,44.064,0,A,3
CH1.COU:DF_COU_HEALTH_FINANCING(1.0.0),Q_4,F_4_1,CHF_R_POP_R_MH,A,2019,45.356,0,A,3
CH1.COU:DF_COU_HEALTH_FINANCING(1.0.0),Q_4,F_4_1,CHF_R_POP_R_MH,A,2020,45.107,0,A,3
CH1.COU:DF_COU_HEALTH_FINANCING(1.0.0),Q_4,F_4_1,CHF_R_POP_R_MH,A,2021,46.952,0,A,3
CH1.COU:DF_COU_HEALTH_FINANCING(1.0.0),Q_4,F_4_1,CHF_R_POP_R_MH,A,2022,48.556,0,A,3
CH1.COU:DF_COU_HEALTH_FINANCING(1.0.0),Q_4,F_4_1,CHF_R_POP_R_MH,A,2023,50.158,0,A,3
CH1.COU:DF_COU_HEALTH_FINANCING(1.0.0),Q_4,F_4_1,CHF_R_POP_R_MH,A,2024,52.395,0,P,3
CH1.COU:DF_COU_HEALTH_FINANCING(1.0.0),Q_5_1,_T,CHF_R_POP_R_MH,A,2010,15.973,0,A,3
CH1.COU:DF_COU_HEALTH_FINANCING(1.0.0),Q_5_1,_T,CHF_R_POP_R_MH,A,2011,15.091,0,A,3
CH1.COU:DF_COU_HEALTH_FINANCING(1.0.0),Q_5_1,_T,CHF_R_POP_R_MH,A,2012,15.562,0,A,3
CH1.COU:DF_COU_HEALTH_FINANCING(1.0.0),Q_5_1,_T,CHF_R_POP_R_MH,A,2013,17.895,0,A,3
CH1.COU:DF_COU_HEALTH_FINANCING(1.0.0),Q_5_1,_T,CHF_R_POP_R_MH,A,2014,17.593,0,A,3
CH1.COU:DF_COU_HEALTH_FINANCING(1.0.0),Q_5_1,_T,CHF_R_POP_R_MH,A,2015,18.119,0,A,3
CH1.COU:DF_COU_HEALTH_FINANCING(1.0.0),Q_5_1,_T,CHF_R_POP_R_MH,A,2016,18.017,0,A,3
CH1.COU:DF_COU_HEALTH_FINANCING(1.0.0),Q_5_1,_T,CHF_R_POP_R_MH,A,2017,17.975,0,A,3
CH1.COU:DF_COU_HEALTH_FINANCING(1.0.0),Q_5_1,_T,CHF_R_POP_R_MH,A,2018,19.615,0,A,3
CH1.COU:DF_COU_HEALTH_FINANCING(1.0.0),Q_5_1,_T,CHF_R_POP_R_MH,A,2019,20.328,0,A,3
CH1.COU:DF_COU_HEALTH_FINANCING(1.0.0),Q_5_1,_T,CHF_R_POP_R_MH,A,2020,23.375,0,A,3
CH1.COU:DF_COU_HEALTH_FINANCING(1.0.0),Q_5_1,_T,CHF_R_POP_R_MH,A,2021,21.781,0,A,3
CH1.COU:DF_COU_HEALTH_FINANCING(1.0.0),Q_5_1,_T,CHF_R_POP_R_MH,A,2022,22.791,0,A,3
CH1.COU:DF_COU_HEALTH_FINANCING(1.0.0),Q_5_1,_T,CHF_R_POP_R_MH,A,2023,24.038,0,A,3
CH1.COU:DF_COU_HEALTH_FINANCING(1.0.0),Q_5_1,_T,CHF_R_POP_R_MH,A,2024,22.222,0,P,3
CH1.COU:DF_COU_HEALTH_FINANCING(1.0.0),Q_5_4,F_2,CHF,A,2010,60.085,6,A,3
CH1.COU:DF_COU_HEALTH_FINANCING(1.0.0),Q_5_4,F_2,CHF,A,2011,57.069,6,A,3
CH1.COU:DF_COU_HEALTH_FINANCING(1.0.0),Q_5_4,F_2,CHF,A,2012,51.722,6,A,3
CH1.COU:DF_COU_HEALTH_FINANCING(1.0.0),Q_5_4,F_2,CHF,A,2013,55.562,6,A,3
CH1.COU:DF_COU_HEALTH_FINANCING(1.0.0),Q_5_4,F_2,CHF,A,2014,59.26,6,A,3
CH1.COU:DF_COU_HEALTH_FINANCING(1.0.0),Q_5_4,F_2,CHF,A,2015,59.219,6,A,3
CH1.COU:DF_COU_HEALTH_FINANCING(1.0.0),Q_5_4,F_2,CHF,A,2016,67.093,6,A,3
CH1.COU:DF_COU_HEALTH_FINANCING(1.0.0),Q_5_4,F_2,CHF,A,2017,68.314,6,A,3
CH1.COU:DF_COU_HEALTH_FINANCING(1.0.0),Q_5_4,F_2,CHF,A,2018,63.888,6,A,3
CH1.COU:DF_COU_HEALTH_FINANCING(1.0.0),Q_5_4,F_2,CHF,A,2019,57.752,6,A,3
CH1.COU:DF_COU_HEALTH_FINANCING(1.0.0),Q_5_4,F_2,CHF,A,2020,61.924,6,A,3
CH1.COU:DF_COU_HEALTH_FINANCING(1.0.0),Q_5_4,F_2,CHF,A,2021,70.803,6,A,3
CH1.COU:DF_COU_HEALTH_FINANCING(1.0.0),Q_5_4,F_2,CHF,A,2022,60.948,6,A,3
CH1.COU:DF_COU_HEALTH_FINANCING(1.0.0),Q_5_4,F_2,CHF,A,2023,57.316,6,A,3
CH1.COU:DF_COU_HEALTH_FINANCING(1.0.0),Q_5_4,F_2,CHF,A,2024,56.413,6,P,3
CH1.COU:DF_COU_HEALTH_FINANCING(1.0.0),Q_6,F_2_1,CHF_R_POP_R_MH,A,2010,1.58,0,A,3
CH1.COU:DF_COU_HEALTH_FINANCING(1.0.0),Q_6,F_2_1,CHF_R_POP_R_MH,A,2015,0.33,0,A,3
CH1.COU:DF_COU_HEALTH_FINANCING(1.0.0),Q_6,F_2_1,CHF_R_POP_R_MH,A,2021,4.161,0,A,3
CH1.COU:DF_COU_HEALTH_FINANCING(1.0.0),Q_6,F_2_1,CHF_R_POP_R_MH,A,2022,13.508,0,A,3
CH1.COU:DF_COU_HEALTH_FINANCING(1.0.0),Q_6,F_2_1,CHF_R_POP_R_MH,A,2023,10.86,0,A,3
CH1.COU:DF_COU_HEALTH_FINANCING(1.0.0),Q_5,F_2_4,CHF,A,1995,1130.329,6,A,3
CH1.COU:DF_COU_HEALTH_FINANCING(1.0.0),Q_5,F_2_4,CHF,A,1996,1140.276,6,A,3
CH1.COU:DF_COU_HEALTH_FINANCING(1.0.0),Q_5,F_2_4,CHF,A,1997,1159.878,6,A,3
CH1.COU:DF_COU_HEALTH_FINANCING(1.0.0),Q_5,F_2_4,CHF,A,1998,1286.846,6,A,3
CH1.COU:DF_COU_HEALTH_FINANCING(1.0.0),Q_5,F_2_4,CHF,A,1999,1371.535,6,A,3
CH1.COU:DF_COU_HEALTH_FINANCING(1.0.0),Q_5,F_2_4,CHF,A,2000,1407.949,6,A,3
CH1.COU:DF_COU_HEALTH_FINANCING(1.0.0),Q_5,F_2_4,CHF,A,2001,1457.862,6,A,3
CH1.COU:DF_COU_HEALTH_FINANCING(1.0.0),Q_5,F_2_4,CHF,A,2002,1398.104,6,A,3
CH1.COU:DF_COU_HEALTH_FINANCING(1.0.0),Q_5,F_2_4,CHF,A,2003,1488.096,6,A,3
CH1.COU:DF_COU_HEALTH_FINANCING(1.0.0),Q_5,F_2_4,CHF,A,2004,1506.619,6,A,3
CH1.COU:DF_COU_HEALTH_FINANCING(1.0.0),Q_5,F_2_4,CHF,A,2005,1617.517,6,A,3
CH1.COU:DF_COU_HEALTH_FINANCING(1.0.0),Q_5,F_2_4,CHF,A,2006,1597.528,6,A,3
CH1.COU:DF_COU_HEALTH_FINANCING(1.0.0),Q_5,F_2_4,CHF,A,2007,1646.805,6,A,3
CH1.COU:DF_COU_HEALTH_FINANCING(1.0.0),Q_5,F_2_4,CHF,A,2008,1713.111,6,A,3
CH1.COU:DF_COU_HEALTH_FINANCING(1.0.0),Q_5,F_2_4,CHF,A,2009,1805.648,6,A,3
CH1.COU:DF_COU_HEALTH_FINANCING(1.0.0),Q_5,F_2_4,CHF,A,2010,1884.215,6,A,3
CH1.COU:DF_COU_HEALTH_FINANCING(1.0.0),Q_5,F_2_4,CHF,A,2011,1918.855,6,A,3
CH1.COU:DF_COU_HEALTH_FINANCING(1.0.0),Q_5,F_2_4,CHF,A,2012,1969.186,6,A,3
CH1.COU:DF_COU_HEALTH_FINANCING(1.0.0),Q_5,F_2_4,CHF,A,2013,2193.921,6,A,3
CH1.COU:DF_COU_HEALTH_FINANCING(1.0.0),Q_5,F_2_4,CHF,A,2014,2203.947,6,A,3
CH1.COU:DF_COU_HEALTH_FINANCING(1.0.0),Q_5,F_2_4,CHF,A,2015,2248.296,6,A,3
CH1.COU:DF_COU_HEALTH_FINANCING(1.0.0),Q_5,F_2_4,CHF,A,2016,2339.729,6,A,3
CH1.COU:DF_COU_HEALTH_FINANCING(1.0.0),Q_5,F_2_4,CHF,A,2017,2279.091,6,A,3
CH1.COU:DF_COU_HEALTH_FINANCING(1.0.0),Q_5,F_2_4,CHF,A,2018,2331.18,6,A,3
CH1.COU:DF_COU_HEALTH_FINANCING(1.0.0),Q_5,F_2_4,CHF,A,2019,2390.642,6,A,3
CH1.COU:DF_COU_HEALTH_FINANCING(1.0.0),Q_5,F_2_4,CHF,A,2020,2308.963,6,A,3
CH1.COU:DF_COU_HEALTH_FINANCING(1.0.0),Q_5,F_2_4,CHF,A,2021,2303.271,6,A,3
CH1.COU:DF_COU_HEALTH_FINANCING(1.0.0),Q_5,F_2_4,CHF,A,2022,2363.385,6,A,3
CH1.COU:DF_COU_HEALTH_FINANCING(1.0.0),Q_5,F_2_4,CHF,A,2023,2539.582,6,A,3
CH1.COU:DF_COU_HEALTH_FINANCING(1.0.0),Q_5,F_2_4,CHF,A,2024,2505.934,6,P,3
CH1.COU:DF_COU_HEALTH_FINANCING(1.0.0),Q_5,F_3,CHF,A,1995,333.377,6,A,3
CH1.COU:DF_COU_HEALTH_FINANCING(1.0.0),Q_5,F_3,CHF,A,1996,306.395,6,A,3
CH1.COU:DF_COU_HEALTH_FINANCING(1.0.0),Q_5,F_3,CHF,A,1997,340.31,6,A,3
CH1.COU:DF_COU_HEALTH_FINANCING(1.0.0),Q_5,F_3,CHF,A,1998,356.548,6,A,3
CH1.COU:DF_COU_HEALTH_FINANCING(1.0.0),Q_5,F_3,CHF,A,1999,397.097,6,A,3
CH1.COU:DF_COU_HEALTH_FINANCING(1.0.0),Q_5,F_3,CHF,A,2000,402.425,6,A,3
CH1.COU:DF_COU_HEALTH_FINANCING(1.0.0),Q_5,F_3,CHF,A,2001,413.664,6,A,3
CH1.COU:DF_COU_HEALTH_FINANCING(1.0.0),Q_5,F_3,CHF,A,2002,433.817,6,A,3
CH1.COU:DF_COU_HEALTH_FINANCING(1.0.0),Q_5,F_3,CHF,A,2003,425.381,6,A,3
CH1.COU:DF_COU_HEALTH_FINANCING(1.0.0),Q_5,F_3,CHF,A,2004,443.824,6,A,3
CH1.COU:DF_COU_HEALTH_FINANCING(1.0.0),Q_5,F_3,CHF,A,2005,349.658,6,A,3
CH1.COU:DF_COU_HEALTH_FINANCING(1.0.0),Q_5,F_3,CHF,A,2006,401.179,6,A,3
CH1.COU:DF_COU_HEALTH_FINANCING(1.0.0),Q_5,F_3,CHF,A,2007,402.58,6,A,3
CH1.COU:DF_COU_HEALTH_FINANCING(1.0.0),Q_5,F_3,CHF,A,2008,429.521,6,A,3
CH1.COU:DF_COU_HEALTH_FINANCING(1.0.0),Q_5,F_3,CHF,A,2009,427.223,6,A,3
CH1.COU:DF_COU_HEALTH_FINANCING(1.0.0),Q_5,F_3,CHF,A,2010,575.108,6,A,3
CH1.COU:DF_COU_HEALTH_FINANCING(1.0.0),Q_5,F_3,CHF,A,2011,533.664,6,A,3
CH1.COU:DF_COU_HEALTH_FINANCING(1.0.0),Q_5,F_3,CHF,A,2012,566.841,6,A,3
CH1.COU:DF_COU_HEALTH_FINANCING(1.0.0),Q_5,F_3,CHF,A,2013,749.826,6,A,3
CH1.COU:DF_COU_HEALTH_FINANCING(1.0.0),Q_5,F_3,CHF,A,2014,731.825,6,A,3
CH1.COU:DF_COU_HEALTH_FINANCING(1.0.0),Q_5,F_3,CHF,A,2015,786.083,6,A,3
CH1.COU:DF_COU_HEALTH_FINANCING(1.0.0),Q_5,F_3,CHF,A,2016,744.419,6,A,3
CH1.COU:DF_COU_HEALTH_FINANCING(1.0.0),Q_5,F_3,CHF,A,2017,756.141,6,A,3
CH1.COU:DF_COU_HEALTH_FINANCING(1.0.0),Q_5,F_3,CHF,A,2018,899.048,6,A,3
CH1.COU:DF_COU_HEALTH_FINANCING(1.0.0),Q_5,F_3,CHF,A,2019,898.018,6,A,3
CH1.COU:DF_COU_HEALTH_FINANCING(1.0.0),Q_5,F_3,CHF,A,2020,1244.251,6,A,3
CH1.COU:DF_COU_HEALTH_FINANCING(1.0.0),Q_5,F_3,CHF,A,2021,1087.426,6,A,3
CH1.COU:DF_COU_HEALTH_FINANCING(1.0.0),Q_5,F_3,CHF,A,2022,1260.762,6,A,3
CH1.COU:DF_COU_HEALTH_FINANCING(1.0.0),Q_5,F_3,CHF,A,2023,1311.961,6,A,3
CH1.COU:DF_COU_HEALTH_FINANCING(1.0.0),Q_5,F_3,CHF,A,2024,1143.191,6,P,3
CH1.COU:DF_COU_HEALTH_FINANCING(1.0.0),_T,F_1_1,CHF,A,1995,182.847,6,A,3
CH1.COU:DF_COU_HEALTH_FINANCING(1.0.0),_T,F_1_1,CHF,A,1996,177.393,6,A,3
CH1.COU:DF_COU_HEALTH_FINANCING(1.0.0),_T,F_1_1,CHF,A,1997,163.877,6,A,3
CH1.COU:DF_COU_HEALTH_FINANCING(1.0.0),_T,F_1_1,CHF,A,1998,163.003,6,A,3
CH1.COU:DF_COU_HEALTH_FINANCING(1.0.0),_T,F_1_1,CHF,A,1999,176.591,6,A,3
CH1.COU:DF_COU_HEALTH_FINANCING(1.0.0),_T,F_1_1,CHF,A,2000,200.916,6,A,3
CH1.COU:DF_COU_HEALTH_FINANCING(1.0.0),_T,F_1_1,CHF,A,2001,222.32,6,A,3
CH1.COU:DF_COU_HEALTH_FINANCING(1.0.0),_T,F_1_1,CHF,A,2002,314.003,6,A,3
CH1.COU:DF_COU_HEALTH_FINANCING(1.0.0),_T,F_1_1,CHF,A,2003,232.988,6,A,3
CH1.COU:DF_COU_HEALTH_FINANCING(1.0.0),_T,F_1_1,CHF,A,2004,231.929,6,A,3
CH1.COU:DF_COU_HEALTH_FINANCING(1.0.0),_T,F_1_1,CHF,A,2005,217.092,6,A,3
CH1.COU:DF_COU_HEALTH_FINANCING(1.0.0),_T,F_1_1,CHF,A,2006,213.344,6,A,3
CH1.COU:DF_COU_HEALTH_FINANCING(1.0.0),_T,F_1_1,CHF,A,2007,282.73,6,A,3
CH1.COU:DF_COU_HEALTH_FINANCING(1.0.0),_T,F_1_1,CHF,A,2008,298.517,6,A,3
CH1.COU:DF_COU_HEALTH_FINANCING(1.0.0),_T,F_1_1,CHF,A,2009,363.194,6,A,3
CH1.COU:DF_COU_HEALTH_FINANCING(1.0.0),_T,F_1_1,CHF,A,2010,263.039,6,A,3
CH1.COU:DF_COU_HEALTH_FINANCING(1.0.0),_T,F_1_1,CHF,A,2011,232.285,6,A,3
CH1.COU:DF_COU_HEALTH_FINANCING(1.0.0),_T,F_1_1,CHF,A,2012,246.493,6,A,3
CH1.COU:DF_COU_HEALTH_FINANCING(1.0.0),_T,F_1_1,CHF,A,2013,245.918,6,A,3
CH1.COU:DF_COU_HEALTH_FINANCING(1.0.0),_T,F_1_1,CHF,A,2014,228.164,6,A,3
CH1.COU:DF_COU_HEALTH_FINANCING(1.0.0),_T,F_1_1,CHF,A,2015,222.243,6,A,3
CH1.COU:DF_COU_HEALTH_FINANCING(1.0.0),_T,F_1_1,CHF,A,2016,234.843,6,A,3
CH1.COU:DF_COU_HEALTH_FINANCING(1.0.0),_T,F_1_1,CHF,A,2017,271.606,6,A,3
CH1.COU:DF_COU_HEALTH_FINANCING(1.0.0),_T,F_1_1,CHF,A,2018,184.278,6,A,3
CH1.COU:DF_COU_HEALTH_FINANCING(1.0.0),_T,F_1_1,CHF,A,2019,176.881,6,A,3
CH1.COU:DF_COU_HEALTH_FINANCING(1.0.0),_T,F_1_1,CHF,A,2020,1026.241,6,A,3
CH1.COU:DF_COU_HEALTH_FINANCING(1.0.0),_T,F_1_1,CHF,A,2021,2148.346,6,A,3
CH1.COU:DF_COU_HEALTH_FINANCING(1.0.0),_T,F_1_1,CHF,A,2022,2076.358,6,A,3
CH1.COU:DF_COU_HEALTH_FINANCING(1.0.0),_T,F_1_1,CHF,A,2023,397.708,6,A,3
CH1.COU:DF_COU_HEALTH_FINANCING(1.0.0),_T,F_1_1,CHF,A,2024,203.443,6,P,3
CH1.COU:DF_COU_HEALTH_FINANCING(1.0.0),_T,F_2,CHF_R_POP_R_MH,A,1995,172.682,0,A,3
CH1.COU:DF_COU_HEALTH_FINANCING(1.0.0),_T,F_2,CHF_R_POP_R_MH,A,1996,185.181,0,A,3
CH1.COU:DF_COU_HEALTH_FINANCING(1.0.0),_T,F_2,CHF_R_POP_R_MH,A,1997,193.061,0,A,3
CH1.COU:DF_COU_HEALTH_FINANCING(1.0.0),_T,F_2,CHF_R_POP_R_MH,A,1998,203.46,0,A,3
CH1.COU:DF_COU_HEALTH_FINANCING(1.0.0),_T,F_2,CHF_R_POP_R_MH,A,1999,210.368,0,A,3
CH1.COU:DF_COU_HEALTH_FINANCING(1.0.0),_T,F_2,CHF_R_POP_R_MH,A,2000,219.803,0,A,3
CH1.COU:DF_COU_HEALTH_FINANCING(1.0.0),_T,F_2,CHF_R_POP_R_MH,A,2001,230.585,0,A,3
CH1.COU:DF_COU_HEALTH_FINANCING(1.0.0),_T,F_2,CHF_R_POP_R_MH,A,2002,240.436,0,A,3
CH1.COU:DF_COU_HEALTH_FINANCING(1.0.0),_T,F_2,CHF_R_POP_R_MH,A,2003,251.755,0,A,3
CH1.COU:DF_COU_HEALTH_FINANCING(1.0.0),_T,F_2,CHF_R_POP_R_MH,A,2004,264.669,0,A,3
CH1.COU:DF_COU_HEALTH_FINANCING(1.0.0),_T,F_2,CHF_R_POP_R_MH,A,2005,277.573,0,A,3
CH1.COU:DF_COU_HEALTH_FINANCING(1.0.0),_T,F_2,CHF_R_POP_R_MH,A,2006,277.733,0,A,3
CH1.COU:DF_COU_HEALTH_FINANCING(1.0.0),_T,F_2,CHF_R_POP_R_MH,A,2007,288.02,0,A,3
CH1.COU:DF_COU_HEALTH_FINANCING(1.0.0),_T,F_2,CHF_R_POP_R_MH,A,2008,294.702,0,A,3
CH1.COU:DF_COU_HEALTH_FINANCING(1.0.0),_T,F_2,CHF_R_POP_R_MH,A,2009,302.868,0,A,3
CH1.COU:DF_COU_HEALTH_FINANCING(1.0.0),_T,F_2,CHF_R_POP_R_MH,A,2010,301.379,0,A,3
CH1.COU:DF_COU_HEALTH_FINANCING(1.0.0),_T,F_2,CHF_R_POP_R_MH,A,2011,314.688,0,A,3
CH1.COU:DF_COU_HEALTH_FINANCING(1.0.0),_T,F_2,CHF_R_POP_R_MH,A,2012,337.091,0,A,3
CH1.COU:DF_COU_HEALTH_FINANCING(1.0.0),_T,F_2,CHF_R_POP_R_MH,A,2013,341.898,0,A,3
CH1.COU:DF_COU_HEALTH_FINANCING(1.0.0),_T,F_2,CHF_R_POP_R_MH,A,2014,338.847,0,A,3
CH1.COU:DF_COU_HEALTH_FINANCING(1.0.0),_T,F_2,CHF_R_POP_R_MH,A,2015,346.681,0,A,3
CH1.COU:DF_COU_HEALTH_FINANCING(1.0.0),_T,F_2,CHF_R_POP_R_MH,A,2016,359.887,0,A,3
CH1.COU:DF_COU_HEALTH_FINANCING(1.0.0),_T,F_2,CHF_R_POP_R_MH,A,2017,370.651,0,A,3
CH1.COU:DF_COU_HEALTH_FINANCING(1.0.0),_T,F_2,CHF_R_POP_R_MH,A,2018,381.027,0,A,3
CH1.COU:DF_COU_HEALTH_FINANCING(1.0.0),_T,F_2,CHF_R_POP_R_MH,A,2019,386.931,0,A,3
CH1.COU:DF_COU_HEALTH_FINANCING(1.0.0),_T,F_2,CHF_R_POP_R_MH,A,2020,388.696,0,A,3
CH1.COU:DF_COU_HEALTH_FINANCING(1.0.0),_T,F_2,CHF_R_POP_R_MH,A,2021,391.521,0,A,3
CH1.COU:DF_COU_HEALTH_FINANCING(1.0.0),_T,F_2,CHF_R_POP_R_MH,A,2022,400.442,0,A,3
CH1.COU:DF_COU_HEALTH_FINANCING(1.0.0),_T,F_2,CHF_R_POP_R_MH,A,2023,418.131,0,A,3
CH1.COU:DF_COU_HEALTH_FINANCING(1.0.0),_T,F_2,CHF_R_POP_R_MH,A,2024,432.396,0,P,3
CH1.COU:DF_COU_HEALTH_FINANCING(1.0.0),_T,F_4_3,CHF,A,1995,9358.569,6,A,3
CH1.COU:DF_COU_HEALTH_FINANCING(1.0.0),_T,F_4_3,CHF,A,1996,9224.312,6,A,3
CH1.COU:DF_COU_HEALTH_FINANCING(1.0.0),_T,F_4_3,CHF,A,1997,9393.201,6,A,3
CH1.COU:DF_COU_HEALTH_FINANCING(1.0.0),_T,F_4_3,CHF,A,1998,9451.04,6,A,3
CH1.COU:DF_COU_HEALTH_FINANCING(1.0.0),_T,F_4_3,CHF,A,1999,9675.271,6,A,3
CH1.COU:DF_COU_HEALTH_FINANCING(1.0.0),_T,F_4_3,CHF,A,2000,10043.496,6,A,3
CH1.COU:DF_COU_HEALTH_FINANCING(1.0.0),_T,F_4_3,CHF,A,2001,10385.698,6,A,3
CH1.COU:DF_COU_HEALTH_FINANCING(1.0.0),_T,F_4_3,CHF,A,2002,10281.597,6,A,3
CH1.COU:DF_COU_HEALTH_FINANCING(1.0.0),_T,F_4_3,CHF,A,2003,10547.09,6,A,3
CH1.COU:DF_COU_HEALTH_FINANCING(1.0.0),_T,F_4_3,CHF,A,2004,10835.501,6,A,3
CH1.COU:DF_COU_HEALTH_FINANCING(1.0.0),_T,F_4_3,CHF,A,2005,10625.041,6,A,3
CH1.COU:DF_COU_HEALTH_FINANCING(1.0.0),_T,F_4_3,CHF,A,2006,10689.614,6,A,3
CH1.COU:DF_COU_HEALTH_FINANCING(1.0.0),_T,F_4_3,CHF,A,2007,11231.777,6,A,3
CH1.COU:DF_COU_HEALTH_FINANCING(1.0.0),_T,F_4_3,CHF,A,2008,11411.235,6,A,3
CH1.COU:DF_COU_HEALTH_FINANCING(1.0.0),_T,F_4_3,CHF,A,2009,11724.234,6,A,3
CH1.COU:DF_COU_HEALTH_FINANCING(1.0.0),_T,F_4_3,CHF,A,2010,11495.117,6,A,3
CH1.COU:DF_COU_HEALTH_FINANCING(1.0.0),_T,F_4_3,CHF,A,2011,11453.628,6,A,3
CH1.COU:DF_COU_HEALTH_FINANCING(1.0.0),_T,F_4_3,CHF,A,2012,11723.07,6,A,3
CH1.COU:DF_COU_HEALTH_FINANCING(1.0.0),_T,F_4_3,CHF,A,2013,11769.592,6,A,3
CH1.COU:DF_COU_HEALTH_FINANCING(1.0.0),_T,F_4_3,CHF,A,2014,11956.363,6,A,3
CH1.COU:DF_COU_HEALTH_FINANCING(1.0.0),_T,F_4_3,CHF,A,2015,11879.785,6,A,3
CH1.COU:DF_COU_HEALTH_FINANCING(1.0.0),_T,F_4_3,CHF,A,2016,11686.431,6,A,3
CH1.COU:DF_COU_HEALTH_FINANCING(1.0.0),_T,F_4_3,CHF,A,2017,12235.058,6,A,3
CH1.COU:DF_COU_HEALTH_FINANCING(1.0.0),_T,F_4_3,CHF,A,2018,12654.873,6,A,3
CH1.COU:DF_COU_HEALTH_FINANCING(1.0.0),_T,F_4_3,CHF,A,2019,13037.718,6,A,3
CH1.COU:DF_COU_HEALTH_FINANCING(1.0.0),_T,F_4_3,CHF,A,2020,12506.929,6,A,3
CH1.COU:DF_COU_HEALTH_FINANCING(1.0.0),_T,F_4_3,CHF,A,2021,14006.424,6,A,3
CH1.COU:DF_COU_HEALTH_FINANCING(1.0.0),_T,F_4_3,CHF,A,2022,14719.628,6,A,3
CH1.COU:DF_COU_HEALTH_FINANCING(1.0.0),_T,F_4_3,CHF,A,2023,14589.453,6,A,3
CH1.COU:DF_COU_HEALTH_FINANCING(1.0.0),_T,F_4_3,CHF,A,2024,15112.588,6,P,3
CH1.COU:DF_COU_HEALTH_FINANCING(1.0.0),Q_1,_T,CHF,A,1995,3366.726,6,A,3
CH1.COU:DF_COU_HEALTH_FINANCING(1.0.0),Q_1,_T,CHF,A,1996,2973.969,6,A,3
CH1.COU:DF_COU_HEALTH_FINANCING(1.0.0),Q_1,_T,CHF,A,1997,3174.805,6,A,3
CH1.COU:DF_COU_HEALTH_FINANCING(1.0.0),Q_1,_T,CHF,A,1998,3293.467,6,A,3
CH1.COU:DF_COU_HEALTH_FINANCING(1.0.0),Q_1,_T,CHF,A,1999,3455.786,6,A,3
CH1.COU:DF_COU_HEALTH_FINANCING(1.0.0),Q_1,_T,CHF,A,2000,3607.288,6,A,3
CH1.COU:DF_COU_HEALTH_FINANCING(1.0.0),Q_1,_T,CHF,A,2001,3805.83,6,A,3
CH1.COU:DF_COU_HEALTH_FINANCING(1.0.0),Q_1,_T,CHF,A,2002,4081.126,6,A,3
CH1.COU:DF_COU_HEALTH_FINANCING(1.0.0),Q_1,_T,CHF,A,2003,4165.867,6,A,3
CH1.COU:DF_COU_HEALTH_FINANCING(1.0.0),Q_1,_T,CHF,A,2004,4489.529,6,A,3
CH1.COU:DF_COU_HEALTH_FINANCING(1.0.0),Q_1,_T,CHF,A,2005,4683.13,6,A,3
CH1.COU:DF_COU_HEALTH_FINANCING(1.0.0),Q_1,_T,CHF,A,2006,4745.717,6,A,3
CH1.COU:DF_COU_HEALTH_FINANCING(1.0.0),Q_1,_T,CHF,A,2007,5119.945,6,A,3
CH1.COU:DF_COU_HEALTH_FINANCING(1.0.0),Q_1,_T,CHF,A,2008,3944.788,6,A,3
CH1.COU:DF_COU_HEALTH_FINANCING(1.0.0),Q_1,_T,CHF,A,2009,3653.386,6,A,3
CH1.COU:DF_COU_HEALTH_FINANCING(1.0.0),Q_1,_T,CHF,A,2010,3766.242,6,A,3
CH1.COU:DF_COU_HEALTH_FINANCING(1.0.0),Q_1,_T,CHF,A,2011,4017.476,6,A,3
CH1.COU:DF_COU_HEALTH_FINANCING(1.0.0),Q_1,_T,CHF,A,2012,4045.199,6,A,3
CH1.COU:DF_COU_HEALTH_FINANCING(1.0.0),Q_1,_T,CHF,A,2013,4115.619,6,A,3
CH1.COU:DF_COU_HEALTH_FINANCING(1.0.0),Q_1,_T,CHF,A,2014,4163.524,6,A,3
CH1.COU:DF_COU_HEALTH_FINANCING(1.0.0),Q_1,_T,CHF,A,2015,4331.094,6,A,3
CH1.COU:DF_COU_HEALTH_FINANCING(1.0.0),Q_1,_T,CHF,A,2016,4470.632,6,A,3
CH1.COU:DF_COU_HEALTH_FINANCING(1.0.0),Q_1,_T,CHF,A,2017,4667.148,6,A,3
CH1.COU:DF_COU_HEALTH_FINANCING(1.0.0),Q_1,_T,CHF,A,2018,4670.878,6,A,3
CH1.COU:DF_COU_HEALTH_FINANCING(1.0.0),Q_1,_T,CHF,A,2019,4764.228,6,A,3
CH1.COU:DF_COU_HEALTH_FINANCING(1.0.0),Q_1,_T,CHF,A,2020,5665.219,6,A,3
CH1.COU:DF_COU_HEALTH_FINANCING(1.0.0),Q_1,_T,CHF,A,2021,6800.294,6,A,3
CH1.COU:DF_COU_HEALTH_FINANCING(1.0.0),Q_1,_T,CHF,A,2022,6778.695,6,A,3
CH1.COU:DF_COU_HEALTH_FINANCING(1.0.0),Q_1,_T,CHF,A,2023,5302.524,6,A,3
CH1.COU:DF_COU_HEALTH_FINANCING(1.0.0),Q_1,_T,CHF,A,2024,5470.075,6,P,3
CH1.COU:DF_COU_HEALTH_FINANCING(1.0.0),Q_3,F_2_7,CHF_R_POP_R_MH,A,1995,0.592,0,A,3
CH1.COU:DF_COU_HEALTH_FINANCING(1.0.0),Q_3,F_2_7,CHF_R_POP_R_MH,A,1996,0.62,0,A,3
CH1.COU:DF_COU_HEALTH_FINANCING(1.0.0),Q_3,F_2_7,CHF_R_POP_R_MH,A,1997,0.699,0,A,3
CH1.COU:DF_COU_HEALTH_FINANCING(1.0.0),Q_3,F_2_7,CHF_R_POP_R_MH,A,1998,0.726,0,A,3
CH1.COU:DF_COU_HEALTH_FINANCING(1.0.0),Q_3,F_2_7,CHF_R_POP_R_MH,A,1999,0.772,0,A,3
CH1.COU:DF_COU_HEALTH_FINANCING(1.0.0),Q_3,F_2_7,CHF_R_POP_R_MH,A,2000,0.787,0,A,3
CH1.COU:DF_COU_HEALTH_FINANCING(1.0.0),Q_3,F_2_7,CHF_R_POP_R_MH,A,2001,0.833,0,A,3
CH1.COU:DF_COU_HEALTH_FINANCING(1.0.0),Q_3,F_2_7,CHF_R_POP_R_MH,A,2002,0.915,0,A,3
CH1.COU:DF_COU_HEALTH_FINANCING(1.0.0),Q_3,F_2_7,CHF_R_POP_R_MH,A,2003,0.969,0,A,3
CH1.COU:DF_COU_HEALTH_FINANCING(1.0.0),Q_3,F_2_7,CHF_R_POP_R_MH,A,2004,1.005,0,A,3
CH1.COU:DF_COU_HEALTH_FINANCING(1.0.0),Q_3,F_2_7,CHF_R_POP_R_MH,A,2005,1.018,0,A,3
CH1.COU:DF_COU_HEALTH_FINANCING(1.0.0),Q_3,F_2_7,CHF_R_POP_R_MH,A,2006,0.994,0,A,3
CH1.COU:DF_COU_HEALTH_FINANCING(1.0.0),Q_3,F_2_7,CHF_R_POP_R_MH,A,2007,1.052,0,A,3
CH1.COU:DF_COU_HEALTH_FINANCING(1.0.0),Q_3,F_2_7,CHF_R_POP_R_MH,A,2008,2.591,0,A,3
CH1.COU:DF_COU_HEALTH_FINANCING(1.0.0),Q_3,F_2_7,CHF_R_POP_R_MH,A,2009,2.715,0,A,3
CH1.COU:DF_COU_HEALTH_FINANCING(1.0.0),Q_4,F_3_1,CHF_R_POP_R_MH,A,1995,51.515,0,A,3
CH1.COU:DF_COU_HEALTH_FINANCING(1.0.0),Q_4,F_3_1,CHF_R_POP_R_MH,A,1996,54.787,0,A,3
CH1.COU:DF_COU_HEALTH_FINANCING(1.0.0),Q_4,F_3_1,CHF_R_POP_R_MH,A,1997,51.644,0,A,3
CH1.COU:DF_COU_HEALTH_FINANCING(1.0.0),Q_4,F_3_1,CHF_R_POP_R_MH,A,1998,52.865,0,A,3
CH1.COU:DF_COU_HEALTH_FINANCING(1.0.0),Q_4,F_3_1,CHF_R_POP_R_MH,A,1999,50.081,0,A,3
CH1.COU:DF_COU_HEALTH_FINANCING(1.0.0),Q_4,F_3_1,CHF_R_POP_R_MH,A,2000,52.183,0,A,3
CH1.COU:DF_COU_HEALTH_FINANCING(1.0.0),Q_4,F_3_1,CHF_R_POP_R_MH,A,2001,53.432,0,A,3
CH1.COU:DF_COU_HEALTH_FINANCING(1.0.0),Q_4,F_3_1,CHF_R_POP_R_MH,A,2002,51.89,0,A,3
CH1.COU:DF_COU_HEALTH_FINANCING(1.0.0),Q_4,F_3_1,CHF_R_POP_R_MH,A,2003,52.593,0,A,3
CH1.COU:DF_COU_HEALTH_FINANCING(1.0.0),Q_4,F_3_1,CHF_R_POP_R_MH,A,2004,53.64,0,A,3
CH1.COU:DF_COU_HEALTH_FINANCING(1.0.0),Q_4,F_3_1,CHF_R_POP_R_MH,A,2005,58.429,0,A,3
CH1.COU:DF_COU_HEALTH_FINANCING(1.0.0),Q_4,F_3_1,CHF_R_POP_R_MH,A,2006,60.102,0,A,3
CH1.COU:DF_COU_HEALTH_FINANCING(1.0.0),Q_4,F_3_1,CHF_R_POP_R_MH,A,2007,63.225,0,A,3
CH1.COU:DF_COU_HEALTH_FINANCING(1.0.0),Q_4,F_3_1,CHF_R_POP_R_MH,A,2008,63.693,0,A,3
CH1.COU:DF_COU_HEALTH_FINANCING(1.0.0),Q_4,F_3_1,CHF_R_POP_R_MH,A,2009,64.513,0,A,3
CH1.COU:DF_COU_HEALTH_FINANCING(1.0.0),Q_4,F_3_1,CHF_R_POP_R_MH,A,2010,64.124,0,A,3
CH1.COU:DF_COU_HEALTH_FINANCING(1.0.0),Q_4,F_3_1,CHF_R_POP_R_MH,A,2011,66.461,0,A,3
CH1.COU:DF_COU_HEALTH_FINANCING(1.0.0),Q_4,F_3_1,CHF_R_POP_R_MH,A,2012,66.898,0,A,3
CH1.COU:DF_COU_HEALTH_FINANCING(1.0.0),Q_4,F_3_1,CHF_R_POP_R_MH,A,2013,67.104,0,A,3
CH1.COU:DF_COU_HEALTH_FINANCING(1.0.0),Q_4,F_3_1,CHF_R_POP_R_MH,A,2014,64.905,0,A,3
CH1.COU:DF_COU_HEALTH_FINANCING(1.0.0),Q_4,F_3_1,CHF_R_POP_R_MH,A,2015,65.078,0,A,3
CH1.COU:DF_COU_HEALTH_FINANCING(1.0.0),Q_4,F_3_1,CHF_R_POP_R_MH,A,2016,66.47,0,A,3
CH1.COU:DF_COU_HEALTH_FINANCING(1.0.0),Q_4,F_3_1,CHF_R_POP_R_MH,A,2017,67.549,0,A,3
CH1.COU:DF_COU_HEALTH_FINANCING(1.0.0),Q_4,F_3_1,CHF_R_POP_R_MH,A,2018,68.253,0,A,3
CH1.COU:DF_COU_HEALTH_FINANCING(1.0.0),Q_4,F_3_1,CHF_R_POP_R_MH,A,2019,66.98,0,A,3
CH1.COU:DF_COU_HEALTH_FINANCING(1.0.0),Q_4,F_3_1,CHF_R_POP_R_MH,A,2020,67.785,0,A,3
CH1.COU:DF_COU_HEALTH_FINANCING(1.0.0),Q_4,F_3_1,CHF_R_POP_R_MH,A,2021,67.858,0,A,3
CH1.COU:DF_COU_HEALTH_FINANCING(1.0.0),Q_4,F_3_1,CHF_R_POP_R_MH,A,2022,67.621,0,A,3
CH1.COU:DF_COU_HEALTH_FINANCING(1.0.0),Q_4,F_3_1,CHF_R_POP_R_MH,A,2023,68.04,0,A,3
CH1.COU:DF_COU_HEALTH_FINANCING(1.0.0),Q_4,F_3_1,CHF_R_POP_R_MH,A,2024,67.933,0,P,3
CH1.COU:DF_COU_HEALTH_FINANCING(1.0.0),Q_4,F_3_2,CHF,A,1995,255.14,6,A,3
CH1.COU:DF_COU_HEALTH_FINANCING(1.0.0),Q_4,F_3_2,CHF,A,1996,206.48,6,A,3
CH1.COU:DF_COU_HEALTH_FINANCING(1.0.0),Q_4,F_3_2,CHF,A,1997,253.546,6,A,3
CH1.COU:DF_COU_HEALTH_FINANCING(1.0.0),Q_4,F_3_2,CHF,A,1998,269.018,6,A,3
CH1.COU:DF_COU_HEALTH_FINANCING(1.0.0),Q_4,F_3_2,CHF,A,1999,312.294,6,A,3
CH1.COU:DF_COU_HEALTH_FINANCING(1.0.0),Q_4,F_3_2,CHF,A,2000,309.811,6,A,3
CH1.COU:DF_COU_HEALTH_FINANCING(1.0.0),Q_4,F_3_2,CHF,A,2001,315.867,6,A,3
CH1.COU:DF_COU_HEALTH_FINANCING(1.0.0),Q_4,F_3_2,CHF,A,2002,336.559,6,A,3
CH1.COU:DF_COU_HEALTH_FINANCING(1.0.0),Q_4,F_3_2,CHF,A,2003,316.441,6,A,3
CH1.COU:DF_COU_HEALTH_FINANCING(1.0.0),Q_4,F_3_2,CHF,A,2004,338.616,6,A,3
CH1.COU:DF_COU_HEALTH_FINANCING(1.0.0),Q_4,F_3_2,CHF,A,2005,185.56,6,A,3
CH1.COU:DF_COU_HEALTH_FINANCING(1.0.0),Q_4,F_3_2,CHF,A,2006,249.488,6,A,3
CH1.COU:DF_COU_HEALTH_FINANCING(1.0.0),Q_4,F_3_2,CHF,A,2007,232.313,6,A,3
CH1.COU:DF_COU_HEALTH_FINANCING(1.0.0),Q_4,F_3_2,CHF,A,2008,238.361,6,A,3
CH1.COU:DF_COU_HEALTH_FINANCING(1.0.0),Q_4,F_3_2,CHF,A,2009,237.637,6,A,3
CH1.COU:DF_COU_HEALTH_FINANCING(1.0.0),Q_4,F_3_2,CHF,A,2010,571.07,6,A,3
CH1.COU:DF_COU_HEALTH_FINANCING(1.0.0),Q_4,F_3_2,CHF,A,2011,590.67,6,A,3
CH1.COU:DF_COU_HEALTH_FINANCING(1.0.0),Q_4,F_3_2,CHF,A,2012,560.807,6,A,3
CH1.COU:DF_COU_HEALTH_FINANCING(1.0.0),Q_4,F_3_2,CHF,A,2013,713.237,6,A,3
CH1.COU:DF_COU_HEALTH_FINANCING(1.0.0),Q_4,F_3_2,CHF,A,2014,634.692,6,A,3
CH1.COU:DF_COU_HEALTH_FINANCING(1.0.0),Q_4,F_3_2,CHF,A,2015,688.014,6,A,3
CH1.COU:DF_COU_HEALTH_FINANCING(1.0.0),Q_4,F_3_2,CHF,A,2016,663.148,6,A,3
CH1.COU:DF_COU_HEALTH_FINANCING(1.0.0),Q_4,F_3_2,CHF,A,2017,691.236,6,A,3
CH1.COU:DF_COU_HEALTH_FINANCING(1.0.0),Q_4,F_3_2,CHF,A,2018,721.292,6,A,3
CH1.COU:DF_COU_HEALTH_FINANCING(1.0.0),Q_4,F_3_2,CHF,A,2019,637.92,6,A,3
CH1.COU:DF_COU_HEALTH_FINANCING(1.0.0),Q_4,F_3_2,CHF,A,2020,689.407,6,A,3
CH1.COU:DF_COU_HEALTH_FINANCING(1.0.0),Q_4,F_3_2,CHF,A,2021,717.943,6,A,3
CH1.COU:DF_COU_HEALTH_FINANCING(1.0.0),Q_4,F_3_2,CHF,A,2022,752.452,6,A,3
CH1.COU:DF_COU_HEALTH_FINANCING(1.0.0),Q_4,F_3_2,CHF,A,2023,800.007,6,A,3
CH1.COU:DF_COU_HEALTH_FINANCING(1.0.0),Q_4,F_3_2,CHF,A,2024,749.783,6,P,3
CH1.COU:DF_COU_HEALTH_FINANCING(1.0.0),Q_5_1,F_2_2,CHF,A,2010,37.953,6,A,3
CH1.COU:DF_COU_HEALTH_FINANCING(1.0.0),Q_5_1,F_2_2,CHF,A,2011,39.833,6,A,3
CH1.COU:DF_COU_HEALTH_FINANCING(1.0.0),Q_5_1,F_2_2,CHF,A,2012,31.757,6,A,3
CH1.COU:DF_COU_HEALTH_FINANCING(1.0.0),Q_5_1,F_2_2,CHF,A,2013,24.168,6,A,3
CH1.COU:DF_COU_HEALTH_FINANCING(1.0.0),Q_5_1,F_2_2,CHF,A,2014,26.525,6,A,3
CH1.COU:DF_COU_HEALTH_FINANCING(1.0.0),Q_5_1,F_2_2,CHF,A,2015,27.386,6,A,3
CH1.COU:DF_COU_HEALTH_FINANCING(1.0.0),Q_5_1,F_2_2,CHF,A,2016,29.411,6,A,3
CH1.COU:DF_COU_HEALTH_FINANCING(1.0.0),Q_5_1,F_2_2,CHF,A,2017,30.709,6,A,3
CH1.COU:DF_COU_HEALTH_FINANCING(1.0.0),Q_5_1,F_2_2,CHF,A,2018,32.136,6,A,3
CH1.COU:DF_COU_HEALTH_FINANCING(1.0.0),Q_5_1,F_2_2,CHF,A,2019,38.684,6,A,3
CH1.COU:DF_COU_HEALTH_FINANCING(1.0.0),Q_5_1,F_2_2,CHF,A,2020,38.621,6,A,3
CH1.COU:DF_COU_HEALTH_FINANCING(1.0.0),Q_5_1,F_2_2,CHF,A,2021,41.927,6,A,3
CH1.COU:DF_COU_HEALTH_FINANCING(1.0.0),Q_5_1,F_2_2,CHF,A,2022,36.306,6,A,3
CH1.COU:DF_COU_HEALTH_FINANCING(1.0.0),Q_5_1,F_2_2,CHF,A,2023,50.777,6,A,3
CH1.COU:DF_COU_HEALTH_FINANCING(1.0.0),Q_5_1,F_2_2,CHF,A,2024,50.429,6,P,3
CH1.COU:DF_COU_HEALTH_FINANCING(1.0.0),Q_5_3,F_2,CHF_R_POP_R_MH,A,2010,18.113,0,A,3
CH1.COU:DF_COU_HEALTH_FINANCING(1.0.0),Q_5_3,F_2,CHF_R_POP_R_MH,A,2011,17.832,0,A,3
CH1.COU:DF_COU_HEALTH_FINANCING(1.0.0),Q_5_3,F_2,CHF_R_POP_R_MH,A,2012,18.07,0,A,3
CH1.COU:DF_COU_HEALTH_FINANCING(1.0.0),Q_5_3,F_2,CHF_R_POP_R_MH,A,2013,19.57,0,A,3
CH1.COU:DF_COU_HEALTH_FINANCING(1.0.0),Q_5_3,F_2,CHF_R_POP_R_MH,A,2014,19.576,0,A,3
CH1.COU:DF_COU_HEALTH_FINANCING(1.0.0),Q_5_3,F_2,CHF_R_POP_R_MH,A,2015,19.908,0,A,3
CH1.COU:DF_COU_HEALTH_FINANCING(1.0.0),Q_5_3,F_2,CHF_R_POP_R_MH,A,2016,20.454,0,A,3
CH1.COU:DF_COU_HEALTH_FINANCING(1.0.0),Q_5_3,F_2,CHF_R_POP_R_MH,A,2017,20.007,0,A,3
CH1.COU:DF_COU_HEALTH_FINANCING(1.0.0),Q_5_3,F_2,CHF_R_POP_R_MH,A,2018,20.727,0,A,3
CH1.COU:DF_COU_HEALTH_FINANCING(1.0.0),Q_5_3,F_2,CHF_R_POP_R_MH,A,2019,22.003,0,A,3
CH1.COU:DF_COU_HEALTH_FINANCING(1.0.0),Q_5_3,F_2,CHF_R_POP_R_MH,A,2020,21.392,0,A,3
CH1.COU:DF_COU_HEALTH_FINANCING(1.0.0),Q_5_3,F_2,CHF_R_POP_R_MH,A,2021,21.16,0,A,3
CH1.COU:DF_COU_HEALTH_FINANCING(1.0.0),Q_5_3,F_2,CHF_R_POP_R_MH,A,2022,21.322,0,A,3
CH1.COU:DF_COU_HEALTH_FINANCING(1.0.0),Q_5_3,F_2,CHF_R_POP_R_MH,A,2023,22.881,0,A,3
CH1.COU:DF_COU_HEALTH_FINANCING(1.0.0),Q_5_3,F_2,CHF_R_POP_R_MH,A,2024,22.62,0,P,3
CH1.COU:DF_COU_HEALTH_FINANCING(1.0.0),Q_5_3,F_2_2,CHF,A,2010,37.953,6,A,3
CH1.COU:DF_COU_HEALTH_FINANCING(1.0.0),Q_5_3,F_2_2,CHF,A,2011,39.833,6,A,3
CH1.COU:DF_COU_HEALTH_FINANCING(1.0.0),Q_5_3,F_2_2,CHF,A,2012,31.757,6,A,3
CH1.COU:DF_COU_HEALTH_FINANCING(1.0.0),Q_5_3,F_2_2,CHF,A,2013,24.168,6,A,3
CH1.COU:DF_COU_HEALTH_FINANCING(1.0.0),Q_5_3,F_2_2,CHF,A,2014,26.525,6,A,3
CH1.COU:DF_COU_HEALTH_FINANCING(1.0.0),Q_5_3,F_2_2,CHF,A,2015,27.386,6,A,3
CH1.COU:DF_COU_HEALTH_FINANCING(1.0.0),Q_5_3,F_2_2,CHF,A,2016,29.411,6,A,3
CH1.COU:DF_COU_HEALTH_FINANCING(1.0.0),Q_5_3,F_2_2,CHF,A,2017,30.709,6,A,3
CH1.COU:DF_COU_HEALTH_FINANCING(1.0.0),Q_5_3,F_2_2,CHF,A,2018,32.136,6,A,3
CH1.COU:DF_COU_HEALTH_FINANCING(1.0.0),Q_5_3,F_2_2,CHF,A,2019,38.684,6,A,3
CH1.COU:DF_COU_HEALTH_FINANCING(1.0.0),Q_5_3,F_2_2,CHF,A,2020,38.621,6,A,3
CH1.COU:DF_COU_HEALTH_FINANCING(1.0.0),Q_5_3,F_2_2,CHF,A,2021,41.927,6,A,3
CH1.COU:DF_COU_HEALTH_FINANCING(1.0.0),Q_5_3,F_2_2,CHF,A,2022,36.306,6,A,3
CH1.COU:DF_COU_HEALTH_FINANCING(1.0.0),Q_5_3,F_2_2,CHF,A,2023,50.777,6,A,3
CH1.COU:DF_COU_HEALTH_FINANCING(1.0.0),Q_5_3,F_2_2,CHF,A,2024,50.429,6,P,3
CH1.COU:DF_COU_HEALTH_FINANCING(1.0.0),Q_6,F_2,CHF_R_POP_R_MH,A,2010,1.58,0,A,3
CH1.COU:DF_COU_HEALTH_FINANCING(1.0.0),Q_6,F_2,CHF_R_POP_R_MH,A,2015,0.33,0,A,3
CH1.COU:DF_COU_HEALTH_FINANCING(1.0.0),Q_6,F_2,CHF_R_POP_R_MH,A,2021,4.161,0,A,3
CH1.COU:DF_COU_HEALTH_FINANCING(1.0.0),Q_6,F_2,CHF_R_POP_R_MH,A,2022,13.508,0,A,3
CH1.COU:DF_COU_HEALTH_FINANCING(1.0.0),Q_6,F_2,CHF_R_POP_R_MH,A,2023,10.86,0,A,3
CH1.COU:DF_COU_HEALTH_FINANCING(1.0.0),_T,F_2_1,CHF,A,1995,10351.469,6,A,3
CH1.COU:DF_COU_HEALTH_FINANCING(1.0.0),_T,F_2_1,CHF,A,1996,11410.85,6,A,3
CH1.COU:DF_COU_HEALTH_FINANCING(1.0.0),_T,F_2_1,CHF,A,1997,11987.395,6,A,3
CH1.COU:DF_COU_HEALTH_FINANCING(1.0.0),_T,F_2_1,CHF,A,1998,12722.386,6,A,3
CH1.COU:DF_COU_HEALTH_FINANCING(1.0.0),_T,F_2_1,CHF,A,1999,13224.707,6,A,3
CH1.COU:DF_COU_HEALTH_FINANCING(1.0.0),_T,F_2_1,CHF,A,2000,13993.323,6,A,3
CH1.COU:DF_COU_HEALTH_FINANCING(1.0.0),_T,F_2_1,CHF,A,2001,14810.136,6,A,3
CH1.COU:DF_COU_HEALTH_FINANCING(1.0.0),_T,F_2_1,CHF,A,2002,15692.437,6,A,3
CH1.COU:DF_COU_HEALTH_FINANCING(1.0.0),_T,F_2_1,CHF,A,2003,16569.812,6,A,3
CH1.COU:DF_COU_HEALTH_FINANCING(1.0.0),_T,F_2_1,CHF,A,2004,17453.543,6,A,3
CH1.COU:DF_COU_HEALTH_FINANCING(1.0.0),_T,F_2_1,CHF,A,2005,18429.36,6,A,3
CH1.COU:DF_COU_HEALTH_FINANCING(1.0.0),_T,F_2_1,CHF,A,2006,18690.86,6,A,3
CH1.COU:DF_COU_HEALTH_FINANCING(1.0.0),_T,F_2_1,CHF,A,2007,19578.496,6,A,3
CH1.COU:DF_COU_HEALTH_FINANCING(1.0.0),_T,F_2_1,CHF,A,2008,20578.244,6,A,3
CH1.COU:DF_COU_HEALTH_FINANCING(1.0.0),_T,F_2_1,CHF,A,2009,21463.338,6,A,3
CH1.COU:DF_COU_HEALTH_FINANCING(1.0.0),_T,F_2_1,CHF,A,2010,22054.057,6,A,3
CH1.COU:DF_COU_HEALTH_FINANCING(1.0.0),_T,F_2_1,CHF,A,2011,23460.975,6,A,3
CH1.COU:DF_COU_HEALTH_FINANCING(1.0.0),_T,F_2_1,CHF,A,2012,25819.84,6,A,3
CH1.COU:DF_COU_HEALTH_FINANCING(1.0.0),_T,F_2_1,CHF,A,2013,26366.799,6,A,3
CH1.COU:DF_COU_HEALTH_FINANCING(1.0.0),_T,F_2_1,CHF,A,2014,26376.719,6,A,3
CH1.COU:DF_COU_HEALTH_FINANCING(1.0.0),_T,F_2_1,CHF,A,2015,27355.045,6,A,3
CH1.COU:DF_COU_HEALTH_FINANCING(1.0.0),_T,F_2_1,CHF,A,2016,28860.955,6,A,3
CH1.COU:DF_COU_HEALTH_FINANCING(1.0.0),_T,F_2_1,CHF,A,2017,30311.238,6,A,3
CH1.COU:DF_COU_HEALTH_FINANCING(1.0.0),_T,F_2_1,CHF,A,2018,31528.613,6,A,3
CH1.COU:DF_COU_HEALTH_FINANCING(1.0.0),_T,F_2_1,CHF,A,2019,32109.184,6,A,3
CH1.COU:DF_COU_HEALTH_FINANCING(1.0.0),_T,F_2_1,CHF,A,2020,32578.967,6,A,3
CH1.COU:DF_COU_HEALTH_FINANCING(1.0.0),_T,F_2_1,CHF,A,2021,33275.125,6,A,3
CH1.COU:DF_COU_HEALTH_FINANCING(1.0.0),_T,F_2_1,CHF,A,2022,34538.09,6,A,3
CH1.COU:DF_COU_HEALTH_FINANCING(1.0.0),_T,F_2_1,CHF,A,2023,36561.816,6,A,3
CH1.COU:DF_COU_HEALTH_FINANCING(1.0.0),_T,F_2_1,CHF,A,2024,38516.055,6,P,3
CH1.COU:DF_COU_HEALTH_FINANCING(1.0.0),_T,F_3_1,CHF_R_POP_R_MH,A,1995,51.515,0,A,3
CH1.COU:DF_COU_HEALTH_FINANCING(1.0.0),_T,F_3_1,CHF_R_POP_R_MH,A,1996,54.787,0,A,3
CH1.COU:DF_COU_HEALTH_FINANCING(1.0.0),_T,F_3_1,CHF_R_POP_R_MH,A,1997,51.644,0,A,3
CH1.COU:DF_COU_HEALTH_FINANCING(1.0.0),_T,F_3_1,CHF_R_POP_R_MH,A,1998,52.865,0,A,3
CH1.COU:DF_COU_HEALTH_FINANCING(1.0.0),_T,F_3_1,CHF_R_POP_R_MH,A,1999,50.081,0,A,3
CH1.COU:DF_COU_HEALTH_FINANCING(1.0.0),_T,F_3_1,CHF_R_POP_R_MH,A,2000,52.183,0,A,3
CH1.COU:DF_COU_HEALTH_FINANCING(1.0.0),_T,F_3_1,CHF_R_POP_R_MH,A,2001,53.432,0,A,3
CH1.COU:DF_COU_HEALTH_FINANCING(1.0.0),_T,F_3_1,CHF_R_POP_R_MH,A,2002,51.89,0,A,3
CH1.COU:DF_COU_HEALTH_FINANCING(1.0.0),_T,F_3_1,CHF_R_POP_R_MH,A,2003,52.593,0,A,3
CH1.COU:DF_COU_HEALTH_FINANCING(1.0.0),_T,F_3_1,CHF_R_POP_R_MH,A,2004,53.64,0,A,3
CH1.COU:DF_COU_HEALTH_FINANCING(1.0.0),_T,F_3_1,CHF_R_POP_R_MH,A,2005,58.429,0,A,3
CH1.COU:DF_COU_HEALTH_FINANCING(1.0.0),_T,F_3_1,CHF_R_POP_R_MH,A,2006,60.102,0,A,3
CH1.COU:DF_COU_HEALTH_FINANCING(1.0.0),_T,F_3_1,CHF_R_POP_R_MH,A,2007,63.225,0,A,3
CH1.COU:DF_COU_HEALTH_FINANCING(1.0.0),_T,F_3_1,CHF_R_POP_R_MH,A,2008,63.693,0,A,3
CH1.COU:DF_COU_HEALTH_FINANCING(1.0.0),_T,F_3_1,CHF_R_POP_R_MH,A,2009,64.513,0,A,3
CH1.COU:DF_COU_HEALTH_FINANCING(1.0.0),_T,F_3_1,CHF_R_POP_R_MH,A,2010,64.124,0,A,3
CH1.COU:DF_COU_HEALTH_FINANCING(1.0.0),_T,F_3_1,CHF_R_POP_R_MH,A,2011,66.461,0,A,3
CH1.COU:DF_COU_HEALTH_FINANCING(1.0.0),_T,F_3_1,CHF_R_POP_R_MH,A,2012,66.898,0,A,3
CH1.COU:DF_COU_HEALTH_FINANCING(1.0.0),_T,F_3_1,CHF_R_POP_R_MH,A,2013,67.104,0,A,3
CH1.COU:DF_COU_HEALTH_FINANCING(1.0.0),_T,F_3_1,CHF_R_POP_R_MH,A,2014,64.905,0,A,3
CH1.COU:DF_COU_HEALTH_FINANCING(1.0.0),_T,F_3_1,CHF_R_POP_R_MH,A,2015,65.078,0,A,3
CH1.COU:DF_COU_HEALTH_FINANCING(1.0.0),_T,F_3_1,CHF_R_POP_R_MH,A,2016,66.47,0,A,3
CH1.COU:DF_COU_HEALTH_FINANCING(1.0.0),_T,F_3_1,CHF_R_POP_R_MH,A,2017,67.549,0,A,3
CH1.COU:DF_COU_HEALTH_FINANCING(1.0.0),_T,F_3_1,CHF_R_POP_R_MH,A,2018,68.253,0,A,3
CH1.COU:DF_COU_HEALTH_FINANCING(1.0.0),_T,F_3_1,CHF_R_POP_R_MH,A,2019,66.98,0,A,3
CH1.COU:DF_COU_HEALTH_FINANCING(1.0.0),_T,F_3_1,CHF_R_POP_R_MH,A,2020,67.785,0,A,3
CH1.COU:DF_COU_HEALTH_FINANCING(1.0.0),_T,F_3_1,CHF_R_POP_R_MH,A,2021,67.858,0,A,3
CH1.COU:DF_COU_HEALTH_FINANCING(1.0.0),_T,F_3_1,CHF_R_POP_R_MH,A,2022,67.621,0,A,3
CH1.COU:DF_COU_HEALTH_FINANCING(1.0.0),_T,F_3_1,CHF_R_POP_R_MH,A,2023,68.04,0,A,3
CH1.COU:DF_COU_HEALTH_FINANCING(1.0.0),_T,F_3_1,CHF_R_POP_R_MH,A,2024,67.933,0,P,3
CH1.COU:DF_COU_HEALTH_FINANCING(1.0.0),_T,F_3_2,CHF,A,1995,255.14,6,A,3
CH1.COU:DF_COU_HEALTH_FINANCING(1.0.0),_T,F_3_2,CHF,A,1996,206.48,6,A,3
CH1.COU:DF_COU_HEALTH_FINANCING(1.0.0),_T,F_3_2,CHF,A,1997,253.546,6,A,3
CH1.COU:DF_COU_HEALTH_FINANCING(1.0.0),_T,F_3_2,CHF,A,1998,269.018,6,A,3
CH1.COU:DF_COU_HEALTH_FINANCING(1.0.0),_T,F_3_2,CHF,A,1999,312.294,6,A,3
CH1.COU:DF_COU_HEALTH_FINANCING(1.0.0),_T,F_3_2,CHF,A,2000,309.811,6,A,3
CH1.COU:DF_COU_HEALTH_FINANCING(1.0.0),_T,F_3_2,CHF,A,2001,315.867,6,A,3
CH1.COU:DF_COU_HEALTH_FINANCING(1.0.0),_T,F_3_2,CHF,A,2002,336.559,6,A,3
CH1.COU:DF_COU_HEALTH_FINANCING(1.0.0),_T,F_3_2,CHF,A,2003,316.441,6,A,3
CH1.COU:DF_COU_HEALTH_FINANCING(1.0.0),_T,F_3_2,CHF,A,2004,338.616,6,A,3
CH1.COU:DF_COU_HEALTH_FINANCING(1.0.0),_T,F_3_2,CHF,A,2005,185.56,6,A,3
CH1.COU:DF_COU_HEALTH_FINANCING(1.0.0),_T,F_3_2,CHF,A,2006,249.488,6,A,3
CH1.COU:DF_COU_HEALTH_FINANCING(1.0.0),_T,F_3_2,CHF,A,2007,232.313,6,A,3
CH1.COU:DF_COU_HEALTH_FINANCING(1.0.0),_T,F_3_2,CHF,A,2008,238.361,6,A,3
CH1.COU:DF_COU_HEALTH_FINANCING(1.0.0),_T,F_3_2,CHF,A,2009,237.637,6,A,3
CH1.COU:DF_COU_HEALTH_FINANCING(1.0.0),_T,F_3_2,CHF,A,2010,571.07,6,A,3
CH1.COU:DF_COU_HEALTH_FINANCING(1.0.0),_T,F_3_2,CHF,A,2011,590.67,6,A,3
CH1.COU:DF_COU_HEALTH_FINANCING(1.0.0),_T,F_3_2,CHF,A,2012,560.807,6,A,3
CH1.COU:DF_COU_HEALTH_FINANCING(1.0.0),_T,F_3_2,CHF,A,2013,713.237,6,A,3
CH1.COU:DF_COU_HEALTH_FINANCING(1.0.0),_T,F_3_2,CHF,A,2014,634.692,6,A,3
CH1.COU:DF_COU_HEALTH_FINANCING(1.0.0),_T,F_3_2,CHF,A,2015,688.014,6,A,3
CH1.COU:DF_COU_HEALTH_FINANCING(1.0.0),_T,F_3_2,CHF,A,2016,663.148,6,A,3
CH1.COU:DF_COU_HEALTH_FINANCING(1.0.0),_T,F_3_2,CHF,A,2017,691.236,6,A,3
CH1.COU:DF_COU_HEALTH_FINANCING(1.0.0),_T,F_3_2,CHF,A,2018,721.292,6,A,3
CH1.COU:DF_COU_HEALTH_FINANCING(1.0.0),_T,F_3_2,CHF,A,2019,637.92,6,A,3
CH1.COU:DF_COU_HEALTH_FINANCING(1.0.0),_T,F_3_2,CHF,A,2020,689.407,6,A,3
CH1.COU:DF_COU_HEALTH_FINANCING(1.0.0),_T,F_3_2,CHF,A,2021,717.943,6,A,3
CH1.COU:DF_COU_HEALTH_FINANCING(1.0.0),_T,F_3_2,CHF,A,2022,752.452,6,A,3
CH1.COU:DF_COU_HEALTH_FINANCING(1.0.0),_T,F_3_2,CHF,A,2023,800.007,6,A,3
CH1.COU:DF_COU_HEALTH_FINANCING(1.0.0),_T,F_3_2,CHF,A,2024,749.783,6,P,3
CH1.COU:DF_COU_HEALTH_FINANCING(1.0.0),Q_1,F_2_2,CHF_R_POP_R_MH,A,1995,4.23,0,A,3
CH1.COU:DF_COU_HEALTH_FINANCING(1.0.0),Q_1,F_2_2,CHF_R_POP_R_MH,A,1996,4.445,0,A,3
CH1.COU:DF_COU_HEALTH_FINANCING(1.0.0),Q_1,F_2_2,CHF_R_POP_R_MH,A,1997,4.702,0,A,3
CH1.COU:DF_COU_HEALTH_FINANCING(1.0.0),Q_1,F_2_2,CHF_R_POP_R_MH,A,1998,4.724,0,A,3
CH1.COU:DF_COU_HEALTH_FINANCING(1.0.0),Q_1,F_2_2,CHF_R_POP_R_MH,A,1999,4.841,0,A,3
CH1.COU:DF_COU_HEALTH_FINANCING(1.0.0),Q_1,F_2_2,CHF_R_POP_R_MH,A,2000,4.841,0,A,3
CH1.COU:DF_COU_HEALTH_FINANCING(1.0.0),Q_1,F_2_2,CHF_R_POP_R_MH,A,2001,5.206,0,A,3
CH1.COU:DF_COU_HEALTH_FINANCING(1.0.0),Q_1,F_2_2,CHF_R_POP_R_MH,A,2002,5.32,0,A,3
CH1.COU:DF_COU_HEALTH_FINANCING(1.0.0),Q_1,F_2_2,CHF_R_POP_R_MH,A,2003,5.431,0,A,3
CH1.COU:DF_COU_HEALTH_FINANCING(1.0.0),Q_1,F_2_2,CHF_R_POP_R_MH,A,2004,5.456,0,A,3
CH1.COU:DF_COU_HEALTH_FINANCING(1.0.0),Q_1,F_2_2,CHF_R_POP_R_MH,A,2005,5.658,0,A,3
CH1.COU:DF_COU_HEALTH_FINANCING(1.0.0),Q_1,F_2_2,CHF_R_POP_R_MH,A,2006,5.684,0,A,3
CH1.COU:DF_COU_HEALTH_FINANCING(1.0.0),Q_1,F_2_2,CHF_R_POP_R_MH,A,2007,5.87,0,A,3
CH1.COU:DF_COU_HEALTH_FINANCING(1.0.0),Q_1,F_2_2,CHF_R_POP_R_MH,A,2008,5.324,0,A,3
CH1.COU:DF_COU_HEALTH_FINANCING(1.0.0),Q_1,F_2_2,CHF_R_POP_R_MH,A,2009,2.814,0,A,3
CH1.COU:DF_COU_HEALTH_FINANCING(1.0.0),Q_1,F_2_2,CHF_R_POP_R_MH,A,2010,5.3,0,A,3
CH1.COU:DF_COU_HEALTH_FINANCING(1.0.0),Q_1,F_2_2,CHF_R_POP_R_MH,A,2011,5.67,0,A,3
CH1.COU:DF_COU_HEALTH_FINANCING(1.0.0),Q_1,F_2_2,CHF_R_POP_R_MH,A,2012,5.763,0,A,3
CH1.COU:DF_COU_HEALTH_FINANCING(1.0.0),Q_1,F_2_2,CHF_R_POP_R_MH,A,2013,5.811,0,A,3
CH1.COU:DF_COU_HEALTH_FINANCING(1.0.0),Q_1,F_2_2,CHF_R_POP_R_MH,A,2014,5.787,0,A,3
CH1.COU:DF_COU_HEALTH_FINANCING(1.0.0),Q_1,F_2_2,CHF_R_POP_R_MH,A,2015,5.834,0,A,3
CH1.COU:DF_COU_HEALTH_FINANCING(1.0.0),Q_1,F_2_2,CHF_R_POP_R_MH,A,2016,5.9,0,A,3
CH1.COU:DF_COU_HEALTH_FINANCING(1.0.0),Q_1,F_2_2,CHF_R_POP_R_MH,A,2017,5.996,0,A,3
CH1.COU:DF_COU_HEALTH_FINANCING(1.0.0),Q_1,F_2_2,CHF_R_POP_R_MH,A,2018,6.02,0,A,3
CH1.COU:DF_COU_HEALTH_FINANCING(1.0.0),Q_1,F_2_2,CHF_R_POP_R_MH,A,2019,6.279,0,A,3
CH1.COU:DF_COU_HEALTH_FINANCING(1.0.0),Q_1,F_2_2,CHF_R_POP_R_MH,A,2020,6.223,0,A,3
CH1.COU:DF_COU_HEALTH_FINANCING(1.0.0),Q_1,F_2_2,CHF_R_POP_R_MH,A,2021,6.037,0,A,3
CH1.COU:DF_COU_HEALTH_FINANCING(1.0.0),Q_1,F_2_2,CHF_R_POP_R_MH,A,2022,6.083,0,A,3
CH1.COU:DF_COU_HEALTH_FINANCING(1.0.0),Q_1,F_2_2,CHF_R_POP_R_MH,A,2023,6.397,0,A,3
CH1.COU:DF_COU_HEALTH_FINANCING(1.0.0),Q_1,F_2_2,CHF_R_POP_R_MH,A,2024,6.743,0,P,3
CH1.COU:DF_COU_HEALTH_FINANCING(1.0.0),Q_2,F_2,CHF_R_POP_R_MH,A,1995,12.621,0,A,3
CH1.COU:DF_COU_HEALTH_FINANCING(1.0.0),Q_2,F_2,CHF_R_POP_R_MH,A,1996,14.333,0,A,3
CH1.COU:DF_COU_HEALTH_FINANCING(1.0.0),Q_2,F_2,CHF_R_POP_R_MH,A,1997,15.701,0,A,3
CH1.COU:DF_COU_HEALTH_FINANCING(1.0.0),Q_2,F_2,CHF_R_POP_R_MH,A,1998,17.032,0,A,3
CH1.COU:DF_COU_HEALTH_FINANCING(1.0.0),Q_2,F_2,CHF_R_POP_R_MH,A,1999,18.5,0,A,3
CH1.COU:DF_COU_HEALTH_FINANCING(1.0.0),Q_2,F_2,CHF_R_POP_R_MH,A,2000,18.375,0,A,3
CH1.COU:DF_COU_HEALTH_FINANCING(1.0.0),Q_2,F_2,CHF_R_POP_R_MH,A,2001,19.143,0,A,3
CH1.COU:DF_COU_HEALTH_FINANCING(1.0.0),Q_2,F_2,CHF_R_POP_R_MH,A,2002,20.501,0,A,3
CH1.COU:DF_COU_HEALTH_FINANCING(1.0.0),Q_2,F_2,CHF_R_POP_R_MH,A,2003,21.036,0,A,3
CH1.COU:DF_COU_HEALTH_FINANCING(1.0.0),Q_2,F_2,CHF_R_POP_R_MH,A,2004,21.474,0,A,3
CH1.COU:DF_COU_HEALTH_FINANCING(1.0.0),Q_2,F_2,CHF_R_POP_R_MH,A,2005,21.803,0,A,3
CH1.COU:DF_COU_HEALTH_FINANCING(1.0.0),Q_2,F_2,CHF_R_POP_R_MH,A,2006,22.138,0,A,3
CH1.COU:DF_COU_HEALTH_FINANCING(1.0.0),Q_2,F_2,CHF_R_POP_R_MH,A,2007,23.41,0,A,3
CH1.COU:DF_COU_HEALTH_FINANCING(1.0.0),Q_2,F_2,CHF_R_POP_R_MH,A,2008,32.297,0,A,3
CH1.COU:DF_COU_HEALTH_FINANCING(1.0.0),Q_2,F_2,CHF_R_POP_R_MH,A,2009,34.109,0,A,3
CH1.COU:DF_COU_HEALTH_FINANCING(1.0.0),Q_2,F_2,CHF_R_POP_R_MH,A,2010,42.117,0,A,3
CH1.COU:DF_COU_HEALTH_FINANCING(1.0.0),Q_2,F_2,CHF_R_POP_R_MH,A,2011,41.95,0,A,3
CH1.COU:DF_COU_HEALTH_FINANCING(1.0.0),Q_2,F_2,CHF_R_POP_R_MH,A,2012,40.82,0,A,3
CH1.COU:DF_COU_HEALTH_FINANCING(1.0.0),Q_2,F_2,CHF_R_POP_R_MH,A,2013,40.739,0,A,3
CH1.COU:DF_COU_HEALTH_FINANCING(1.0.0),Q_2,F_2,CHF_R_POP_R_MH,A,2014,40.123,0,A,3
CH1.COU:DF_COU_HEALTH_FINANCING(1.0.0),Q_2,F_2,CHF_R_POP_R_MH,A,2015,40.099,0,A,3
CH1.COU:DF_COU_HEALTH_FINANCING(1.0.0),Q_2,F_2,CHF_R_POP_R_MH,A,2016,40.931,0,A,3
CH1.COU:DF_COU_HEALTH_FINANCING(1.0.0),Q_2,F_2,CHF_R_POP_R_MH,A,2017,40.796,0,A,3
CH1.COU:DF_COU_HEALTH_FINANCING(1.0.0),Q_2,F_2,CHF_R_POP_R_MH,A,2018,41.81,0,A,3
CH1.COU:DF_COU_HEALTH_FINANCING(1.0.0),Q_2,F_2,CHF_R_POP_R_MH,A,2019,43.643,0,A,3
CH1.COU:DF_COU_HEALTH_FINANCING(1.0.0),Q_2,F_2,CHF_R_POP_R_MH,A,2020,48.147,0,A,3
CH1.COU:DF_COU_HEALTH_FINANCING(1.0.0),Q_2,F_2,CHF_R_POP_R_MH,A,2021,46.54,0,A,3
CH1.COU:DF_COU_HEALTH_FINANCING(1.0.0),Q_2,F_2,CHF_R_POP_R_MH,A,2022,45.15,0,A,3
CH1.COU:DF_COU_HEALTH_FINANCING(1.0.0),Q_2,F_2,CHF_R_POP_R_MH,A,2023,49.112,0,A,3
CH1.COU:DF_COU_HEALTH_FINANCING(1.0.0),Q_2,F_2,CHF_R_POP_R_MH,A,2024,52.903,0,P,3
CH1.COU:DF_COU_HEALTH_FINANCING(1.0.0),Q_2,F_2_6,CHF,A,1995,609.788,6,A,3
CH1.COU:DF_COU_HEALTH_FINANCING(1.0.0),Q_2,F_2_6,CHF,A,1996,567.711,6,A,3
CH1.COU:DF_COU_HEALTH_FINANCING(1.0.0),Q_2,F_2_6,CHF,A,1997,551.147,6,A,3
CH1.COU:DF_COU_HEALTH_FINANCING(1.0.0),Q_2,F_2_6,CHF,A,1998,552.281,6,A,3
CH1.COU:DF_COU_HEALTH_FINANCING(1.0.0),Q_2,F_2_6,CHF,A,1999,552.443,6,A,3
CH1.COU:DF_COU_HEALTH_FINANCING(1.0.0),Q_2,F_2_6,CHF,A,2000,536.173,6,A,3
CH1.COU:DF_COU_HEALTH_FINANCING(1.0.0),Q_2,F_2_6,CHF,A,2001,536.281,6,A,3
CH1.COU:DF_COU_HEALTH_FINANCING(1.0.0),Q_2,F_2_6,CHF,A,2002,565.933,6,A,3
CH1.COU:DF_COU_HEALTH_FINANCING(1.0.0),Q_2,F_2_6,CHF,A,2003,575.998,6,A,3
CH1.COU:DF_COU_HEALTH_FINANCING(1.0.0),Q_2,F_2_6,CHF,A,2004,591.029,6,A,3
CH1.COU:DF_COU_HEALTH_FINANCING(1.0.0),Q_2,F_2_6,CHF,A,2005,595.366,6,A,3
CH1.COU:DF_COU_HEALTH_FINANCING(1.0.0),Q_2,F_2_6,CHF,A,2006,595.065,6,A,3
CH1.COU:DF_COU_HEALTH_FINANCING(1.0.0),Q_2,F_2_6,CHF,A,2007,635.681,6,A,3
CH1.COU:DF_COU_HEALTH_FINANCING(1.0.0),Q_2,F_2_6,CHF,A,2008,897.729,6,A,3
CH1.COU:DF_COU_HEALTH_FINANCING(1.0.0),Q_2,F_2_6,CHF,A,2009,964.143,6,A,3
CH1.COU:DF_COU_HEALTH_FINANCING(1.0.0),Q_2,F_2_6,CHF,A,2010,1383.978,6,A,3
CH1.COU:DF_COU_HEALTH_FINANCING(1.0.0),Q_2,F_2_6,CHF,A,2011,1436.446,6,A,3
CH1.COU:DF_COU_HEALTH_FINANCING(1.0.0),Q_2,F_2_6,CHF,A,2012,1477.489,6,A,3
CH1.COU:DF_COU_HEALTH_FINANCING(1.0.0),Q_2,F_2_6,CHF,A,2013,1513.022,6,A,3
CH1.COU:DF_COU_HEALTH_FINANCING(1.0.0),Q_2,F_2_6,CHF,A,2014,1566,6,A,3
CH1.COU:DF_COU_HEALTH_FINANCING(1.0.0),Q_2,F_2_6,CHF,A,2015,1598.085,6,A,3
CH1.COU:DF_COU_HEALTH_FINANCING(1.0.0),Q_2,F_2_6,CHF,A,2016,1634.91,6,A,3
CH1.COU:DF_COU_HEALTH_FINANCING(1.0.0),Q_2,F_2_6,CHF,A,2017,1639.16,6,A,3
CH1.COU:DF_COU_HEALTH_FINANCING(1.0.0),Q_2,F_2_6,CHF,A,2018,1645.688,6,A,3
CH1.COU:DF_COU_HEALTH_FINANCING(1.0.0),Q_2,F_2_6,CHF,A,2019,1689.212,6,A,3
CH1.COU:DF_COU_HEALTH_FINANCING(1.0.0),Q_2,F_2_6,CHF,A,2020,1709.653,6,A,3
CH1.COU:DF_COU_HEALTH_FINANCING(1.0.0),Q_2,F_2_6,CHF,A,2021,1614.484,6,A,3
CH1.COU:DF_COU_HEALTH_FINANCING(1.0.0),Q_2,F_2_6,CHF,A,2022,1593.373,6,A,3
CH1.COU:DF_COU_HEALTH_FINANCING(1.0.0),Q_2,F_2_6,CHF,A,2023,1655.775,6,A,3
CH1.COU:DF_COU_HEALTH_FINANCING(1.0.0),Q_2,F_2_6,CHF,A,2024,1742.178,6,P,3
CH1.COU:DF_COU_HEALTH_FINANCING(1.0.0),Q_3,F_1_3,CHF,A,1995,686.906,6,A,3
CH1.COU:DF_COU_HEALTH_FINANCING(1.0.0),Q_3,F_1_3,CHF,A,1996,720.572,6,A,3
CH1.COU:DF_COU_HEALTH_FINANCING(1.0.0),Q_3,F_1_3,CHF,A,1997,737.401,6,A,3
CH1.COU:DF_COU_HEALTH_FINANCING(1.0.0),Q_3,F_1_3,CHF,A,1998,790.823,6,A,3
CH1.COU:DF_COU_HEALTH_FINANCING(1.0.0),Q_3,F_1_3,CHF,A,1999,797.077,6,A,3
CH1.COU:DF_COU_HEALTH_FINANCING(1.0.0),Q_3,F_1_3,CHF,A,2000,813.591,6,A,3
CH1.COU:DF_COU_HEALTH_FINANCING(1.0.0),Q_3,F_1_3,CHF,A,2001,956.378,6,A,3
CH1.COU:DF_COU_HEALTH_FINANCING(1.0.0),Q_3,F_1_3,CHF,A,2002,967.76,6,A,3
CH1.COU:DF_COU_HEALTH_FINANCING(1.0.0),Q_3,F_1_3,CHF,A,2003,926.827,6,A,3
CH1.COU:DF_COU_HEALTH_FINANCING(1.0.0),Q_3,F_1_3,CHF,A,2004,933.527,6,A,3
CH1.COU:DF_COU_HEALTH_FINANCING(1.0.0),Q_3,F_1_3,CHF,A,2005,799.151,6,A,3
CH1.COU:DF_COU_HEALTH_FINANCING(1.0.0),Q_3,F_1_3,CHF,A,2006,604.053,6,A,3
CH1.COU:DF_COU_HEALTH_FINANCING(1.0.0),Q_3,F_1_3,CHF,A,2007,683.881,6,A,3
CH1.COU:DF_COU_HEALTH_FINANCING(1.0.0),Q_3,F_1_3,CHF,A,2008,1054.986,6,A,3
CH1.COU:DF_COU_HEALTH_FINANCING(1.0.0),Q_3,F_1_3,CHF,A,2009,1108.893,6,A,3
CH1.COU:DF_COU_HEALTH_FINANCING(1.0.0),Q_3,F_1_3,CHF,A,2010,1584.487,6,A,3
CH1.COU:DF_COU_HEALTH_FINANCING(1.0.0),Q_3,F_1_3,CHF,A,2011,1853.976,6,A,3
CH1.COU:DF_COU_HEALTH_FINANCING(1.0.0),Q_3,F_1_3,CHF,A,2012,1948.648,6,A,3
CH1.COU:DF_COU_HEALTH_FINANCING(1.0.0),Q_3,F_1_3,CHF,A,2013,2085.644,6,A,3
CH1.COU:DF_COU_HEALTH_FINANCING(1.0.0),Q_3,F_1_3,CHF,A,2014,1960.468,6,A,3
CH1.COU:DF_COU_HEALTH_FINANCING(1.0.0),Q_3,F_1_3,CHF,A,2015,2156.272,6,A,3
CH1.COU:DF_COU_HEALTH_FINANCING(1.0.0),Q_3,F_1_3,CHF,A,2016,2227.666,6,A,3
CH1.COU:DF_COU_HEALTH_FINANCING(1.0.0),Q_3,F_1_3,CHF,A,2017,2248.202,6,A,3
CH1.COU:DF_COU_HEALTH_FINANCING(1.0.0),Q_3,F_1_3,CHF,A,2018,2332.016,6,A,3
CH1.COU:DF_COU_HEALTH_FINANCING(1.0.0),Q_3,F_1_3,CHF,A,2019,2626.221,6,A,3
CH1.COU:DF_COU_HEALTH_FINANCING(1.0.0),Q_3,F_1_3,CHF,A,2020,2698.07,6,A,3
CH1.COU:DF_COU_HEALTH_FINANCING(1.0.0),Q_3,F_1_3,CHF,A,2021,2769.458,6,A,3
CH1.COU:DF_COU_HEALTH_FINANCING(1.0.0),Q_3,F_1_3,CHF,A,2022,2890.047,6,A,3
CH1.COU:DF_COU_HEALTH_FINANCING(1.0.0),Q_3,F_1_3,CHF,A,2023,3171.117,6,A,3
CH1.COU:DF_COU_HEALTH_FINANCING(1.0.0),Q_3,F_1_3,CHF,A,2024,3255.058,6,P,3
CH1.COU:DF_COU_HEALTH_FINANCING(1.0.0),Q_5_4,F_2_4,CHF,A,2010,60.085,6,A,3
CH1.COU:DF_COU_HEALTH_FINANCING(1.0.0),Q_5_4,F_2_4,CHF,A,2011,57.069,6,A,3
CH1.COU:DF_COU_HEALTH_FINANCING(1.0.0),Q_5_4,F_2_4,CHF,A,2012,51.722,6,A,3
CH1.COU:DF_COU_HEALTH_FINANCING(1.0.0),Q_5_4,F_2_4,CHF,A,2013,55.562,6,A,3
CH1.COU:DF_COU_HEALTH_FINANCING(1.0.0),Q_5_4,F_2_4,CHF,A,2014,59.26,6,A,3
CH1.COU:DF_COU_HEALTH_FINANCING(1.0.0),Q_5_4,F_2_4,CHF,A,2015,59.219,6,A,3
CH1.COU:DF_COU_HEALTH_FINANCING(1.0.0),Q_5_4,F_2_4,CHF,A,2016,67.093,6,A,3
CH1.COU:DF_COU_HEALTH_FINANCING(1.0.0),Q_5_4,F_2_4,CHF,A,2017,68.314,6,A,3
CH1.COU:DF_COU_HEALTH_FINANCING(1.0.0),Q_5_4,F_2_4,CHF,A,2018,63.888,6,A,3
CH1.COU:DF_COU_HEALTH_FINANCING(1.0.0),Q_5_4,F_2_4,CHF,A,2019,57.752,6,A,3
CH1.COU:DF_COU_HEALTH_FINANCING(1.0.0),Q_5_4,F_2_4,CHF,A,2020,61.924,6,A,3
CH1.COU:DF_COU_HEALTH_FINANCING(1.0.0),Q_5_4,F_2_4,CHF,A,2021,70.803,6,A,3
CH1.COU:DF_COU_HEALTH_FINANCING(1.0.0),Q_5_4,F_2_4,CHF,A,2022,60.948,6,A,3
CH1.COU:DF_COU_HEALTH_FINANCING(1.0.0),Q_5_4,F_2_4,CHF,A,2023,57.316,6,A,3
CH1.COU:DF_COU_HEALTH_FINANCING(1.0.0),Q_5_4,F_2_4,CHF,A,2024,56.413,6,P,3
CH1.COU:DF_COU_HEALTH_FINANCING(1.0.0),Q_5_4,_T,CHF,A,2010,60.085,6,A,3
CH1.COU:DF_COU_HEALTH_FINANCING(1.0.0),Q_5_4,_T,CHF,A,2011,57.069,6,A,3
CH1.COU:DF_COU_HEALTH_FINANCING(1.0.0),Q_5_4,_T,CHF,A,2012,51.722,6,A,3
CH1.COU:DF_COU_HEALTH_FINANCING(1.0.0),Q_5_4,_T,CHF,A,2013,55.562,6,A,3
CH1.COU:DF_COU_HEALTH_FINANCING(1.0.0),Q_5_4,_T,CHF,A,2014,59.26,6,A,3
CH1.COU:DF_COU_HEALTH_FINANCING(1.0.0),Q_5_4,_T,CHF,A,2015,59.219,6,A,3
CH1.COU:DF_COU_HEALTH_FINANCING(1.0.0),Q_5_4,_T,CHF,A,2016,67.093,6,A,3
CH1.COU:DF_COU_HEALTH_FINANCING(1.0.0),Q_5_4,_T,CHF,A,2017,68.314,6,A,3
CH1.COU:DF_COU_HEALTH_FINANCING(1.0.0),Q_5_4,_T,CHF,A,2018,63.888,6,A,3
CH1.COU:DF_COU_HEALTH_FINANCING(1.0.0),Q_5_4,_T,CHF,A,2019,57.752,6,A,3
CH1.COU:DF_COU_HEALTH_FINANCING(1.0.0),Q_5_4,_T,CHF,A,2020,61.924,6,A,3
CH1.COU:DF_COU_HEALTH_FINANCING(1.0.0),Q_5_4,_T,CHF,A,2021,70.803,6,A,3
CH1.COU:DF_COU_HEALTH_FINANCING(1.0.0),Q_5_4,_T,CHF,A,2022,60.948,6,A,3
CH1.COU:DF_COU_HEALTH_FINANCING(1.0.0),Q_5_4,_T,CHF,A,2023,57.316,6,A,3
CH1.COU:DF_COU_HEALTH_FINANCING(1.0.0),Q_5_4,_T,CHF,A,2024,56.413,6,P,3
